Senior Citizen,Partner,Tenure,Phone Service,Multiple Lines,Online Security,Online Backup,Device Protection,Tech Support,Streaming TV,Streaming Movies,Paperless Billing,Monthly Charges,Total Charges,Churn,Age,Married,Number of Dependents,CLTV,Population,Internet Service_Fiber optic,Internet Service_No,Contract_One year,Contract_Two year,Payment Method_Credit card (automatic),Payment Method_Electronic check,Payment Method_Mailed check
0,1,1,0,0,0,1,0,0,0,0,1,29.85,29.85,0,36,1,0,3964,54492,False,False,False,False,False,True,False
0,0,34,1,0,1,0,1,0,0,0,0,56.95,1889.5,0,46,0,0,3441,44586,False,False,True,False,False,False,True
0,0,2,1,0,1,1,0,0,0,0,1,53.85,108.15,1,37,0,0,3239,58198,False,False,False,False,False,False,True
0,0,45,0,0,1,0,1,1,0,0,0,42.3,1840.75,0,53,0,0,4307,67852,False,False,True,False,False,False,False
0,0,2,1,0,0,0,0,0,0,0,1,70.7,151.65,1,19,0,2,2701,43019,True,False,False,False,False,True,False
0,0,8,1,1,0,0,1,0,1,1,1,99.65,820.5,1,31,0,2,5372,62784,True,False,False,False,False,True,False
0,0,22,1,1,0,1,0,0,1,0,1,89.1,1949.4,0,42,0,3,4459,45025,True,False,False,False,True,False,False
0,0,10,0,0,1,0,0,0,0,0,0,29.75,301.9,0,42,0,0,2013,30852,False,False,False,False,False,False,True
0,1,28,1,1,0,0,1,1,1,1,1,104.8,3046.05,1,23,1,3,5003,1957,True,False,False,False,False,True,False
0,0,62,1,0,1,1,0,0,0,0,0,56.15,3487.95,0,48,0,0,4529,101215,False,False,True,False,False,False,False
0,1,13,1,0,1,0,0,0,0,0,1,49.95,587.45,0,37,1,2,5764,30596,False,False,False,False,False,False,True
0,0,16,1,0,0,0,0,0,0,0,0,18.95,326.8,0,21,0,0,4726,9732,False,True,False,True,True,False,False
0,1,58,1,1,0,0,1,0,1,1,0,100.35,5681.1,0,39,1,0,6432,3524,True,False,True,False,True,False,False
0,0,49,1,1,0,1,1,0,1,1,1,103.7,5036.3,1,38,0,1,5340,15140,True,False,False,False,False,False,False
0,0,25,1,0,1,0,1,1,1,1,1,105.5,2686.05,0,27,0,0,5822,46984,True,False,False,False,False,True,False
0,1,69,1,1,1,1,1,1,1,1,0,113.25,7895.15,0,48,1,0,5141,20692,True,False,False,True,True,False,False
0,0,52,1,0,0,0,0,0,0,0,0,20.65,1022.95,0,57,0,0,5186,47143,False,True,True,False,False,False,True
0,0,71,1,1,1,0,1,0,1,1,0,106.7,7382.25,0,61,0,0,4479,67520,True,False,False,True,False,False,False
0,1,10,1,0,0,0,1,1,0,0,0,55.2,528.35,1,21,1,0,5925,4258,False,False,False,False,True,False,False
0,0,21,1,0,0,1,1,0,0,1,1,90.05,1862.9,0,30,0,0,5982,3012,True,False,False,False,False,True,False
1,0,1,0,0,0,0,1,0,0,1,1,39.65,39.65,1,78,0,0,5433,68701,False,False,False,False,False,True,False
0,1,12,1,0,0,0,0,0,0,0,0,19.8,202.25,0,45,1,0,5279,47487,False,True,True,False,False,False,False
0,0,1,1,0,0,0,0,0,0,0,0,20.15,20.15,1,29,0,0,4832,44150,False,True,False,False,False,False,True
0,1,58,1,1,0,1,0,1,0,0,1,59.9,3505.1,0,25,1,0,6407,41175,False,False,False,True,True,False,False
0,1,49,1,0,1,1,0,1,0,0,0,59.6,2970.3,0,42,1,2,4986,73686,False,False,False,False,True,False,False
0,0,30,1,0,1,1,0,0,0,0,1,55.3,1530.6,0,25,0,0,2725,48727,False,False,False,False,False,False,False
0,1,47,1,1,0,1,0,0,1,1,1,99.35,4749.15,1,61,1,1,5789,30568,True,False,False,False,False,True,False
0,1,1,0,0,0,1,0,0,0,0,0,30.2,30.2,1,27,1,0,2915,41713,False,False,False,False,False,True,False
0,1,72,1,1,1,1,1,1,1,1,1,90.25,6369.45,0,36,1,0,5974,38415,False,False,False,True,True,False,False
0,0,17,1,0,0,0,0,0,1,1,1,64.7,1093.1,1,20,0,0,3022,46960,False,False,False,False,False,False,True
1,1,71,1,1,1,1,1,1,0,0,1,96.35,6766.95,0,69,1,0,5309,49431,True,False,False,True,True,False,False
1,1,2,1,0,0,0,1,0,1,1,1,95.5,181.65,0,79,1,0,4449,58218,True,False,False,False,True,False,False
0,1,27,1,0,1,1,1,1,0,0,0,66.15,1874.45,0,46,1,0,3213,27799,False,False,True,False,False,False,True
0,0,1,1,0,0,0,0,0,0,0,0,20.2,20.2,0,35,0,0,5526,32901,False,True,False,False,False,False,False
1,0,1,1,0,0,0,0,0,0,0,0,45.25,45.25,0,71,0,0,3144,56709,False,False,False,False,False,False,False
0,1,72,1,1,1,1,0,1,1,0,0,99.9,7251.7,0,60,1,0,5915,32562,True,False,False,True,False,False,False
0,0,5,1,0,0,0,0,0,0,0,1,69.7,316.9,1,56,0,3,2454,29310,True,False,False,False,False,True,False
0,0,46,1,0,0,0,1,0,0,0,1,74.8,3548.3,0,19,0,0,3395,9805,True,False,False,False,True,False,False
0,0,34,1,1,0,1,1,0,1,1,1,106.35,3549.25,1,51,0,1,2941,27866,True,False,False,False,False,True,False
0,0,11,1,1,0,0,1,0,1,1,1,97.85,1105.4,1,48,0,2,5674,64672,True,False,False,False,False,False,False
0,1,10,1,0,0,1,0,0,0,0,0,49.55,475.7,0,53,1,0,2392,44764,False,False,True,False,False,False,True
0,1,70,1,1,1,1,0,0,1,0,1,69.2,4872.35,0,52,1,0,4715,87383,False,False,False,True,True,False,False
0,1,17,1,0,0,0,0,0,0,0,0,20.75,418.25,0,28,1,0,3646,39334,False,True,True,False,False,False,True
0,0,63,1,1,1,1,1,1,1,0,1,79.85,4861.45,0,36,0,0,4595,49839,False,False,False,True,True,False,False
0,1,13,1,1,1,1,0,1,1,0,1,76.2,981.45,0,42,1,0,2569,47107,False,False,False,False,False,True,False
0,0,49,1,1,0,0,0,0,0,1,1,84.5,3906.7,0,49,0,0,6434,21739,True,False,False,False,False,True,False
0,0,2,1,0,0,1,0,0,0,0,0,49.25,97.0,0,22,0,0,3805,33523,False,False,False,False,False,False,True
0,0,2,1,0,0,0,0,0,1,0,1,80.65,144.15,1,32,0,2,5586,8115,True,False,False,False,False,True,False
0,0,52,1,1,1,0,0,1,1,1,1,79.75,4217.8,0,23,0,0,4142,44004,False,False,False,True,True,False,False
0,1,69,1,1,1,0,1,1,0,0,1,64.15,4254.1,0,64,1,0,5128,3642,False,False,False,True,True,False,False
1,0,43,1,1,0,1,0,0,1,0,1,90.25,3838.75,0,65,0,0,2223,38128,True,False,False,False,False,True,False
0,0,15,1,0,1,1,0,0,1,1,1,99.1,1426.4,1,34,0,1,2966,24511,True,False,False,False,True,False,False
1,1,25,1,1,1,0,0,1,1,0,1,69.5,1752.65,0,65,1,0,3154,29299,False,False,False,False,True,False,False
1,1,8,1,1,0,1,0,0,0,0,1,80.65,633.3,1,74,1,1,5302,55668,True,False,False,False,True,False,False
1,1,60,1,0,1,1,1,1,0,1,1,74.85,4456.35,0,72,1,0,5153,24505,False,False,True,False,True,False,False
1,0,18,1,1,0,0,0,0,1,1,1,95.45,1752.55,1,71,0,3,3179,47534,True,False,False,False,False,True,False
0,1,63,1,1,1,0,0,0,1,1,1,99.65,6311.2,0,44,1,0,4572,55204,True,False,True,False,True,False,False
1,1,66,1,1,0,1,1,1,1,1,1,108.45,7076.35,0,77,1,0,4582,2527,True,False,True,False,False,True,False
0,1,34,1,1,0,0,0,0,0,0,0,24.95,894.3,0,61,1,0,5408,21728,False,True,False,True,True,False,False
0,0,72,1,1,0,0,1,1,1,1,1,107.5,7853.7,0,40,0,0,4708,20408,True,False,False,True,True,False,False
0,1,47,1,1,0,0,1,0,1,1,1,100.5,4707.1,0,34,1,0,4488,21,True,False,False,False,False,True,False
0,0,60,1,1,0,1,0,0,1,0,1,89.9,5450.7,0,27,0,0,6292,10470,True,False,False,False,False,False,False
0,1,72,0,0,1,1,1,0,0,0,0,42.1,2962.0,0,36,1,0,6091,105285,False,False,False,True,False,False,False
0,1,18,1,0,0,0,1,1,0,0,1,54.4,957.1,0,43,1,0,4948,21397,False,False,True,False,True,False,False
0,0,9,1,1,0,0,0,0,1,1,0,94.4,857.25,1,41,0,2,5571,8321,True,False,False,False,False,True,False
0,0,3,1,0,0,1,0,1,1,1,1,75.3,244.1,0,53,0,0,5387,11355,False,False,False,False,False,True,False
0,1,47,1,1,0,1,0,0,0,0,1,78.9,3650.35,0,32,1,0,3817,47305,True,False,True,False,False,True,False
0,0,31,1,0,0,1,1,1,1,1,0,79.2,2497.2,0,61,0,0,4984,51387,False,False,False,True,False,False,True
0,1,50,1,0,0,0,0,0,0,0,0,20.15,930.9,0,37,1,0,5849,29825,False,True,False,True,False,False,False
0,0,10,1,0,1,0,1,0,0,0,1,79.85,887.35,0,29,0,0,5983,31963,True,False,False,False,False,False,True
0,0,1,1,0,0,0,0,1,0,0,0,49.05,49.05,0,39,0,0,3178,15195,False,False,False,False,False,False,True
0,1,52,1,0,0,0,0,0,0,0,1,20.4,1090.65,0,24,1,0,5482,24908,False,True,True,False,False,True,False
1,1,64,1,1,1,0,1,1,1,1,1,111.6,7099.0,0,71,1,0,4881,40152,True,False,False,True,False,False,False
0,1,62,1,1,0,0,0,0,0,0,1,24.25,1424.6,0,40,1,0,4444,42459,False,True,False,True,False,False,False
0,0,3,1,0,1,0,0,1,0,1,1,64.5,177.4,0,51,0,3,5613,16041,False,False,False,False,False,False,False
1,0,56,1,1,1,1,1,0,1,1,0,110.5,6139.5,0,73,0,0,4463,47758,True,False,True,False,False,True,False
0,0,46,1,0,0,0,0,0,0,1,0,55.65,2688.85,0,50,0,0,2867,9960,False,False,True,False,True,False,False
0,1,8,1,0,1,1,0,0,0,0,0,54.65,482.25,0,62,1,1,5614,26442,False,False,False,False,False,False,True
1,0,30,1,0,1,1,0,0,1,1,1,74.75,2111.3,0,80,0,0,3033,93315,False,False,False,False,False,True,False
0,1,45,1,1,0,0,0,0,0,0,1,25.9,1216.6,0,48,1,0,5741,18693,False,True,True,False,True,False,False
0,0,1,1,0,0,0,0,0,1,0,1,79.35,79.35,1,32,0,3,2483,78114,True,False,False,False,False,True,False
0,1,11,0,0,1,0,0,0,1,1,0,50.55,565.35,0,23,1,1,3443,33300,False,False,False,False,False,True,False
0,1,7,1,0,0,0,1,0,0,0,1,75.15,496.9,1,34,1,5,3457,69850,True,False,False,False,False,False,False
0,0,42,1,0,0,1,1,1,1,1,1,103.8,4327.5,0,38,0,0,4005,11,True,False,False,False,False,False,False
0,1,49,1,0,0,0,0,0,0,0,1,20.15,973.35,0,31,1,0,5422,19630,False,True,False,True,False,False,False
0,0,9,1,1,0,1,0,0,1,1,1,99.3,918.75,0,30,0,0,3540,33758,True,False,False,False,True,False,False
0,1,35,1,0,1,0,0,0,1,0,1,62.15,2215.45,0,51,1,0,5255,28094,False,False,True,False,False,False,False
0,1,48,1,0,0,0,0,0,0,0,0,20.65,1057.0,0,24,1,0,4124,22548,False,True,False,True,False,False,False
0,1,46,1,0,0,0,0,0,0,0,1,19.95,927.1,0,56,1,0,5480,24979,False,True,False,True,False,False,True
0,1,29,0,0,0,0,0,0,1,0,0,33.75,1009.25,0,47,1,0,3664,41263,False,False,False,False,False,False,True
0,1,30,1,0,0,1,1,0,0,0,0,82.05,2570.2,0,32,1,3,5036,34191,True,False,False,False,False,False,False
1,0,1,1,0,0,0,0,1,0,0,0,74.7,74.7,0,79,0,0,4182,37322,True,False,False,False,False,True,False
0,1,66,1,1,1,0,1,1,1,1,1,84.0,5714.25,0,57,1,0,5825,96267,False,False,False,True,False,False,True
0,0,65,1,1,1,1,1,0,1,1,1,111.05,7107.0,0,50,0,0,5261,5451,True,False,False,False,True,False,False
0,0,72,1,1,0,1,1,0,1,1,1,100.9,7459.05,0,52,0,0,5781,31021,True,False,False,True,False,False,False
0,0,12,1,1,1,0,0,0,0,0,1,78.95,927.35,1,34,0,3,5806,18058,True,False,False,False,False,True,False
0,1,71,1,1,1,1,0,1,0,0,1,66.85,4748.7,0,50,1,0,4117,11264,False,False,True,False,True,False,False
0,0,5,1,0,0,0,0,0,0,0,0,21.05,113.85,1,30,0,0,2604,37527,False,True,False,False,False,False,True
0,0,52,1,0,0,0,0,0,0,0,0,21.0,1107.2,0,62,0,0,4158,30779,False,True,False,True,False,False,False
1,1,25,1,0,0,1,1,0,1,1,1,98.5,2514.5,1,78,1,1,5337,27778,True,False,False,False,False,True,False
0,0,1,1,0,0,0,0,0,0,0,0,20.2,20.2,0,19,0,0,2710,28680,False,True,False,False,False,False,True
0,1,1,1,0,0,0,0,0,0,0,0,19.45,19.45,0,38,1,2,5612,13779,False,True,False,False,False,True,False
0,0,38,1,1,0,0,1,1,1,0,0,95.0,3605.6,0,34,0,0,4741,5221,True,False,True,False,False,False,False
1,1,66,0,0,0,1,1,0,1,0,0,45.55,3027.25,0,65,1,0,6238,11509,False,False,True,False,False,False,False
0,1,68,1,1,0,1,1,1,1,1,1,110.0,7611.85,1,26,1,0,5034,23559,True,False,False,True,False,False,False
0,0,5,0,0,0,0,0,0,0,0,0,24.3,100.2,0,35,0,0,4015,19975,False,False,False,False,False,False,True
0,1,72,1,1,1,1,0,0,1,1,1,104.15,7303.05,0,25,1,0,4594,26099,True,False,True,False,False,True,False
0,0,32,0,0,1,0,0,0,0,0,0,30.15,927.65,0,60,0,0,3585,40705,False,False,True,False,False,False,True
0,0,43,1,1,0,0,0,0,1,1,0,94.35,3921.3,0,50,0,0,5845,17058,True,False,True,False,False,False,True
0,1,72,1,0,0,0,0,0,0,0,0,19.4,1363.25,0,38,1,0,5234,41979,False,True,False,True,True,False,False
0,1,55,1,1,1,1,0,0,1,0,1,96.75,5238.9,1,37,1,1,5154,31678,True,False,False,False,False,True,False
0,0,52,1,0,1,0,1,1,0,0,0,57.95,3042.25,0,35,0,0,6078,34873,False,False,True,False,True,False,False
0,0,43,1,0,0,1,1,0,1,0,1,91.65,3954.1,0,36,0,0,3826,32050,True,False,False,False,False,True,False
1,1,37,1,1,0,0,0,0,0,0,1,76.5,2868.15,1,80,1,1,2793,26265,True,False,False,False,False,True,False
0,1,64,0,0,0,1,0,1,1,1,1,54.6,3423.5,0,48,1,0,4850,19109,False,False,False,True,False,True,False
0,1,3,1,0,1,1,0,0,1,0,0,89.85,248.4,0,38,1,2,4648,37887,True,False,False,False,False,True,False
0,0,36,0,0,1,0,0,0,0,0,0,31.05,1126.35,0,61,0,0,4871,38181,False,False,False,True,False,False,False
0,1,10,1,1,1,0,0,0,1,1,1,100.25,1064.65,1,62,1,2,5998,32148,True,False,False,False,False,True,False
0,0,41,1,0,0,0,0,0,0,0,0,20.65,835.15,0,53,0,0,5918,44442,False,True,False,True,False,False,True
0,1,27,1,1,0,1,0,1,0,0,1,85.2,2151.6,0,33,1,1,3796,33528,True,False,False,False,True,False,False
0,1,56,1,1,0,0,1,0,1,1,1,99.8,5515.45,0,27,1,0,4606,15505,True,False,True,False,True,False,False
0,0,6,1,0,0,0,0,0,0,0,0,20.7,112.75,0,31,0,0,5346,47344,False,True,False,False,False,False,True
0,0,3,1,1,0,0,0,0,0,0,1,74.4,229.55,1,21,0,2,4415,67354,True,False,False,False,False,True,False
0,1,7,1,0,1,0,0,0,0,0,0,50.7,350.35,0,20,1,2,3097,47568,False,False,False,False,False,False,True
0,1,4,1,0,0,0,0,0,0,0,0,20.85,62.9,0,27,1,1,3172,62425,False,True,False,False,False,False,True
0,0,33,1,0,1,0,0,1,1,0,1,88.95,3027.65,0,59,0,0,5087,103214,True,False,False,True,False,True,False
1,0,27,1,1,0,0,1,0,0,0,1,78.05,2135.5,1,72,0,1,4638,63288,True,False,False,False,False,True,False
0,1,72,1,1,0,0,0,0,0,0,1,23.55,1723.95,0,46,1,0,5901,16271,False,True,False,True,False,False,False
0,0,1,1,0,0,0,0,0,0,0,0,19.75,19.75,0,45,0,0,2484,29694,False,True,False,False,False,False,True
1,0,71,0,0,1,1,0,0,1,1,1,56.45,3985.35,0,73,0,0,5372,16398,False,False,True,False,False,True,False
0,0,13,1,1,0,0,0,0,0,1,1,85.95,1215.65,0,49,0,0,5886,51556,True,False,False,False,False,True,False
0,1,25,0,0,1,1,1,0,1,1,1,58.6,1502.65,1,27,1,0,4190,3699,False,False,False,False,True,False,False
0,0,67,1,0,0,0,0,1,0,0,0,50.55,3260.1,0,60,0,0,6064,72893,False,False,False,True,False,False,False
0,0,1,0,0,0,0,0,0,0,1,1,35.45,35.45,1,64,0,0,2301,24660,False,False,False,False,False,True,False
0,0,2,1,0,0,0,0,0,0,0,0,44.35,81.25,1,45,0,0,2570,30173,False,False,False,False,False,True,False
0,0,43,1,1,0,0,0,0,0,0,1,25.7,1188.2,0,42,0,0,2017,27563,False,True,False,True,True,False,False
0,0,23,1,0,1,0,0,0,0,0,1,75.0,1778.5,0,37,0,0,2221,20890,True,False,False,False,False,False,False
0,1,64,1,0,0,0,0,0,0,0,0,20.2,1277.75,0,23,1,0,4557,14852,False,True,False,True,False,False,True
0,0,57,1,0,0,0,0,0,0,0,1,19.6,1170.55,0,58,0,0,4393,21065,False,True,False,True,False,False,True
1,1,1,1,0,0,0,0,0,0,0,1,70.45,70.45,1,76,1,2,3964,21343,True,False,False,False,False,False,True
1,1,72,1,1,1,1,1,1,1,1,1,88.05,6425.65,0,71,1,0,6102,55306,False,False,False,True,True,False,False
0,0,8,1,1,1,0,0,1,0,1,0,71.15,563.65,1,53,0,0,2662,58639,False,False,False,False,False,True,False
0,1,61,1,1,0,1,0,0,1,1,1,101.05,5971.25,0,35,1,0,6311,21279,True,False,False,True,False,False,False
0,0,64,1,1,1,1,0,0,0,0,1,84.3,5289.05,0,34,0,0,5044,24180,True,False,True,False,True,False,False
1,1,71,1,1,0,0,0,0,0,0,0,23.95,1756.2,0,66,1,0,4329,1107,False,True,False,True,False,False,False
0,1,65,1,1,1,1,0,1,1,0,1,99.05,6416.7,0,56,1,0,5878,174,True,False,False,True,True,False,False
0,0,3,1,0,0,0,0,0,0,0,0,19.6,61.35,0,42,0,0,2543,53323,False,True,True,False,False,False,True
0,0,1,1,0,0,0,0,0,0,0,1,45.65,45.65,1,63,0,0,2600,55486,False,False,False,False,False,True,False
0,0,30,1,0,0,1,1,0,1,0,0,64.5,1929.95,0,52,0,0,4320,25566,False,False,True,False,True,False,False
0,1,15,1,0,0,1,1,1,0,1,1,69.5,1071.4,0,50,1,1,3128,38427,False,False,False,False,False,False,True
0,1,8,1,0,0,0,0,1,1,1,1,68.55,564.35,0,33,1,1,3123,31352,False,False,False,False,False,True,False
0,0,7,1,1,0,0,0,0,1,1,0,95.0,655.5,1,32,0,4,2786,43467,True,False,False,False,False,False,True
0,1,70,1,1,1,1,1,0,1,1,1,108.15,7930.55,0,27,1,0,5192,91664,True,False,True,False,True,False,False
0,1,62,1,0,1,1,1,1,1,1,0,86.1,5215.25,0,51,1,0,5769,49647,False,False,False,True,False,True,False
0,1,6,1,0,0,0,0,0,0,0,0,19.7,113.5,0,29,1,3,4293,31556,False,True,False,False,False,False,True
0,1,14,1,0,0,0,0,0,0,1,1,80.9,1152.8,0,33,1,1,2563,37417,True,False,False,False,False,False,False
0,0,22,1,1,0,0,0,0,1,0,1,84.15,1821.95,0,23,0,0,3549,35656,True,False,False,False,False,False,False
0,1,22,1,0,0,0,0,0,0,0,0,20.15,419.9,0,37,1,0,2173,63136,False,True,True,False,False,False,True
0,1,16,1,0,1,0,1,0,1,0,0,64.25,1024.0,0,38,1,0,5511,19034,False,False,False,True,False,False,True
0,0,10,1,1,0,0,0,0,0,0,0,25.7,251.6,0,44,0,0,3611,38902,False,True,False,True,False,False,False
0,0,13,1,0,1,1,0,0,0,0,1,56.0,764.55,0,63,0,1,5156,425,False,False,False,False,False,True,False
0,1,20,1,1,1,0,0,0,0,0,0,82.4,1592.35,1,26,1,1,5719,36243,True,False,False,False,False,True,False
0,0,2,1,0,0,0,0,0,0,0,1,69.7,135.2,0,54,0,0,3056,30028,True,False,False,False,False,True,False
0,0,53,1,1,0,1,1,1,0,1,1,73.9,3958.25,0,35,0,0,5644,30933,False,False,False,True,False,False,False
0,1,11,1,0,0,0,0,0,0,0,0,20.6,233.9,0,21,1,0,4047,27414,False,True,True,False,False,False,True
0,1,69,1,0,0,0,0,0,0,0,0,19.9,1363.45,0,40,1,0,5570,20200,False,True,False,True,False,False,True
0,0,4,1,0,0,0,0,0,0,0,1,70.9,273.0,1,42,0,1,4287,41067,True,False,False,False,False,False,False
0,1,72,1,1,1,1,1,1,1,1,1,89.05,6254.45,0,39,1,0,6212,7527,False,False,False,True,False,False,False
1,1,58,0,0,0,1,1,0,0,1,1,45.3,2651.2,1,66,1,0,5444,10558,False,False,False,False,False,True,False
0,1,16,1,0,0,0,0,0,0,0,0,20.4,321.4,0,59,1,2,3990,23984,False,True,False,False,False,True,False
0,1,43,1,0,1,0,1,1,0,0,1,84.25,3539.25,0,61,1,0,4382,18752,True,False,True,False,False,False,False
0,1,2,1,1,0,0,1,1,1,1,1,104.4,242.8,1,26,1,3,4690,26753,True,False,False,False,False,True,False
0,1,14,1,0,0,1,1,1,1,1,0,81.95,1181.75,0,48,1,0,2564,16812,False,False,False,True,False,False,True
0,1,53,1,0,0,0,1,0,1,1,1,94.85,5000.2,1,24,1,0,4328,27891,True,False,True,False,False,False,False
0,0,32,1,0,0,0,0,0,0,0,0,20.55,654.55,0,61,0,0,5358,38460,False,True,True,False,False,False,False
0,1,34,1,1,0,0,0,0,0,0,0,24.7,780.2,0,49,1,0,3421,10253,False,True,False,False,False,True,False
1,0,15,1,1,0,0,0,0,0,0,1,74.45,1145.7,1,70,0,2,5717,23742,True,False,False,False,False,False,True
1,0,7,1,0,1,0,0,0,0,0,0,76.45,503.6,1,77,0,2,4419,32369,True,False,False,False,False,False,False
0,1,15,1,1,0,1,1,0,1,1,1,105.35,1559.25,0,19,1,3,2721,13158,True,False,False,False,False,False,False
0,1,61,1,0,0,0,0,0,0,0,1,20.55,1252.0,0,22,1,0,5110,23981,False,True,True,False,True,False,False
0,0,1,0,0,0,1,0,0,0,0,0,29.95,29.95,1,54,0,0,4534,21990,False,False,False,False,False,False,False
0,0,1,1,0,0,0,0,0,0,0,0,45.3,45.3,0,25,0,0,3575,14493,False,False,False,False,False,False,True
0,0,8,1,1,0,0,0,0,0,1,0,84.5,662.65,1,51,0,2,2152,17015,True,False,False,False,False,False,False
0,1,33,1,0,1,0,1,0,1,1,0,74.75,2453.3,0,35,1,0,5344,41390,False,False,True,False,True,False,False
0,0,13,1,0,0,1,1,0,0,0,1,79.25,1111.65,1,48,0,3,5142,31297,True,False,False,False,False,True,False
0,1,1,0,0,0,0,0,0,0,0,1,24.8,24.8,1,29,1,0,4851,9864,False,False,False,False,False,True,False
0,0,20,1,0,0,1,0,0,0,0,1,51.8,1023.85,0,45,0,0,2764,16910,False,False,False,False,False,False,True
0,0,3,0,0,0,0,0,1,0,0,0,30.4,82.15,0,19,0,0,3108,29110,False,False,False,False,False,True,False
0,0,13,1,0,0,0,0,0,0,0,0,19.65,244.8,0,61,0,0,2024,25303,False,True,True,False,False,True,False
0,1,40,1,1,0,1,0,0,0,0,0,56.6,2379.1,0,62,1,0,3359,23661,False,False,False,False,True,False,False
0,1,43,1,1,1,0,0,1,0,1,1,71.9,3173.35,0,24,1,0,4106,23519,False,False,True,False,True,False,False
0,1,6,1,0,0,1,1,0,0,1,1,91.0,531.0,1,39,1,2,2283,49242,True,False,False,False,False,True,False
0,1,69,1,0,0,0,0,0,0,0,0,19.75,1375.4,0,38,1,0,5325,43857,False,True,False,True,False,False,False
0,1,72,1,1,1,1,1,0,1,1,0,109.7,8129.3,0,42,1,0,5945,23637,True,False,False,True,True,False,False
0,1,59,1,0,0,0,0,0,0,0,0,19.3,1192.7,0,33,1,0,4149,35325,False,True,False,True,True,False,False
0,1,20,1,0,1,1,0,1,1,0,1,96.55,1901.65,0,32,1,0,4382,27614,True,False,False,False,False,True,False
0,1,24,1,1,0,0,0,0,0,0,1,24.1,587.4,0,19,1,3,4634,37779,False,True,False,True,False,False,False
0,0,59,1,1,0,1,1,1,1,1,1,111.35,6519.75,0,19,0,0,6047,30742,True,False,False,False,False,True,False
0,1,72,1,1,0,1,1,1,1,1,1,112.25,8041.65,0,42,1,3,4099,25751,True,False,False,True,False,False,False
0,0,1,1,0,0,0,0,0,0,0,0,20.75,20.75,0,29,0,1,3358,32307,False,True,False,False,False,False,True
0,1,27,1,0,1,0,0,1,1,1,1,101.9,2681.15,0,55,1,0,3795,28067,True,False,True,False,True,False,False
0,0,14,1,0,0,1,0,1,0,0,1,80.05,1112.3,0,51,0,0,4400,97318,True,False,False,False,True,False,False
0,1,71,1,1,1,0,1,0,1,1,0,105.55,7405.5,0,55,1,3,5010,68018,True,False,False,True,False,True,False
0,0,13,1,0,0,0,0,0,1,0,1,78.3,1033.95,0,55,0,3,5566,33389,True,False,False,False,True,False,False
0,0,44,1,0,0,0,0,0,0,0,0,68.85,2958.95,0,41,0,0,2053,81986,True,False,False,False,True,False,False
0,0,33,1,0,0,1,0,1,0,0,1,79.95,2684.85,0,64,0,0,3118,57017,True,False,True,False,False,False,False
0,1,72,0,0,1,1,1,1,0,1,1,55.45,4179.2,0,30,1,0,4556,48867,False,False,False,True,True,False,False
0,0,1,1,0,0,0,0,0,0,1,0,79.9,79.9,1,62,0,3,3394,17112,True,False,False,False,False,True,False
0,0,19,1,0,1,0,1,1,1,1,1,106.6,1934.45,1,43,0,1,3764,40077,True,False,False,False,False,True,False
0,1,64,1,0,0,1,1,1,1,1,1,102.45,6654.1,0,22,1,0,6398,59259,True,False,True,False,True,False,False
0,0,2,1,0,0,0,0,0,0,0,1,46.0,84.5,1,19,0,0,2667,46639,False,False,False,False,True,False,False
0,0,1,0,0,0,0,0,0,0,0,0,25.25,25.25,0,40,0,0,5858,17846,False,False,False,False,False,True,False
0,0,61,1,0,0,0,0,0,0,0,0,19.75,1124.2,0,32,0,2,5411,24977,False,True,False,True,False,False,True
0,1,29,1,0,0,0,0,0,0,0,0,20.0,540.05,0,23,1,0,3800,27424,False,True,True,False,False,True,False
1,1,23,1,1,0,0,0,0,0,1,0,86.8,1975.85,0,66,1,0,5788,42526,True,False,False,False,False,True,False
0,1,57,0,0,1,1,1,0,1,1,1,58.75,3437.45,0,45,1,0,4115,18735,False,False,False,False,False,False,False
0,1,72,0,0,1,1,1,1,0,0,0,45.25,3139.8,0,46,1,0,5041,33057,False,False,False,True,True,False,False
0,1,66,0,0,1,1,1,1,1,0,1,56.6,3789.2,0,38,1,0,5500,25988,False,False,False,True,False,False,False
0,1,65,1,1,0,1,1,1,1,1,1,84.2,5324.5,0,51,1,0,5256,36123,False,False,False,True,False,False,False
0,0,8,1,0,0,0,0,0,1,0,1,80.0,624.6,0,24,0,0,2165,14814,True,False,False,False,False,False,False
0,0,4,1,0,0,0,0,0,0,0,1,70.15,268.35,1,39,0,2,2227,9937,True,False,False,False,False,True,False
0,1,71,1,1,0,0,0,0,0,0,0,24.75,1836.9,0,55,1,0,4642,22177,False,True,False,True,False,False,False
0,1,1,1,0,0,0,0,0,0,0,1,20.2,20.2,0,32,1,0,4160,40376,False,True,True,False,False,True,False
0,1,4,1,0,0,0,0,1,0,0,0,50.05,179.35,1,50,1,0,3394,42239,False,False,False,False,False,False,True
0,0,12,1,0,0,0,0,0,0,0,1,19.35,219.35,0,53,0,0,4451,22085,False,True,True,False,False,False,False
0,0,24,0,0,1,0,0,0,1,1,1,50.6,1288.75,0,28,0,0,4806,51348,False,False,True,False,False,False,True
0,1,31,1,0,1,0,1,1,1,1,1,81.15,2545.75,0,26,1,0,5643,50047,False,False,True,False,False,False,True
0,1,1,1,0,0,0,0,0,1,0,0,55.2,55.2,1,22,1,0,3638,23646,False,False,False,False,False,False,True
0,0,30,1,1,0,0,0,1,0,1,1,89.9,2723.15,0,62,0,0,3233,29387,True,False,False,False,True,False,False
0,1,47,1,1,1,1,0,1,1,1,1,85.3,4107.25,0,22,1,0,5698,13129,False,False,False,True,True,False,False
0,0,54,1,1,1,1,0,1,1,1,1,108.0,5760.65,0,49,0,0,6370,18112,True,False,False,True,True,False,False
0,0,50,1,0,1,1,0,1,0,1,1,93.5,4747.5,0,64,0,0,6367,11517,True,False,False,False,True,False,False
0,0,1,1,0,1,0,0,0,0,1,1,84.6,84.6,1,40,0,1,2484,25882,True,False,False,False,False,False,True
0,0,72,1,0,0,0,0,0,0,0,0,20.25,1566.9,0,62,0,0,5733,29245,False,True,False,True,True,False,False
0,0,29,1,1,0,0,0,0,0,0,0,25.15,702.0,0,47,0,0,5491,18539,False,True,False,False,False,True,False
0,0,2,1,1,0,1,0,0,0,0,1,54.4,114.1,1,22,0,0,2556,36625,False,False,False,False,False,False,True
0,0,10,0,0,0,0,0,1,0,0,1,29.6,299.05,0,41,0,0,3180,16996,False,False,False,True,False,False,True
0,1,18,1,1,0,0,0,0,0,0,1,73.15,1305.95,0,42,1,0,4283,26157,True,False,False,False,False,True,False
1,0,11,1,0,0,1,0,0,1,1,1,95.0,1120.3,1,78,0,1,5980,57146,True,False,False,False,False,True,False
0,0,16,1,0,0,0,0,0,0,0,0,19.75,284.35,0,40,0,0,4272,45358,False,True,False,True,False,False,True
0,0,72,1,1,0,1,1,1,1,1,0,86.6,6350.5,0,37,0,0,4530,27453,False,False,False,True,False,False,False
0,0,72,1,1,0,1,1,1,1,1,0,109.2,7878.3,0,49,0,0,4551,39064,True,False,False,True,False,False,False
0,1,41,1,0,1,0,0,1,1,1,1,74.7,3187.65,0,38,1,0,5246,57775,False,False,True,False,True,False,False
1,1,65,1,0,1,1,1,0,0,1,0,94.4,6126.15,0,77,1,0,5348,76890,True,False,False,False,False,True,False
1,0,13,1,0,0,1,1,0,0,0,1,54.8,731.3,0,68,0,0,5557,66754,False,False,False,False,False,True,False
1,0,4,1,0,1,0,0,0,0,0,0,75.35,273.4,0,66,0,0,4033,75319,True,False,False,False,False,True,False
0,0,41,1,1,0,0,1,0,0,1,0,65.0,2531.8,0,35,0,0,5043,34716,False,False,True,False,False,False,True
1,0,15,1,0,0,1,0,0,0,0,1,74.4,1074.3,1,65,0,0,4616,33817,True,False,False,False,False,True,False
0,0,1,1,0,1,0,0,0,0,0,1,48.55,48.55,1,37,0,0,5687,17554,False,False,False,False,False,False,True
0,0,42,1,1,1,1,1,0,0,1,1,99.0,4298.45,0,28,0,0,2887,25068,True,False,True,False,False,True,False
0,1,51,1,0,1,1,1,0,1,0,1,93.5,4619.55,0,27,1,0,5561,51970,True,False,True,False,False,True,False
0,1,2,1,0,0,0,0,0,0,0,0,70.4,147.15,1,47,1,0,5687,30211,True,False,False,False,False,True,False
1,1,1,0,0,0,1,0,0,1,0,0,40.2,40.2,1,77,1,0,5828,62660,False,False,False,False,False,True,False
0,0,32,1,1,0,1,1,1,1,1,0,83.7,2633.3,0,56,0,0,3945,45645,False,False,True,False,True,False,False
0,0,10,1,0,0,0,0,0,0,0,1,19.85,193.05,0,29,0,0,3768,23079,False,True,False,False,False,False,True
0,1,67,0,0,0,1,1,1,1,1,1,59.55,4103.9,0,19,1,0,4478,12937,False,False,False,True,False,True,False
0,1,61,1,1,1,1,1,1,1,1,0,115.1,7008.15,0,42,1,1,6090,25135,True,False,False,True,True,False,False
0,0,50,1,1,1,1,1,1,1,1,0,114.35,5791.1,0,46,0,0,5068,24973,True,False,True,False,True,False,False
0,1,2,1,0,0,0,0,0,0,0,1,44.6,80.55,1,41,1,0,4884,84965,False,False,False,False,True,False,False
1,1,29,0,0,1,0,1,0,0,1,1,45.0,1228.65,0,69,1,0,3094,53686,False,False,False,False,False,True,False
1,0,3,0,0,0,0,1,0,0,1,1,41.15,132.2,1,67,0,0,2314,30802,False,False,False,False,False,True,False
1,0,13,1,1,0,1,1,0,1,1,1,106.9,1364.3,1,68,0,0,2494,46342,True,False,False,False,False,True,False
1,1,57,1,1,0,1,0,0,0,1,1,89.85,4925.35,0,79,1,0,4429,35530,True,False,False,False,False,True,False
0,0,31,0,0,1,1,0,1,0,1,1,49.85,1520.1,0,35,0,0,2539,18980,False,False,False,True,False,False,False
0,1,45,1,1,1,1,1,1,1,1,0,113.3,5032.25,0,57,1,0,4885,33280,True,False,True,False,False,False,True
0,1,61,1,1,1,1,1,1,1,1,0,88.1,5526.75,0,62,1,0,5152,26933,False,False,False,True,False,False,True
0,0,50,1,1,0,0,0,0,0,0,0,24.9,1195.25,0,64,0,0,4297,47,False,True,False,True,False,False,False
1,0,19,1,0,1,1,0,1,1,1,1,105.0,2007.25,0,67,0,0,3524,56280,True,False,False,False,False,False,True
0,0,59,1,0,0,0,0,0,0,0,0,19.35,1099.6,1,51,0,0,5084,54254,False,True,False,True,False,False,True
0,1,71,1,1,0,0,0,0,0,0,1,24.25,1732.95,0,30,1,0,5409,34447,False,True,False,True,True,False,False
1,0,16,1,0,0,0,0,1,1,1,1,94.45,1511.2,1,68,0,0,3810,49474,True,False,False,False,False,True,False
0,1,57,1,0,1,1,0,1,0,0,1,59.75,3450.15,0,50,1,0,4012,46532,False,False,False,True,False,True,False
0,0,1,0,0,0,0,0,0,0,0,0,24.8,24.8,1,60,0,0,5087,69974,False,False,False,False,False,False,False
1,1,20,1,1,0,1,0,1,1,1,0,107.05,2172.05,0,68,1,0,5328,46626,True,False,False,False,False,True,False
0,0,1,1,0,0,0,0,0,0,0,0,70.6,70.6,1,30,0,0,3338,36057,True,False,False,False,False,False,True
0,1,5,1,1,0,1,0,1,0,0,1,85.4,401.1,1,51,1,0,3676,61623,True,False,False,False,False,True,False
0,1,52,1,1,0,1,1,0,1,1,1,105.05,5624.85,1,20,1,0,4839,33878,True,False,False,False,False,True,False
1,1,21,1,0,1,1,0,0,0,1,1,64.95,1339.8,0,79,1,0,4604,23444,False,False,False,False,False,False,False
0,0,14,0,0,0,0,1,1,1,1,1,55.0,771.95,0,47,0,0,4900,38041,False,False,False,False,False,True,False
0,0,5,1,0,0,1,0,0,0,0,0,50.55,244.75,0,24,0,0,2739,32718,False,False,False,False,False,False,False
0,0,6,1,0,1,1,0,0,0,0,0,55.15,322.9,0,29,0,0,5377,23331,False,False,False,False,False,False,True
0,0,10,1,0,0,1,0,0,0,0,0,51.2,498.25,0,44,0,0,5765,48827,False,False,False,False,False,True,False
0,0,1,1,1,0,0,0,0,0,0,0,25.4,25.4,0,21,0,1,4556,45118,False,True,False,False,False,False,True
0,0,68,1,1,1,0,0,0,0,0,0,54.45,3687.75,0,24,0,0,5310,44099,False,False,False,False,False,False,True
0,1,18,1,0,0,0,1,0,1,1,0,95.15,1779.95,1,52,1,0,4643,30458,True,False,False,False,False,False,True
0,0,22,1,1,0,0,0,0,0,0,1,76.0,1783.6,0,64,0,0,2031,31622,True,False,True,False,True,False,False
0,0,20,1,0,0,0,0,0,0,0,1,44.35,927.15,0,35,0,0,3460,54382,False,False,False,False,False,True,False
0,1,1,1,0,0,0,0,0,0,0,0,70.0,70.0,1,41,1,0,4094,30635,True,False,False,False,False,True,False
1,0,8,1,0,0,1,0,0,0,0,1,74.5,606.55,1,66,0,0,4345,16486,True,False,False,False,False,True,False
0,0,10,1,0,0,0,0,0,0,0,1,44.85,435.4,1,34,0,0,4061,34902,False,False,False,False,True,False,False
1,0,24,1,1,0,0,0,0,0,0,1,76.1,1712.7,1,69,0,0,2018,34902,True,False,False,False,False,True,False
0,0,35,1,0,1,1,1,0,0,0,0,61.2,2021.2,0,24,0,0,2075,3133,False,False,True,False,False,False,True
0,1,23,1,0,0,1,1,1,0,0,0,86.8,1940.8,0,51,1,0,3200,74025,True,False,True,False,False,False,True
1,0,6,1,0,0,0,0,0,1,1,1,89.35,567.8,0,77,0,0,2578,71126,True,False,False,False,False,True,False
0,0,12,1,0,0,0,0,0,0,0,0,19.7,220.35,0,43,0,0,5715,12884,False,True,False,False,False,False,True
0,0,1,1,0,0,0,0,0,0,0,0,20.25,20.25,0,44,0,0,5384,2606,False,True,False,False,False,False,True
0,1,71,1,0,0,0,1,0,0,0,0,76.05,5436.45,0,38,1,1,5841,9278,True,False,False,True,False,True,False
1,1,35,1,1,0,0,1,0,1,1,1,100.8,3437.5,0,73,1,0,3318,1587,True,False,False,False,False,True,False
0,1,40,1,1,0,0,1,0,1,1,1,74.55,3015.75,0,32,1,3,3718,727,False,False,False,False,False,True,False
0,0,1,1,0,1,0,0,0,0,0,1,73.6,73.6,1,21,0,0,2565,34902,True,False,False,False,False,False,True
0,0,23,1,0,0,0,0,0,1,1,1,64.9,1509.8,0,34,0,0,3314,26662,False,False,True,False,False,False,False
1,0,4,1,1,0,0,0,0,1,1,1,95.45,396.1,1,74,0,0,3677,34902,True,False,False,False,False,True,False
0,0,4,1,0,0,0,1,1,0,1,1,90.4,356.65,0,55,0,0,3314,8759,True,False,False,False,False,True,False
0,1,68,0,0,0,1,1,1,1,1,0,60.3,4109.0,0,44,1,0,4864,44652,False,False,False,True,True,False,False
0,0,38,1,1,0,1,0,0,0,0,1,81.85,3141.7,0,44,0,2,3571,24005,True,False,False,False,False,False,True
0,1,52,1,1,0,0,0,0,0,0,0,24.8,1229.1,0,42,1,3,5320,24961,False,True,False,True,False,False,True
1,1,32,1,1,0,0,0,0,0,0,1,74.9,2303.35,1,76,1,0,4105,34902,True,False,False,False,False,True,False
0,1,29,1,0,0,0,1,1,1,1,0,75.55,2054.4,0,60,1,0,5625,62355,False,False,False,True,False,False,True
1,1,38,1,1,0,1,0,0,1,1,0,101.15,3741.85,0,71,1,1,4036,1604,True,False,False,False,False,True,False
0,0,48,1,1,1,0,1,0,1,1,1,78.75,3682.45,0,51,0,0,2257,905,False,False,True,False,True,False,False
0,0,1,1,0,0,0,0,0,0,0,1,19.25,19.25,0,34,0,0,4745,56100,False,True,False,False,False,False,False
0,0,22,1,0,1,0,0,1,0,1,1,89.05,1886.25,0,40,0,0,5479,7863,True,False,False,False,False,True,False
0,0,43,1,1,1,1,1,1,1,1,0,115.05,4895.1,0,25,0,0,4115,91,True,False,False,True,True,False,False
1,1,5,1,0,0,0,0,0,0,0,1,69.35,341.6,0,67,1,0,5437,3849,True,False,False,False,False,True,False
0,0,5,1,0,0,0,0,0,1,0,1,80.6,415.55,1,30,0,0,5715,34902,True,False,False,False,False,True,False
0,1,51,1,1,1,1,0,1,1,1,0,110.05,5686.4,0,23,1,0,5604,10375,True,False,True,False,True,False,False
0,0,71,1,0,0,0,0,0,0,0,1,19.9,1355.1,0,49,0,0,5308,35582,False,True,False,True,True,False,False
0,1,38,1,0,1,1,0,1,1,1,0,80.3,3058.65,1,55,1,0,2071,34902,False,False,True,False,True,False,False
1,1,24,1,0,0,0,1,0,1,1,1,93.15,2231.05,1,77,1,0,2212,34902,True,False,False,False,False,True,False
0,1,35,1,1,0,0,0,1,1,0,1,91.5,3236.35,0,64,1,0,3617,40995,True,False,False,False,True,False,False
1,0,54,1,1,1,1,0,1,1,1,0,82.45,4350.1,1,70,0,0,4149,34902,False,False,True,False,False,False,False
0,1,72,0,0,0,1,1,1,1,1,1,60.0,4264.0,0,63,1,0,5471,61872,False,False,False,True,False,True,False
0,0,1,1,0,0,0,0,0,0,0,1,44.8,44.8,0,40,0,0,2269,47126,False,False,False,False,False,True,False
0,1,9,1,0,1,0,0,0,0,0,0,48.6,422.3,0,31,1,0,4562,49281,False,False,True,False,False,False,True
0,0,69,0,0,1,1,0,1,1,1,1,60.05,4176.7,0,62,0,0,5388,43436,False,False,False,True,False,False,False
0,1,52,1,1,0,1,0,1,1,1,1,102.7,5138.1,0,30,1,0,4044,48690,True,False,False,False,True,False,False
1,1,11,1,0,0,0,0,1,1,0,1,82.9,880.05,0,68,1,0,4413,42239,True,False,False,False,False,True,False
1,0,2,1,0,0,0,0,0,0,0,1,70.35,139.05,1,74,0,0,2671,34902,True,False,False,False,False,True,False
1,1,28,0,0,0,0,0,0,1,0,1,35.9,973.65,0,75,1,3,5444,3577,False,False,False,False,False,True,False
1,0,17,1,1,0,0,1,0,0,0,1,82.65,1470.05,0,79,0,0,3754,42617,True,False,False,False,True,False,False
0,1,35,1,0,0,0,0,0,0,0,1,19.85,739.35,0,37,1,1,4177,42277,False,True,False,True,False,False,True
0,0,8,1,0,0,0,0,0,0,0,1,19.2,161.95,0,31,0,0,5272,98239,False,True,True,False,False,False,True
0,0,46,1,1,0,1,1,0,1,0,1,94.9,4422.95,0,31,0,0,5316,52895,True,False,True,False,True,False,False
0,0,7,1,1,0,0,0,0,0,0,1,73.85,511.25,1,29,0,0,2473,34902,True,False,False,False,False,True,False
0,0,2,1,1,0,0,1,0,0,0,0,80.6,155.8,1,54,0,0,2683,34902,True,False,False,False,False,False,True
0,1,68,1,1,0,1,1,1,0,1,1,75.8,5293.95,1,63,1,0,4903,34902,False,False,True,False,False,False,False
0,0,43,1,1,0,1,1,0,1,1,1,104.6,4759.85,1,24,0,0,5250,34902,True,False,False,True,False,True,False
0,0,68,1,1,1,1,1,1,1,1,1,88.15,6148.45,0,63,0,0,5531,47969,False,False,False,True,False,True,False
0,0,36,1,0,0,1,0,0,1,1,1,94.8,3565.65,0,20,0,0,2807,33104,True,False,False,False,True,False,False
0,1,63,1,1,0,1,1,0,1,1,1,103.4,6603.0,1,61,1,0,4352,34902,True,False,False,False,False,True,False
1,0,32,1,0,0,1,0,1,0,0,0,54.65,1830.1,0,69,0,0,4045,7615,False,False,False,False,False,False,False
0,1,71,1,1,1,1,1,1,1,1,0,85.75,6223.8,0,59,1,0,4487,52664,False,False,False,True,True,False,False
0,1,66,1,1,1,1,1,0,0,0,1,67.45,4508.65,0,22,1,1,4172,1143,False,False,False,False,False,False,False
0,0,63,1,0,0,0,0,0,0,0,0,20.5,1328.15,0,50,0,0,5997,53510,False,True,True,False,False,False,True
0,0,41,1,0,0,0,0,0,0,0,1,20.25,865.0,0,39,0,0,3972,12173,False,True,True,False,True,False,False
1,0,1,1,1,0,0,0,0,0,0,1,72.1,72.1,0,72,0,0,4432,6760,True,False,False,False,False,True,False
0,0,2,1,0,0,0,0,0,1,1,1,90.4,168.2,1,47,0,0,4157,34902,True,False,False,False,False,True,False
0,1,70,1,0,0,0,0,0,0,0,0,19.45,1303.5,0,26,1,0,5540,62036,False,True,False,True,False,False,False
0,0,23,0,0,0,0,0,0,1,1,1,44.95,996.85,0,47,0,0,3248,44692,False,False,False,False,False,True,False
1,1,64,1,0,1,1,1,0,0,1,0,97.0,6430.9,0,69,1,0,4053,1205,True,False,True,False,False,False,False
0,1,37,1,1,1,0,1,1,0,0,1,62.8,2278.75,0,57,1,0,5229,1072,False,False,False,True,True,False,False
0,0,17,1,0,0,0,0,0,0,0,0,44.6,681.4,0,27,0,0,2130,27505,False,False,True,False,False,False,True
1,0,7,1,0,0,0,0,0,1,1,1,89.15,574.35,0,72,0,0,2415,47140,True,False,False,False,False,True,False
0,1,4,1,1,0,1,1,0,0,0,1,84.8,371.9,1,26,1,0,4939,34902,True,False,False,False,False,False,False
1,0,21,0,0,1,0,0,0,1,0,1,41.9,840.1,1,77,0,0,4778,34902,False,False,False,False,False,True,False
0,0,10,1,0,0,0,0,0,0,1,1,80.25,846.0,1,40,0,0,3598,34902,True,False,False,False,False,False,False
1,0,16,1,1,1,0,0,0,0,0,1,54.1,889.0,0,70,0,0,2276,18525,False,False,False,False,False,True,False
0,1,64,1,1,0,1,0,1,1,1,1,105.25,6823.4,0,29,1,0,5682,27959,True,False,False,True,False,True,False
1,1,27,0,0,1,0,0,0,0,0,0,30.75,805.1,1,71,1,0,2927,34902,False,False,False,False,True,False,False
0,1,42,1,1,1,0,0,0,1,1,0,97.1,4016.75,0,62,1,0,2170,46086,True,False,True,False,False,True,False
0,0,5,1,0,0,0,0,0,0,0,0,20.2,83.75,0,59,0,1,5169,24169,False,True,False,False,False,False,True
0,0,41,1,0,0,1,0,1,1,1,1,98.8,3959.15,0,64,0,0,5584,46828,True,False,False,True,False,False,False
0,1,58,1,0,0,0,1,0,0,0,0,50.3,2878.55,0,61,1,0,5232,47431,False,False,True,False,True,False,False
0,0,47,1,0,0,0,0,0,0,0,1,20.55,945.7,0,34,0,0,5404,66838,False,True,False,True,False,False,True
0,0,18,1,0,0,0,0,1,0,0,1,75.9,1373.05,0,51,0,0,4668,56887,True,False,False,False,False,False,False
0,0,5,1,0,0,0,1,0,1,1,0,96.5,492.55,1,54,0,0,5383,34902,True,False,False,False,False,False,False
0,1,23,1,0,1,0,0,0,0,1,1,59.95,1406.0,0,25,1,0,5379,51213,False,False,False,False,False,False,False
0,0,1,1,0,0,0,0,0,0,0,0,19.15,19.15,0,35,0,0,2577,24093,False,True,False,False,False,False,True
0,1,71,1,1,0,0,1,0,1,1,1,98.65,6962.85,0,60,1,0,5101,21866,True,False,True,False,True,False,False
0,1,72,1,1,1,1,1,1,1,1,1,112.6,8126.65,0,47,1,1,6486,25569,True,False,False,True,True,False,False
0,1,33,1,0,0,0,0,0,0,0,0,20.6,690.25,0,63,1,0,5212,4258,False,True,True,False,False,False,True
0,0,2,1,1,0,0,0,0,1,0,1,85.65,181.5,1,22,0,0,3878,34902,True,False,False,False,False,True,False
0,0,24,0,0,1,0,0,1,0,0,0,35.75,830.8,0,44,0,0,5531,25232,False,False,False,True,False,False,True
0,1,56,1,1,0,1,1,1,0,1,1,99.75,5608.4,0,45,1,0,5926,30206,True,False,True,False,True,False,False
0,0,37,1,0,0,1,0,0,1,1,1,96.1,3646.8,0,28,0,0,2640,74232,True,False,False,False,True,False,False
0,0,43,1,1,0,1,1,1,1,1,0,85.1,3662.25,0,29,0,0,2319,20046,False,False,True,False,True,False,False
0,0,1,0,0,0,0,0,0,0,0,0,25.35,25.35,0,31,0,0,4193,42733,False,False,False,False,False,False,True
0,1,25,1,1,0,0,1,1,1,1,1,104.95,2566.5,1,48,1,0,3642,34902,True,False,False,False,False,False,False
0,0,61,1,1,1,1,1,1,1,1,0,89.65,5308.7,0,52,0,0,6149,28201,False,False,False,True,False,True,False
0,0,17,1,1,0,0,1,1,0,0,0,86.75,1410.25,0,41,0,0,5863,29283,True,False,True,False,False,True,False
0,1,41,1,0,0,1,1,1,0,0,1,86.2,3339.05,0,53,1,0,5325,36351,True,False,True,False,False,False,False
0,0,1,1,0,0,1,0,0,0,0,0,50.65,50.65,1,26,0,0,2431,34902,False,False,False,False,False,False,True
1,1,72,0,0,1,1,1,1,1,1,1,64.8,4732.35,0,78,1,0,4886,28488,False,False,False,True,False,False,False
0,0,1,1,1,0,1,0,0,0,1,1,90.85,90.85,1,64,0,0,3424,34902,True,False,False,False,True,False,False
0,0,48,1,1,0,1,1,0,1,1,1,108.1,5067.45,0,59,0,0,5994,2743,True,False,False,True,False,False,False
1,1,11,1,0,0,0,0,0,0,0,0,19.95,214.75,1,79,1,0,5888,34902,False,True,False,False,False,False,True
1,1,55,1,1,0,1,1,0,0,0,1,85.45,4874.7,1,66,1,0,5502,34902,True,False,False,False,False,True,False
0,0,42,0,0,1,1,1,1,0,1,1,54.75,2348.45,0,51,0,0,3179,25859,False,False,True,False,False,True,False
0,0,44,1,1,0,0,1,0,0,1,1,90.4,4063.0,0,50,0,0,4751,17721,True,False,False,False,False,False,True
0,0,1,1,0,0,0,0,0,0,0,0,44.0,44.0,0,62,0,2,4020,24659,False,False,False,False,False,True,False
0,0,27,1,1,0,0,0,0,1,1,1,95.6,2595.25,0,49,0,0,2026,23394,True,False,False,False,False,False,False
1,1,27,1,1,0,1,1,1,1,1,1,84.8,2309.55,0,77,1,0,5352,2355,False,False,False,False,False,False,False
1,0,2,1,0,0,0,0,0,0,0,1,44.3,89.3,0,73,0,0,3805,27804,False,False,False,False,False,True,False
0,0,19,1,0,0,0,0,0,0,0,0,19.9,367.55,0,47,0,0,3245,7857,False,True,False,False,False,False,True
1,1,42,1,1,0,0,0,0,1,1,1,95.05,3944.5,0,76,1,0,2677,43141,True,False,False,False,False,True,False
0,0,66,1,1,1,1,1,1,1,1,1,90.05,5965.95,0,61,0,0,5813,23170,False,False,False,True,True,False,False
1,1,33,1,1,1,0,1,1,1,1,1,109.9,3694.7,0,78,1,0,5655,964,True,False,False,False,False,False,False
0,0,34,1,0,0,1,0,0,0,0,1,73.95,2524.45,1,63,0,0,5795,34902,True,False,False,False,True,False,False
1,0,33,0,0,0,0,1,1,1,1,1,54.6,1803.7,0,74,0,0,5322,5529,False,False,False,False,False,True,False
0,1,23,1,0,0,0,0,0,0,0,0,20.05,415.1,0,44,1,0,3742,1564,False,True,True,False,False,False,True
0,0,32,1,0,0,0,0,0,0,0,0,19.75,624.15,0,46,0,0,4691,43712,False,True,True,False,False,False,False
0,0,11,1,0,0,0,0,0,0,0,0,20.05,237.7,0,52,0,0,5355,3535,False,True,True,False,True,False,False
0,1,69,1,1,0,0,1,0,1,1,1,99.45,7007.6,1,30,1,0,4020,34902,True,False,False,False,True,False,False
0,1,68,1,0,1,0,0,1,0,0,0,55.9,3848.8,0,49,1,0,5160,14546,False,False,True,False,False,False,False
0,0,20,1,0,0,0,0,0,0,0,1,19.7,419.4,0,62,0,0,2120,8141,False,True,False,True,False,False,True
0,0,72,1,0,0,0,0,0,0,0,1,19.8,1468.75,0,39,0,0,5368,23971,False,True,False,True,True,False,False
0,1,60,1,1,1,0,1,0,1,0,1,95.4,5812.0,0,59,1,0,4149,8768,True,False,True,False,False,False,False
1,1,32,1,0,0,1,0,0,1,1,1,93.95,2861.45,0,71,1,1,2844,3499,True,False,False,False,False,False,True
0,0,1,1,0,0,0,0,0,0,0,1,19.9,19.9,1,59,0,0,3351,34902,False,True,False,False,False,False,True
0,0,1,1,0,0,0,0,0,0,0,1,19.6,19.6,1,52,0,0,3448,34902,False,True,False,False,False,False,True
1,0,3,1,1,0,1,0,0,0,0,1,81.35,233.7,1,77,0,0,2818,34902,True,False,False,False,False,True,False
0,1,46,1,1,0,0,0,0,0,0,1,24.45,1066.15,0,55,1,0,2438,29340,False,True,True,False,False,False,False
0,1,29,1,1,0,0,0,0,0,0,1,74.95,2149.05,0,62,1,0,3483,24924,True,False,False,False,False,True,False
0,0,51,1,1,0,1,1,1,0,0,1,87.35,4473.0,0,21,0,0,4899,18884,True,False,False,False,False,True,False
1,1,48,1,0,0,0,0,0,0,0,1,70.65,3545.05,0,72,1,0,5523,291,True,False,False,False,False,False,False
0,1,16,1,0,0,1,0,0,0,0,0,73.25,1195.75,0,58,1,1,3624,131,True,False,False,False,False,False,False
0,1,70,1,1,0,1,1,1,0,1,1,98.7,6858.9,0,23,1,0,5582,354,True,False,False,True,False,False,False
0,1,40,1,1,0,0,0,0,0,0,1,24.8,1024.7,0,27,1,2,3021,12465,False,True,False,True,False,False,True
0,1,22,1,0,0,1,0,0,0,1,0,83.3,1845.9,1,23,1,0,3804,1632,True,False,False,False,False,True,False
1,0,1,1,0,0,0,1,0,0,0,1,75.3,75.3,1,80,0,0,4902,17018,True,False,False,False,False,False,False
0,1,5,1,1,0,0,0,0,0,0,1,24.3,132.25,0,41,1,3,3181,799,False,True,False,False,False,False,True
0,0,7,1,0,0,0,0,0,0,0,1,69.85,515.45,0,61,0,0,5501,6242,True,False,False,False,False,False,False
0,0,29,1,1,0,1,1,1,0,1,0,100.55,2830.45,0,46,0,0,3055,48690,True,False,True,False,True,False,False
0,1,44,1,1,0,0,0,0,0,0,0,25.7,1110.5,0,54,1,0,3037,14104,False,True,True,False,False,False,True
0,0,10,0,0,1,1,1,0,0,0,0,40.7,449.3,0,31,0,0,2164,48690,False,False,False,False,False,False,False
1,1,55,1,1,0,0,0,0,0,0,0,51.65,2838.55,0,75,1,0,4763,2388,False,False,False,False,False,False,False
1,1,52,1,1,0,1,1,0,1,1,1,105.1,5376.4,0,79,1,0,4621,805,True,False,True,False,False,False,False
0,1,10,1,1,0,0,0,0,0,1,0,85.95,858.6,0,20,1,2,4922,3663,True,False,False,False,False,True,False
0,0,18,1,1,0,0,0,0,0,0,1,75.6,1395.05,0,27,0,0,4030,20486,True,False,False,False,False,False,False
0,1,68,1,1,1,0,0,1,0,0,0,58.25,3975.7,0,49,1,0,4620,2182,False,False,True,False,False,False,False
0,1,61,1,0,0,0,0,0,0,0,1,19.4,1182.55,1,22,1,0,4221,18980,False,True,False,False,False,False,True
0,1,72,0,0,1,1,1,1,1,1,1,65.2,4784.45,0,56,1,0,5092,42,False,False,False,True,True,False,False
0,0,2,1,0,1,0,1,0,0,0,0,53.45,119.5,0,30,0,0,3477,301,False,False,False,False,False,True,False
0,0,12,1,0,0,0,0,0,0,0,1,45.4,518.9,1,49,0,0,2887,42239,False,False,False,False,False,False,False
0,1,41,1,0,0,0,0,0,0,0,1,19.75,899.45,0,21,1,0,2011,28819,False,True,False,True,False,True,False
0,0,26,0,0,0,0,1,1,1,0,1,44.45,1183.8,0,46,0,0,3080,904,False,False,False,False,True,False,False
0,1,36,1,0,0,0,0,0,0,0,0,20.85,720.05,0,26,1,0,5744,9465,False,True,True,False,False,False,False
0,1,72,1,1,1,1,1,1,1,1,1,114.05,8468.2,0,52,1,0,4842,31293,True,False,False,True,True,False,False
0,1,35,1,1,0,0,0,1,0,1,1,89.85,3161.2,0,30,1,0,4945,11024,True,False,False,False,False,False,False
0,0,1,1,0,0,0,1,1,0,0,0,55.05,55.05,0,59,0,0,2962,9899,False,False,False,False,False,False,True
0,1,16,1,1,1,0,1,1,1,1,1,112.95,1882.55,0,49,1,1,2683,5447,True,False,False,False,False,True,False
1,0,49,1,1,1,0,0,0,1,1,0,101.55,5070.4,0,76,0,0,5348,25995,True,False,False,False,True,False,False
0,1,54,1,1,1,1,1,1,1,1,1,114.65,6049.5,0,63,1,0,4488,7334,True,False,True,False,False,False,True
0,0,18,1,1,1,0,0,0,0,1,0,64.8,1166.7,0,45,0,3,2466,455,False,False,False,False,False,True,False
0,1,36,1,0,0,0,0,0,0,1,0,80.4,2937.65,0,59,1,0,5544,52202,True,False,False,False,False,True,False
0,0,60,1,1,0,1,1,0,1,1,1,105.9,6396.45,1,20,0,0,4105,10484,True,False,False,False,False,True,False
0,0,1,1,0,0,0,0,0,0,0,0,69.55,69.55,1,54,0,0,2792,678,True,False,False,False,False,False,True
0,1,52,1,1,0,0,0,0,0,0,1,25.05,1270.25,0,30,1,0,5674,443,False,True,False,True,False,False,False
0,1,8,1,0,0,0,1,0,1,1,1,94.75,759.55,0,26,1,3,5505,115,True,False,False,False,False,True,False
0,1,72,1,0,1,1,0,1,1,1,0,105.5,7611.55,0,47,1,0,5534,414,True,False,False,True,False,False,False
0,0,64,1,1,0,0,0,0,0,0,0,24.7,1642.75,0,53,0,0,5655,82630,False,True,True,False,False,False,True
1,0,22,1,0,1,0,1,1,0,1,1,69.75,1545.4,0,78,0,0,3509,54586,False,False,False,False,False,False,True
0,1,60,0,0,0,1,1,1,1,1,1,60.2,3582.4,0,34,1,0,5359,29847,False,False,False,False,False,False,False
0,1,28,1,0,0,0,0,0,0,1,1,81.05,2227.1,1,58,1,0,5201,23,True,False,False,False,False,True,False
0,1,61,1,1,0,0,0,0,0,0,0,24.4,1417.9,0,20,1,0,4900,958,False,True,False,True,False,False,True
0,0,24,1,1,0,1,1,0,1,1,1,104.15,2494.65,0,48,0,0,5813,317,True,False,False,False,False,True,False
0,1,28,1,0,0,1,1,1,1,0,0,92.9,2768.35,0,35,1,0,2037,4948,True,False,True,False,False,False,False
0,1,30,1,0,0,1,1,1,1,1,0,80.8,2369.3,0,24,1,0,4274,68515,False,False,False,True,False,False,False
0,1,2,1,0,0,0,0,0,0,0,0,20.0,38.0,0,45,1,0,4823,48245,False,True,False,False,False,False,True
0,0,1,1,1,0,0,0,0,0,0,1,75.1,75.1,0,61,0,0,4120,1933,True,False,False,False,False,True,False
0,0,6,1,0,0,0,0,0,0,0,0,19.65,100.9,0,52,0,2,2231,9793,False,True,False,False,False,False,True
0,1,24,1,0,0,1,0,0,1,1,1,69.45,1614.05,0,23,1,0,4208,18068,False,False,False,False,False,False,False
0,1,4,1,1,0,0,1,0,1,1,0,101.15,385.9,1,21,1,0,4417,5256,True,False,False,False,False,True,False
0,0,7,1,1,0,1,0,0,1,1,1,99.8,673.25,1,61,0,0,2031,1090,True,False,False,False,False,True,False
1,1,72,1,1,1,1,1,1,1,1,1,116.05,8404.9,0,75,1,0,4404,7324,True,False,False,True,False,False,False
0,0,70,0,0,0,0,0,1,0,1,1,40.05,2799.75,0,25,0,0,5055,5488,False,False,False,True,False,False,True
1,1,64,1,1,0,0,1,1,1,1,0,102.1,6538.45,0,66,1,0,6270,162,True,False,False,True,False,True,False
0,1,72,1,1,0,1,0,0,1,0,1,89.7,6588.95,0,32,1,0,6016,46171,True,False,True,False,False,True,False
0,0,44,1,0,0,0,0,0,0,0,0,19.9,868.1,0,42,0,0,2809,909,False,True,False,True,False,False,True
0,1,13,1,0,0,0,0,0,0,1,0,55.95,734.35,1,60,1,0,4498,12463,False,False,False,False,False,True,False
1,0,17,1,0,0,0,0,0,0,0,0,20.65,330.6,0,71,0,0,4086,4280,False,True,True,False,False,False,True
0,0,1,1,0,0,0,0,0,0,1,1,55.0,55.0,1,25,0,0,4877,31230,False,False,False,False,False,True,False
0,1,9,1,0,0,0,1,0,1,1,1,70.05,564.4,0,24,1,0,4900,36675,False,False,False,False,False,False,True
0,1,24,1,0,1,0,0,1,0,0,0,53.6,1315.35,0,56,1,0,2977,75882,False,False,False,False,False,False,True
0,1,1,1,0,0,1,0,0,0,0,1,74.7,74.7,1,52,1,0,5980,18518,True,False,False,False,False,True,False
0,0,24,1,1,0,1,0,0,0,0,1,80.25,1861.5,1,52,0,0,4418,5395,True,False,False,False,False,True,False
1,1,35,1,0,0,1,0,1,1,1,1,76.05,2747.2,0,77,1,1,5479,87,False,False,False,False,False,True,False
0,1,7,1,0,1,1,1,1,1,0,1,75.7,554.05,0,47,1,3,2950,1834,False,False,False,False,False,True,False
0,0,5,1,0,0,0,0,1,1,1,1,96.1,453.4,1,61,0,0,4192,42239,True,False,False,False,False,True,False
0,0,15,1,0,0,0,0,0,0,0,0,69.0,994.8,1,40,0,0,5671,63235,True,False,False,False,False,False,False
0,1,11,1,0,0,0,0,0,0,0,0,19.65,225.75,0,48,1,2,3372,12083,False,True,False,True,False,False,True
0,1,48,0,0,1,0,1,0,0,1,1,45.3,2145.0,1,28,1,0,4926,4253,False,False,False,False,False,False,False
1,0,20,1,0,0,0,0,0,0,1,1,81.45,1671.6,0,74,0,0,2416,1195,True,False,False,False,False,True,False
0,1,72,1,1,0,1,1,1,1,1,1,108.5,8003.8,0,50,1,0,6288,41575,True,False,True,False,False,False,False
0,1,8,1,0,0,1,0,0,1,0,1,83.55,680.05,1,32,1,0,2879,1779,True,False,False,False,False,True,False
0,1,72,1,1,0,0,0,0,0,1,1,84.5,6130.85,0,62,1,2,6202,53636,True,False,False,True,True,False,False
0,0,15,1,1,0,1,0,0,1,1,1,100.15,1415.0,0,64,0,0,2565,24644,True,False,False,False,False,True,False
0,0,72,1,1,0,1,1,1,1,1,1,88.6,6201.95,0,26,0,0,5842,49355,False,False,False,True,False,False,False
0,1,0,0,0,1,0,1,1,1,0,1,52.55,0.0,0,43,1,0,2578,12149,False,False,False,True,False,False,False
0,0,1,1,1,0,0,0,0,0,0,1,74.35,74.35,1,32,0,0,2814,44556,True,False,False,False,False,True,False
0,1,63,1,1,0,1,1,0,1,1,1,104.8,6597.25,0,42,1,3,4046,23146,True,False,False,True,False,False,False
0,0,2,1,0,0,1,0,0,1,0,1,59.0,114.15,0,63,0,0,5810,18999,False,False,False,False,False,True,False
0,1,2,1,0,1,0,0,0,0,0,1,74.4,139.4,1,28,1,0,4263,71678,True,False,False,False,False,True,False
1,1,61,1,1,0,1,0,0,0,1,0,64.05,3902.6,0,73,1,0,4001,46550,False,False,True,False,False,False,False
0,0,1,1,0,0,0,0,0,0,0,0,20.4,20.4,0,31,0,0,2968,38446,False,True,False,False,False,False,True
0,0,22,0,0,0,1,1,0,0,1,1,43.75,903.6,1,51,0,0,3099,42425,False,False,True,False,False,False,False
0,1,28,1,0,1,1,0,1,0,0,0,60.9,1785.65,0,32,1,0,3851,48649,False,False,False,False,False,False,True
0,1,70,1,0,0,0,0,0,0,0,0,19.8,1397.65,0,41,1,0,4500,17147,False,True,False,True,False,False,False
1,0,5,0,0,0,1,0,0,0,0,0,28.45,131.05,1,77,0,0,4099,63999,False,False,False,False,False,True,False
0,0,12,1,1,1,1,1,0,0,1,1,99.7,1238.45,1,49,0,0,2538,1005,True,False,False,False,False,False,False
0,0,34,1,1,1,1,1,1,1,1,0,116.25,3899.05,0,64,0,0,4022,38519,True,False,True,False,True,False,False
1,1,71,1,1,1,0,0,0,0,0,1,80.7,5676.0,0,73,1,0,4583,4546,True,False,False,True,True,False,False
0,1,70,1,1,1,0,0,0,0,1,0,65.2,4543.15,0,50,1,0,6316,2433,False,False,True,False,False,False,False
0,1,52,1,0,1,0,1,1,0,0,1,84.05,4326.8,0,54,1,2,6099,3745,True,False,False,False,False,False,False
0,0,69,1,1,1,1,1,1,1,0,1,79.45,5502.55,0,23,0,0,5189,29687,False,False,False,True,True,False,False
1,0,20,1,1,0,1,1,0,0,1,1,94.1,1782.4,1,77,0,0,2666,39264,True,False,False,False,False,True,False
0,0,11,1,1,0,0,1,0,0,0,1,78.0,851.8,0,63,0,2,4886,25694,True,False,False,False,False,False,True
0,1,2,1,0,0,0,0,1,1,1,1,94.2,167.5,1,49,1,0,3715,4283,True,False,False,False,False,True,False
0,1,6,1,1,0,0,0,1,0,0,1,80.5,502.85,1,64,1,0,5032,3588,True,False,False,False,False,True,False
0,0,1,1,0,0,0,0,0,0,0,0,19.85,19.85,0,47,0,0,4905,22983,False,True,False,False,False,False,True
1,1,20,1,0,1,0,1,1,0,1,0,94.3,1818.3,0,78,1,0,2574,61205,True,False,True,False,True,False,False
0,0,61,1,1,1,0,1,0,1,1,1,106.45,6300.15,0,21,0,0,4842,12743,True,False,False,False,False,True,False
1,1,5,1,1,0,0,0,0,0,0,1,74.35,334.8,1,72,1,0,5273,46214,True,False,False,False,False,True,False
0,0,56,1,1,0,1,0,1,1,1,1,105.45,5916.95,0,42,0,0,4212,1500,True,False,False,False,False,False,False
0,0,30,1,1,1,1,1,1,0,0,1,95.0,2852.4,0,36,0,0,3597,36149,True,False,False,False,True,False,False
0,0,40,1,1,0,0,1,1,1,1,0,104.8,4131.95,1,55,0,0,3492,18311,True,False,False,False,False,False,False
0,0,28,1,0,1,0,0,1,0,0,0,54.3,1546.3,0,19,0,0,5271,7344,False,False,True,False,False,False,True
1,1,5,1,0,0,0,0,0,0,0,0,70.05,302.6,0,79,1,0,2064,36817,True,False,False,False,False,True,False
1,1,27,1,0,1,0,0,0,0,0,1,75.2,1929.35,1,80,1,0,4517,26357,True,False,False,False,False,False,False
0,0,12,1,0,0,0,0,0,0,0,0,20.05,265.45,0,34,0,0,4996,4456,False,True,False,False,True,False,False
0,1,67,1,1,0,1,1,0,1,1,1,105.4,6989.45,0,37,1,2,5666,21349,True,False,True,False,False,True,False
1,1,29,1,1,0,0,0,0,0,0,1,51.6,1442.0,0,77,1,0,5495,14068,False,False,False,False,False,True,False
0,1,55,1,1,0,0,0,0,0,1,0,85.5,4713.4,0,29,1,2,6411,8692,True,False,False,False,False,False,False
0,0,23,1,1,0,0,0,0,0,0,0,75.6,1758.6,1,47,0,0,2115,18161,True,False,False,False,False,False,False
0,1,34,1,1,0,0,1,0,1,1,1,100.05,3480.0,1,22,1,0,2568,13151,True,False,False,False,False,True,False
0,0,52,1,0,1,0,1,0,1,0,0,91.25,4738.3,0,43,0,0,4770,3070,True,False,True,False,False,True,False
1,1,72,1,1,1,1,1,1,1,1,1,115.75,8399.15,0,77,1,1,5168,25655,True,False,False,True,True,False,False
0,1,58,1,1,0,1,0,1,1,0,1,94.7,5430.35,0,30,1,3,5653,46171,True,False,True,False,True,False,False
0,1,35,1,0,0,0,0,0,0,0,0,19.6,686.95,0,52,1,3,3764,19368,False,True,False,True,False,False,True
1,0,56,1,1,0,1,1,1,1,0,1,99.9,5706.3,0,80,0,0,5840,4093,True,False,False,True,False,False,False
0,1,24,1,0,0,0,0,0,0,0,1,21.1,490.65,0,51,1,3,4368,2762,False,True,False,True,True,False,False
0,1,70,1,0,0,0,0,0,0,0,0,20.05,1360.25,0,47,1,2,4485,27369,False,True,False,True,True,False,False
0,0,2,1,0,0,0,0,0,1,0,1,79.95,174.45,0,25,0,0,5213,17621,True,False,False,False,False,True,False
1,1,68,1,1,0,0,1,1,1,1,1,107.15,7379.8,0,80,1,1,4324,10936,True,False,True,False,True,False,False
0,0,1,1,1,0,0,0,0,0,1,1,85.0,85.0,1,51,0,0,5679,41062,True,False,False,False,False,True,False
0,0,12,1,1,0,0,1,0,1,0,1,89.55,1021.75,0,60,0,0,2325,22499,True,False,False,False,False,True,False
0,1,63,1,1,0,1,0,0,0,0,1,81.55,5029.05,0,54,1,0,4980,6301,True,False,False,False,False,False,False
0,1,33,1,0,1,1,1,0,0,0,1,58.45,1955.4,0,24,1,0,4276,26419,False,False,True,False,False,False,True
0,1,69,1,0,0,1,0,0,1,1,1,95.65,6744.2,0,32,1,0,5251,7465,True,False,True,False,True,False,False
0,1,60,1,0,0,1,1,1,1,1,1,80.6,4946.7,0,26,1,0,5667,13422,False,False,False,True,False,False,False
0,1,72,1,1,1,1,1,1,1,1,1,113.1,8248.5,0,43,1,5,5308,48207,True,False,False,True,False,False,False
0,0,11,1,1,0,0,0,0,0,1,1,58.95,601.6,0,52,0,0,3880,62069,False,False,False,False,False,False,True
0,0,1,1,0,0,0,0,0,0,0,0,19.55,19.55,0,57,0,0,3968,27730,False,True,False,False,False,False,True
0,0,10,1,1,0,0,0,0,1,0,1,86.05,834.1,1,33,0,0,2966,59176,True,False,False,False,False,False,False
0,0,13,0,0,1,0,0,1,1,0,1,45.55,597.0,1,52,0,0,4856,56517,False,False,False,False,True,False,False
0,1,34,1,0,0,0,0,0,0,1,1,78.95,2647.2,0,59,1,1,2074,58764,True,False,True,False,False,False,False
0,1,39,1,0,0,1,0,0,1,0,1,86.3,3266.0,1,29,1,0,3364,42663,True,False,False,False,False,False,True
0,0,65,1,1,0,1,0,1,1,1,1,105.05,6744.25,0,22,0,0,5742,32304,True,False,True,False,False,False,False
1,1,50,1,1,1,1,1,0,1,0,1,101.9,5265.5,0,80,1,0,4184,25206,True,False,True,False,False,False,False
0,0,15,1,0,0,0,0,0,0,0,0,19.75,311.6,0,35,0,0,4123,48273,False,True,False,False,False,False,True
0,1,72,1,1,1,1,1,0,1,1,1,110.3,7966.9,0,44,1,4,5780,8660,True,False,False,True,False,False,False
0,1,72,1,1,1,1,1,1,1,1,1,115.6,8220.4,0,26,1,3,5633,41237,True,False,False,True,False,False,False
0,1,55,1,0,0,0,0,0,0,0,0,19.35,1153.25,0,46,1,2,5248,5597,False,True,False,True,False,False,False
0,1,23,1,1,0,0,0,0,0,0,1,25.6,514.75,0,27,1,2,5939,28687,False,True,False,True,True,False,False
0,0,32,1,1,0,1,0,0,0,0,1,80.35,2596.15,1,31,0,0,5974,4242,True,False,False,False,False,False,False
0,1,56,1,1,1,0,1,0,0,1,1,68.75,3808.0,0,58,1,0,6198,3124,False,False,True,False,False,False,False
0,0,1,1,0,0,0,0,0,0,0,0,19.9,19.9,0,22,0,0,2010,22133,False,True,False,False,False,False,False
0,0,38,1,0,1,1,0,1,1,0,0,70.6,2708.2,0,55,0,0,4993,34946,False,False,True,False,False,False,True
0,0,11,1,0,0,0,0,0,0,0,0,70.2,760.05,0,51,0,0,2535,15297,True,False,False,False,False,True,False
0,0,1,1,0,0,0,0,1,0,0,1,49.3,49.3,0,54,0,0,4209,34321,False,False,False,False,False,True,False
0,1,56,1,1,0,1,0,1,1,1,1,107.25,6033.3,0,53,1,0,5800,1859,True,False,True,False,False,True,False
0,1,3,1,1,0,0,0,0,0,0,1,23.6,89.05,0,19,1,0,5587,62103,False,True,False,False,False,False,True
0,1,7,1,0,1,0,0,0,1,1,0,69.7,516.15,0,63,1,3,4326,32268,False,False,False,False,True,False,False
0,1,59,1,1,0,0,1,0,1,1,1,99.5,5861.75,0,49,1,1,4583,88230,True,False,False,True,True,False,False
0,0,7,1,0,0,0,1,1,1,0,0,64.3,445.95,0,19,0,0,4010,42193,False,False,False,False,False,False,False
0,1,71,1,0,1,0,1,1,0,1,1,70.85,4973.4,0,19,1,0,5328,46371,False,False,False,True,True,False,False
0,1,15,1,0,1,0,0,1,1,1,0,101.9,1667.25,0,23,1,1,3707,46227,True,False,True,False,False,True,False
0,1,71,1,1,1,1,0,1,1,0,0,73.5,5357.75,0,34,1,0,5431,350,False,False,False,True,True,False,False
0,0,35,1,1,0,0,1,0,1,1,1,100.25,3527.6,1,44,0,0,2744,58157,True,False,False,False,False,True,False
0,0,11,0,0,0,1,1,1,0,0,1,40.4,422.6,0,23,0,0,2133,70011,False,False,True,False,True,False,False
0,1,60,1,0,0,0,0,0,0,0,1,19.25,1103.25,0,32,1,3,6134,91188,False,True,False,True,True,False,False
1,0,47,1,1,0,1,0,1,0,0,0,59.6,2754.0,0,74,0,0,3155,44117,False,False,False,True,False,False,False
0,0,11,1,0,0,0,1,1,0,1,0,64.9,697.25,0,55,0,0,3206,37879,False,False,True,False,True,False,False
0,1,56,1,1,0,1,0,0,1,1,0,100.3,5614.45,1,50,1,0,5170,62634,True,False,True,False,True,False,False
1,1,28,1,1,0,1,1,1,1,1,1,110.85,3204.4,0,76,1,0,3906,54548,True,False,False,False,False,True,False
0,1,61,1,0,1,1,0,1,1,1,1,81.05,4747.65,0,26,1,0,4072,55062,False,False,False,True,False,False,True
0,1,31,1,1,1,0,1,0,1,0,0,98.05,3082.1,0,27,1,3,4524,17494,True,False,True,False,False,False,False
0,0,9,1,0,0,0,0,0,0,0,1,70.5,597.9,0,30,0,0,3198,60553,True,False,False,False,False,True,False
1,1,35,1,1,1,1,0,0,0,1,1,94.55,3365.4,0,68,1,0,2631,45086,True,False,False,False,False,True,False
0,0,2,1,0,0,0,0,0,0,0,1,19.65,38.8,0,59,0,0,3007,81333,False,True,False,False,False,False,True
0,1,12,1,0,0,0,0,0,0,0,0,19.0,233.55,1,48,1,0,3535,68802,False,True,False,False,False,False,True
0,0,1,1,0,1,0,0,0,0,0,0,75.3,75.3,1,28,0,0,3244,34398,True,False,False,False,False,False,True
1,0,4,1,1,0,0,1,0,1,0,1,89.2,346.2,1,74,0,0,5808,36301,True,False,False,False,False,True,False
0,1,1,1,0,0,0,0,0,0,0,1,19.0,19.0,0,62,1,1,2400,19629,False,True,False,False,False,False,True
0,0,3,1,0,0,0,0,0,0,0,1,20.0,61.7,0,40,0,0,5575,34055,False,True,False,False,False,False,True
1,0,1,1,1,0,0,0,0,1,0,1,85.7,85.7,1,68,0,0,4880,1408,True,False,False,False,False,True,False
0,0,52,1,0,1,1,0,0,1,0,1,63.25,3342.45,0,56,0,0,6471,34592,False,False,False,True,True,False,False
0,1,5,1,0,0,0,0,0,0,0,0,20.1,85.1,0,28,1,0,2894,24502,False,True,True,False,False,False,True
0,1,72,1,1,1,1,1,0,0,1,1,99.15,7422.1,0,52,1,0,5152,46105,True,False,False,True,False,True,False
0,1,71,1,1,1,1,1,1,1,1,0,90.4,6668.05,0,25,1,0,5633,21157,False,False,False,True,False,True,False
0,1,72,1,1,1,0,1,1,1,1,1,111.9,8071.05,0,32,1,0,6437,50641,True,False,False,True,True,False,False
0,1,46,1,1,0,0,0,0,0,0,0,24.9,1174.8,0,56,1,0,2026,31428,False,True,True,False,False,True,False
0,1,63,1,1,1,1,1,0,1,1,0,83.5,5435.0,0,19,1,0,4652,43491,False,False,False,True,True,False,False
0,0,30,1,0,1,1,1,0,0,0,1,84.3,2438.6,0,52,0,0,5393,23481,True,False,False,False,True,False,False
0,0,1,1,0,0,0,0,0,0,0,0,45.6,45.6,0,36,0,0,2352,15878,False,False,False,False,False,False,True
0,0,12,1,1,1,0,1,1,0,0,1,61.65,713.75,1,52,0,0,5670,22443,False,False,False,False,False,False,True
0,0,16,0,0,1,1,1,1,1,0,0,54.85,916.15,0,45,0,0,2136,5935,False,False,False,True,False,False,True
0,0,4,1,1,0,0,0,1,0,1,0,65.55,237.2,0,22,0,0,5707,18058,False,False,False,False,False,False,True
0,1,51,1,1,0,1,0,0,0,1,1,90.35,4614.55,0,53,1,0,4965,15396,True,False,True,False,True,False,False
0,1,65,1,0,0,0,0,0,0,0,1,20.4,1414.45,0,59,1,0,5368,40915,False,True,False,True,True,False,False
0,0,16,1,0,0,0,0,1,0,0,1,74.55,1170.5,0,21,0,0,2893,23172,True,False,False,False,True,False,False
0,0,2,1,0,0,0,0,0,0,0,0,19.95,47.7,0,47,0,0,3488,37916,False,True,True,False,False,False,True
0,1,66,1,1,0,0,0,0,0,0,1,74.25,4859.25,0,34,1,1,4395,48170,True,False,True,False,False,False,False
0,0,46,1,1,0,1,1,1,1,1,0,108.65,4903.2,0,51,0,0,4210,44875,True,False,False,True,False,True,False
0,0,32,1,1,1,0,1,1,1,1,1,109.55,3608.0,0,55,0,0,5076,16998,True,False,True,False,False,False,False
0,1,72,1,1,1,0,1,1,1,1,0,86.65,6094.25,0,35,1,0,5483,21911,False,False,False,True,True,False,False
0,1,38,1,0,1,0,1,1,1,1,0,81.0,3084.9,0,28,1,0,3067,60294,False,False,False,True,True,False,False
0,0,51,1,0,0,0,0,1,0,0,0,47.85,2356.75,0,48,0,0,4138,13188,False,False,True,False,True,False,False
0,1,72,1,1,1,1,1,1,1,1,0,114.55,8306.05,0,47,1,3,6158,39458,True,False,False,True,False,False,False
1,1,65,1,1,1,0,1,0,1,1,0,105.25,6786.4,1,78,1,0,4196,20893,True,False,False,False,False,False,False
0,1,9,0,0,0,1,0,0,0,0,1,29.95,248.95,1,32,1,0,2573,32899,False,False,False,False,False,True,False
0,1,9,1,0,1,1,1,1,0,0,0,65.0,663.05,1,20,1,0,3983,46894,False,False,False,False,False,False,True
0,0,66,1,0,0,0,0,0,0,0,0,20.55,1357.1,0,57,0,2,4101,27381,False,True,False,True,False,False,True
1,0,44,1,1,1,1,1,0,1,1,1,109.8,4860.35,0,71,0,0,5720,42853,True,False,True,False,True,False,False
0,0,50,1,1,0,0,1,1,0,1,0,69.5,3418.2,0,63,0,0,4145,24945,False,False,False,True,False,False,False
0,0,15,1,1,0,0,0,0,0,0,0,48.85,631.4,0,64,0,0,3762,17409,False,False,False,False,False,False,True
0,0,8,0,0,0,0,0,0,0,0,1,25.25,186.3,0,55,0,0,2372,16013,False,False,False,False,True,False,False
1,0,66,1,1,0,0,1,1,1,1,1,102.85,6976.75,0,69,0,0,5569,32984,True,False,True,False,True,False,False
0,0,57,1,1,1,1,0,1,0,0,1,87.55,4884.85,0,30,0,0,4882,6503,True,False,False,False,False,False,False
0,0,7,1,1,0,1,0,0,0,0,1,78.55,522.95,0,51,0,0,4025,21633,True,False,False,False,False,False,False
1,1,10,0,0,0,0,0,0,0,1,1,34.55,362.6,0,73,1,3,5248,79736,False,False,False,False,False,False,False
0,0,62,1,1,1,1,1,0,0,0,1,92.05,5755.8,0,27,0,0,5801,77791,True,False,True,False,False,True,False
0,1,40,1,0,0,0,1,0,1,0,1,85.05,3355.65,0,56,1,1,5904,25322,True,False,True,False,False,True,False
0,0,20,1,0,0,0,0,0,0,0,0,19.7,406.95,0,49,0,0,4404,1459,False,True,False,True,False,False,True
0,0,7,1,0,0,0,0,0,0,0,0,20.0,137.6,1,27,0,0,4479,25634,False,True,False,False,False,False,False
0,1,25,1,0,0,0,0,1,1,1,1,95.15,2395.7,0,22,1,0,3273,32511,True,False,False,False,False,True,False
0,1,23,1,1,0,1,1,0,0,0,0,84.25,1968.1,0,28,1,0,2781,49027,True,False,False,False,False,True,False
1,1,66,1,1,0,1,1,0,1,1,0,104.6,6819.45,0,74,1,0,5722,64802,True,False,True,False,True,False,False
1,0,72,1,1,0,1,1,1,1,1,0,111.65,7943.45,0,72,0,0,5388,2966,True,False,False,True,False,True,False
1,1,49,1,1,0,1,0,0,0,1,0,90.05,4547.25,1,75,1,0,5059,576,True,False,False,False,True,False,False
1,1,43,1,1,0,1,1,1,1,1,1,110.75,4687.9,1,77,1,0,2728,31727,True,False,False,False,False,False,False
0,1,46,1,1,1,0,0,0,0,0,0,55.0,2473.95,0,48,1,0,5928,20893,False,False,False,False,False,False,False
0,1,72,1,1,1,1,1,1,1,1,0,89.85,6562.9,0,41,1,0,6046,25771,False,False,False,True,True,False,False
0,0,10,1,0,0,0,0,0,0,0,0,20.35,176.3,0,40,0,0,4745,12741,False,True,True,False,False,False,True
0,0,40,0,0,1,0,0,1,1,1,1,54.55,2236.2,0,31,0,0,3533,10986,False,False,True,False,False,False,False
0,1,65,1,1,0,1,1,0,1,1,1,105.5,6985.65,1,20,1,0,5720,15757,True,False,False,False,False,True,False
0,0,31,1,0,0,0,1,1,1,1,0,99.45,3109.9,0,41,0,0,2021,16477,True,False,False,True,False,False,False
0,1,68,1,1,1,1,1,1,0,0,0,70.9,4911.35,0,48,1,0,4114,49975,False,False,False,True,True,False,False
1,1,56,1,1,1,0,1,0,1,1,1,104.55,5794.65,1,80,1,0,6268,1054,True,False,True,False,False,False,False
0,1,10,1,1,0,0,0,0,0,1,1,85.25,855.3,1,26,1,0,3573,2872,True,False,False,False,False,True,False
0,1,68,1,1,0,0,0,0,0,0,0,25.4,1620.2,0,50,1,2,5668,16206,False,True,False,True,False,False,False
0,1,43,1,0,0,0,0,0,1,0,0,56.15,2499.3,1,57,1,0,2152,14697,False,False,False,False,False,True,False
0,0,1,1,0,0,0,0,0,1,1,1,89.55,89.55,1,38,0,0,4996,1954,True,False,False,False,False,True,False
1,0,49,1,0,0,1,1,0,0,1,1,89.85,4287.2,0,70,0,0,5982,2078,True,False,True,False,False,False,False
0,1,15,1,1,0,0,0,0,0,0,1,25.25,394.85,0,21,1,1,4667,226,False,True,False,False,False,True,False
1,1,20,1,1,0,0,0,0,1,1,1,94.55,1899.65,1,75,1,0,5604,191,True,False,False,False,False,True,False
0,0,1,1,0,0,0,0,0,0,0,1,45.7,45.7,1,57,0,0,2295,18036,False,False,False,False,False,False,True
0,1,50,1,1,0,0,1,1,1,0,1,69.65,3442.15,0,25,1,0,4706,23506,False,False,True,False,False,True,False
1,0,2,1,1,0,1,0,0,0,1,0,89.5,161.5,1,69,0,0,2065,37280,True,False,False,False,False,True,False
1,0,24,1,0,0,0,0,0,0,0,0,70.0,1732.6,0,74,0,0,5242,823,True,False,False,False,True,False,False
0,0,3,1,0,0,0,0,0,0,0,1,69.55,222.3,1,30,0,0,2876,9318,True,False,False,False,False,False,False
0,0,1,1,0,0,0,1,0,0,0,1,74.6,74.6,1,23,0,0,3860,13333,True,False,False,False,False,False,True
0,1,35,1,0,0,0,0,0,0,0,0,20.1,655.3,0,37,1,3,4517,1526,False,True,False,True,False,False,True
0,0,17,1,1,0,0,0,0,0,0,0,24.8,475.25,0,64,0,0,5208,8644,False,True,False,False,False,False,True
1,0,8,1,0,0,0,0,0,0,0,0,19.65,164.3,1,74,0,0,5432,626,False,True,False,False,False,True,False
0,0,10,1,0,0,0,0,1,1,1,1,95.1,865.1,0,32,0,0,5787,4498,True,False,False,False,True,False,False
0,1,68,1,1,1,1,1,1,1,1,1,88.85,6132.7,0,39,1,0,5228,296,False,False,False,True,True,False,False
0,1,45,1,0,1,1,1,0,1,1,0,78.8,3597.5,0,38,1,0,4192,53204,False,False,True,False,False,False,False
0,1,2,1,0,0,0,0,0,0,0,0,19.85,35.9,1,40,1,0,2362,6918,False,True,True,False,False,False,True
0,1,37,1,0,0,0,0,0,0,0,0,20.35,697.65,0,56,1,0,3078,4517,False,True,False,False,False,False,False
0,0,4,0,0,0,0,0,0,0,0,1,24.25,96.05,1,48,0,0,2038,1873,False,False,False,False,False,False,True
0,0,10,1,0,0,0,0,0,0,0,0,45.25,428.7,0,46,0,0,5369,1809,False,False,False,False,False,False,True
0,0,1,1,0,0,0,0,0,0,0,0,20.05,20.05,0,23,0,0,2798,5564,False,True,False,False,False,False,True
0,1,65,1,1,1,1,0,0,0,1,1,69.55,4459.15,0,40,1,0,5420,15364,False,False,False,True,False,False,True
0,1,57,1,0,0,0,0,0,0,0,0,19.5,1167.6,0,33,1,3,5864,2900,False,True,False,True,False,False,False
0,0,3,1,0,0,0,1,0,0,0,1,74.75,238.1,0,48,0,0,3319,1247,True,False,False,False,False,False,True
0,0,2,1,0,0,0,0,0,0,0,0,69.65,145.15,1,52,0,0,2323,293,True,False,False,False,False,True,False
0,0,49,0,0,0,0,1,0,0,0,1,30.2,1453.1,0,22,0,0,5214,30419,False,False,False,False,False,False,False
0,0,4,1,0,0,0,0,0,0,0,0,45.65,191.05,1,47,0,0,2864,15508,False,False,False,False,False,False,True
0,1,70,0,0,0,1,1,1,1,1,0,57.8,4039.3,0,22,1,0,5640,2502,False,False,False,True,False,False,False
0,1,53,1,0,0,0,0,0,0,0,1,19.85,1039.45,0,60,1,0,4836,10781,False,True,True,False,False,False,False
0,1,53,1,1,0,0,0,0,0,0,0,25.55,1336.1,0,37,1,3,5794,302,False,True,False,True,True,False,False
0,0,1,1,1,0,0,0,0,0,0,1,75.05,75.05,1,23,0,0,4838,46171,True,False,False,False,False,False,True
0,0,22,1,1,0,0,0,0,0,0,1,24.85,493.4,0,49,0,0,3534,798,False,True,False,False,True,False,False
1,0,52,0,0,0,1,0,0,1,1,1,49.15,2550.9,1,76,0,0,5597,46171,False,False,False,False,False,True,False
1,0,65,1,1,1,0,1,1,1,1,1,110.35,7246.15,0,80,0,0,4295,4198,True,False,False,True,False,True,False
0,0,48,1,1,0,0,0,0,0,0,0,24.55,1203.95,0,63,0,0,5517,65566,False,True,True,False,False,False,False
0,0,2,0,0,0,0,0,0,0,1,1,34.7,62.25,1,19,0,0,3146,266,False,False,False,False,False,True,False
0,0,3,1,1,0,1,1,0,1,1,0,107.95,313.6,0,57,0,0,3449,2956,True,False,False,False,False,False,True
0,1,45,1,1,0,1,0,0,0,0,0,81.4,3775.85,0,64,1,0,5602,56,True,False,False,False,False,False,False
0,1,1,1,0,0,0,0,0,0,1,0,80.0,80.0,1,48,1,0,2046,15177,True,False,False,False,False,True,False
0,1,61,1,0,0,0,1,1,1,1,1,73.8,4616.05,0,57,1,0,6301,3546,False,False,False,True,False,False,False
0,0,3,1,0,1,0,0,1,1,0,1,64.4,195.65,0,37,0,0,5645,1729,False,False,False,False,True,False,False
1,0,40,1,1,0,0,1,1,1,1,1,103.75,4188.4,0,74,0,0,3568,5689,True,False,True,False,True,False,False
0,0,1,1,0,0,0,0,0,0,0,0,71.1,71.1,0,47,0,0,3029,14937,True,False,False,False,False,False,True
0,0,1,1,0,0,0,0,1,0,0,1,49.9,49.9,0,33,0,0,4667,5868,False,False,False,False,False,True,False
0,0,51,1,1,0,0,0,0,0,0,1,24.6,1266.4,0,58,0,0,4886,2318,False,True,True,False,False,False,False
1,0,2,1,0,1,0,0,0,0,0,1,49.25,91.1,1,69,0,0,3475,47224,False,False,False,False,False,True,False
0,0,52,0,0,0,1,0,0,0,0,0,30.1,1623.4,0,42,0,0,6290,56101,False,False,True,False,False,False,True
0,0,51,1,1,0,0,0,0,0,1,0,83.4,4149.45,0,55,0,0,4191,236,True,False,False,False,False,False,False
0,0,1,1,0,0,0,0,0,0,0,1,20.45,20.45,0,53,0,0,5384,44741,False,True,False,False,False,False,True
0,1,31,1,1,1,1,0,1,0,1,1,75.25,2344.5,0,55,1,0,4258,22760,False,False,True,False,False,False,False
0,0,47,1,0,0,0,0,0,0,0,0,20.55,1013.05,0,62,0,0,3313,1935,False,True,True,False,True,False,False
0,0,3,1,1,0,0,0,0,0,0,1,75.1,270.7,1,63,0,0,4965,47224,True,False,False,False,True,False,False
1,0,22,1,0,0,0,0,0,0,0,1,20.05,417.0,0,65,0,0,4327,8870,False,True,True,False,False,False,True
0,1,1,1,0,0,0,0,0,0,0,1,20.65,20.65,0,64,1,0,4517,88,False,True,False,False,False,False,True
0,1,72,1,1,0,1,1,1,1,1,1,85.15,6316.2,0,19,1,0,6322,36718,False,False,False,True,False,False,False
0,1,3,1,0,0,0,1,0,0,0,1,50.15,168.15,1,23,1,0,3273,47224,False,False,False,False,False,True,False
1,1,47,1,0,0,1,0,0,1,0,1,84.95,4018.05,0,72,1,1,3384,12963,True,False,True,False,False,False,False
0,1,72,1,1,1,0,1,1,0,0,1,66.5,4811.6,0,23,1,0,4397,44588,False,False,False,True,True,False,False
0,1,66,1,1,0,0,1,0,1,0,1,63.3,4189.7,0,34,1,0,4186,35643,False,False,False,True,False,False,False
0,0,35,1,1,0,0,0,0,1,0,0,83.15,2848.45,0,52,0,0,2332,53481,True,False,False,False,False,True,False
0,0,29,1,1,0,0,0,0,0,1,1,84.9,2516.2,0,56,0,0,4388,59195,True,False,False,False,False,True,False
0,0,2,1,0,0,0,0,0,0,0,1,20.55,33.6,0,30,0,0,5629,44915,False,True,False,False,False,False,True
0,0,4,1,0,0,1,0,0,0,0,0,49.25,208.45,0,34,0,0,3272,58632,False,False,False,False,False,False,True
0,0,25,1,0,1,1,0,0,0,0,1,79.85,2015.35,1,54,0,0,4535,47224,True,False,False,False,False,False,False
0,0,65,1,0,1,1,0,1,0,0,1,59.6,3739.8,0,19,0,0,4372,40836,False,False,False,True,False,False,True
1,0,27,1,1,0,1,0,1,1,1,1,104.65,2964.0,0,76,0,0,3104,25126,True,False,True,False,False,False,False
0,1,29,1,0,0,0,1,0,0,0,1,75.3,2263.4,0,26,1,0,4910,27047,True,False,False,False,True,False,False
0,1,29,1,1,0,1,1,0,1,1,0,80.1,2211.8,0,60,1,2,4558,14859,False,False,False,False,True,False,False
0,0,1,1,0,0,0,0,0,0,0,0,19.55,19.55,1,27,0,0,3556,47224,False,True,False,False,False,False,True
0,1,20,1,0,0,0,1,1,0,0,1,81.0,1683.7,0,45,1,0,4741,24499,True,False,False,False,False,False,True
0,0,58,1,1,0,0,0,0,0,0,1,24.7,1519.0,0,23,0,0,5138,29539,False,True,False,True,True,False,False
0,0,14,1,1,1,0,0,1,0,0,1,86.0,1164.05,0,53,0,1,5494,812,True,False,False,False,False,False,True
0,1,72,1,1,0,0,0,0,0,0,0,25.4,1710.9,0,61,1,0,5512,1363,False,True,False,True,False,False,True
0,0,46,1,1,1,0,0,0,1,0,1,89.15,4245.55,0,21,0,0,5593,4644,True,False,False,False,True,False,False
0,1,71,0,0,0,1,1,1,1,1,0,58.25,4145.9,0,40,1,0,5224,6526,False,False,False,True,False,False,False
0,0,32,1,1,0,0,0,0,0,1,1,85.65,2664.3,0,51,0,0,2383,210,True,False,False,False,False,False,False
0,0,26,0,0,0,0,1,0,1,1,1,50.35,1277.5,0,47,0,0,2510,3220,False,False,False,False,True,False,False
1,1,68,1,1,0,0,1,0,0,0,1,80.35,5589.3,0,75,1,0,5581,1203,True,False,False,False,True,False,False
0,1,2,1,0,0,0,0,0,0,0,0,20.2,34.75,0,22,1,0,3866,13106,False,True,True,False,False,False,True
0,1,61,1,0,0,0,0,0,0,0,0,20.55,1305.95,0,24,1,0,4446,5726,False,True,False,True,True,False,False
0,1,4,1,1,0,0,0,0,0,1,1,85.95,381.3,1,48,1,0,5640,47224,True,False,False,False,False,True,False
0,0,3,1,0,0,0,0,0,0,0,1,45.35,141.5,1,26,0,0,2450,47224,False,False,False,False,False,True,False
1,1,33,1,1,0,0,0,0,1,1,1,94.5,3105.55,1,72,1,0,4333,47224,True,False,False,False,False,True,False
1,1,9,1,0,0,0,0,0,0,0,1,21.25,204.55,0,70,1,0,2302,1317,False,True,False,False,False,False,True
0,0,22,1,1,0,0,0,0,0,0,0,26.25,605.9,0,47,0,0,5676,10909,False,True,False,True,False,False,True
0,1,5,1,0,0,0,0,0,1,0,1,80.85,356.1,0,20,1,2,5109,15405,True,False,False,False,False,True,False
1,0,30,1,1,1,1,1,0,0,0,0,91.7,2758.15,1,69,0,0,2482,47224,True,False,False,False,True,False,False
0,0,65,1,1,0,1,1,1,0,1,1,74.2,4805.65,0,41,0,0,4774,35586,False,False,False,True,True,False,False
0,0,45,1,1,0,0,1,1,0,0,1,87.25,3941.7,1,29,0,0,5269,47224,True,False,False,False,False,True,False
0,0,5,1,0,0,0,0,0,0,0,0,20.35,92.75,0,46,0,0,2303,670,False,True,False,False,False,False,True
0,1,25,1,0,0,1,0,0,0,0,1,75.5,1901.05,0,51,1,3,5985,2666,True,False,False,False,False,True,False
0,1,72,1,1,1,0,0,0,0,0,0,79.05,5730.7,0,27,1,0,4689,471,True,False,False,True,False,False,False
0,1,27,1,1,0,0,1,0,0,1,0,90.15,2423.4,0,25,1,0,5750,2687,True,False,False,False,False,False,False
0,1,32,0,0,0,0,1,0,1,1,0,50.6,1653.45,0,48,1,2,3087,30540,False,False,False,False,True,False,False
0,0,30,1,1,0,1,1,1,1,1,0,110.45,3327.05,0,19,0,0,4983,37364,True,False,True,False,True,False,False
0,1,70,1,0,1,1,1,1,0,1,0,101.0,7085.5,0,26,1,0,5025,43684,True,False,False,True,True,False,False
1,0,42,1,1,0,1,0,0,0,0,1,79.35,3344.1,0,66,0,0,2399,5710,True,False,False,False,False,False,False
1,1,72,1,1,1,1,1,1,1,1,1,89.85,6697.35,0,68,1,0,5881,1255,False,False,False,True,False,False,False
0,0,47,1,1,1,0,1,1,0,0,1,65.0,2879.9,0,38,0,0,3286,7958,False,False,False,True,False,False,True
0,0,2,1,0,1,0,1,0,0,0,1,80.45,137.1,0,35,0,0,5602,7918,True,False,False,False,False,True,False
0,0,10,1,1,1,0,0,0,1,1,0,98.55,1008.55,1,51,0,0,3658,47224,True,False,False,False,False,True,False
0,1,61,1,1,0,0,0,0,0,0,1,24.1,1551.6,0,23,1,0,5970,8316,False,True,False,True,False,False,True
0,0,5,1,0,0,0,0,0,0,0,1,44.05,202.15,0,46,0,0,5846,7831,False,False,False,False,True,False,False
1,1,72,1,1,0,1,1,1,1,1,1,110.8,7882.25,0,69,1,0,5933,340,True,False,False,True,True,False,False
1,1,72,1,1,1,1,1,1,1,1,1,114.95,8196.4,0,75,1,0,6268,1826,True,False,False,True,False,False,False
1,0,3,1,0,0,0,1,0,0,0,0,75.05,202.9,0,74,0,0,3545,13309,True,False,False,False,False,False,True
0,1,48,1,0,0,0,0,0,0,0,0,19.25,855.1,0,43,1,0,2282,2241,False,True,False,True,False,False,True
0,0,63,1,0,0,0,1,1,1,0,1,90.05,5817.0,0,41,0,0,4039,826,True,False,True,False,True,False,False
0,0,27,1,0,1,1,0,0,0,0,1,56.7,1652.95,0,35,0,0,4472,1022,False,False,False,False,False,False,True
0,1,70,1,0,1,1,1,0,1,1,1,80.15,5600.15,0,28,1,0,5715,64,False,False,False,True,True,False,False
0,1,7,1,0,1,0,1,1,0,1,1,71.35,515.75,0,47,1,2,3459,7685,False,False,False,False,True,False,False
0,0,0,1,0,0,0,0,0,0,0,0,20.25,0.0,0,24,0,0,5504,734,False,True,False,True,False,False,True
0,1,2,1,0,1,1,0,0,1,0,0,90.35,190.5,0,19,1,0,5361,46171,True,False,False,False,False,True,False
1,0,20,1,1,0,0,1,0,1,1,1,98.55,1842.8,1,73,0,0,5444,47224,True,False,False,False,False,True,False
0,0,66,1,0,0,0,0,0,0,0,0,19.7,1253.8,0,50,0,0,4601,618,False,True,False,True,False,False,False
0,0,3,1,0,0,0,0,0,0,0,0,19.85,57.2,0,22,0,0,5634,71,False,True,False,False,False,False,True
0,0,15,1,0,0,1,0,0,0,1,1,85.9,1269.55,1,37,0,0,3579,1436,True,False,False,False,False,False,False
0,1,72,1,1,1,1,0,1,0,0,1,90.35,6563.4,0,41,1,0,5794,2771,True,False,False,True,False,False,False
0,0,1,1,0,0,0,0,0,0,0,0,20.8,20.8,0,37,0,0,3678,35109,False,True,False,False,False,False,True
0,0,22,1,0,0,0,0,0,1,1,0,89.25,1907.85,1,38,0,0,3161,57794,True,False,False,False,False,True,False
0,1,3,1,0,0,0,0,0,0,0,1,70.3,208.85,1,31,1,0,3038,49309,True,False,False,False,False,True,False
0,1,72,1,1,1,0,1,1,0,0,0,66.85,4758.8,0,56,1,0,6264,504,False,False,False,True,False,False,False
0,1,65,1,0,0,0,0,0,0,0,0,19.9,1292.6,0,30,1,0,6312,11198,False,True,False,True,False,False,True
0,0,11,0,0,0,0,0,0,1,0,1,35.8,363.15,0,22,0,0,2534,1220,False,False,False,False,False,False,True
0,0,22,1,1,0,1,0,0,0,0,1,78.85,1600.25,0,56,0,0,2444,42239,True,False,False,False,False,False,True
0,0,14,1,0,0,0,0,0,0,0,0,20.4,275.7,0,23,0,0,5068,8217,False,True,True,False,False,False,False
0,0,41,1,0,0,0,0,1,0,0,1,74.25,3089.1,0,45,0,0,3277,318,True,False,False,False,False,True,False
0,1,17,1,0,1,1,0,0,0,1,0,64.8,1175.6,0,32,1,0,3546,67232,False,False,True,False,False,False,True
0,0,11,1,0,0,0,0,0,0,0,1,20.45,237.3,0,63,0,0,2642,34045,False,True,False,False,True,False,False
0,0,15,1,1,0,0,0,0,1,1,1,93.35,1444.65,1,49,0,0,5264,25370,True,False,False,False,False,True,False
0,0,1,1,0,0,0,0,0,0,0,0,19.9,19.9,1,45,0,0,4248,1613,False,True,False,False,False,False,True
0,1,5,1,0,1,0,1,0,0,1,1,88.9,454.15,1,37,1,0,4356,117,True,False,False,False,False,False,True
0,1,33,1,0,0,0,1,0,1,1,1,95.8,3036.75,1,24,1,0,4161,46171,True,False,True,False,False,True,False
0,1,72,1,1,1,1,1,0,1,1,1,110.65,8065.65,0,24,1,0,4259,14931,True,False,False,True,True,False,False
0,1,3,0,0,0,1,0,0,0,1,0,40.3,92.5,0,59,1,3,5651,25805,False,False,False,False,False,False,True
0,0,2,1,1,0,1,0,0,0,0,1,82.0,184.65,1,42,0,0,3051,46171,True,False,False,False,False,True,False
0,1,59,1,1,1,1,1,1,0,1,1,107.0,6152.3,0,20,1,0,4620,413,True,False,True,False,True,False,False
0,0,2,1,0,0,0,0,0,0,0,0,45.35,89.5,1,63,0,0,3478,6787,False,False,False,False,False,True,False
0,1,71,1,0,0,1,0,1,1,1,1,73.35,5154.5,0,30,1,0,5124,1968,False,False,False,True,True,False,False
0,1,5,1,0,0,0,0,0,0,0,0,44.8,220.45,0,45,1,2,2492,3464,False,False,False,False,False,False,True
0,1,27,1,0,1,1,0,0,0,0,1,54.75,1510.3,0,54,1,6,3519,273,False,False,False,False,True,False,False
0,0,1,1,0,0,0,0,1,0,0,1,52.2,52.2,1,41,0,0,4138,613,False,False,False,False,False,True,False
0,0,63,0,0,1,1,0,1,0,0,1,40.6,2588.95,0,48,0,0,6406,273,False,False,True,False,False,False,False
1,0,46,1,1,1,1,1,0,1,1,1,110.0,4874.8,1,65,0,0,2403,807,True,False,True,False,False,True,False
0,1,72,1,1,1,0,0,0,0,0,0,55.3,3983.6,0,40,1,0,6259,1766,False,False,False,True,False,False,False
0,1,34,1,1,1,0,0,1,0,0,1,60.85,2003.6,0,59,1,0,3012,5446,False,False,False,False,False,False,False
0,1,24,1,1,1,1,0,0,1,1,0,78.4,1832.4,0,54,1,0,2506,19391,False,False,True,False,False,True,False
0,0,72,1,1,1,1,1,1,0,0,0,69.65,4908.25,0,53,0,0,4262,46858,False,False,False,True,False,False,False
0,1,60,0,0,1,0,1,1,1,1,0,59.85,3590.2,0,46,1,0,5790,33856,False,False,False,True,True,False,False
0,0,68,1,1,1,1,1,0,0,1,1,76.9,5023.0,0,60,0,0,5355,9395,False,False,True,False,True,False,False
0,1,8,1,0,0,0,0,0,0,0,1,19.85,146.6,0,44,1,0,3260,5519,False,True,False,True,False,False,True
0,0,34,1,0,1,0,1,1,1,0,0,67.65,2339.3,0,22,0,0,4263,1965,False,False,False,True,True,False,False
0,0,6,0,0,0,0,0,0,1,1,0,45.0,298.7,0,25,0,0,2270,24206,False,False,False,False,True,False,False
0,1,2,1,0,0,1,0,1,0,1,1,64.2,143.65,0,38,1,0,4369,9388,False,False,False,False,False,False,True
0,0,31,1,1,0,0,0,1,0,0,0,81.7,2548.65,0,24,0,0,4850,506,True,False,True,False,True,False,False
0,1,20,1,1,0,0,0,0,0,0,1,25.55,507.4,0,47,1,7,3235,9491,False,True,False,False,False,False,False
0,1,1,1,0,0,0,0,0,0,0,0,20.0,20.0,0,21,1,3,2358,77,False,True,False,False,False,True,False
0,0,62,1,1,0,0,1,0,1,1,1,96.75,6125.4,1,58,0,0,5016,1852,True,False,True,False,False,True,False
1,1,70,1,1,0,0,0,0,0,0,1,75.65,5411.4,0,72,1,0,4181,5635,True,False,False,True,True,False,False
0,0,10,1,1,0,0,0,1,1,1,1,98.5,1058.25,1,33,0,0,5184,1125,True,False,False,False,False,True,False
0,1,39,1,1,0,0,0,0,0,0,1,23.8,903.8,0,39,1,0,3970,152,False,True,False,True,False,False,True
0,1,46,1,0,0,1,0,1,1,0,1,64.2,3009.5,0,61,1,0,4699,93,False,False,False,True,True,False,False
0,0,6,1,0,0,1,0,0,1,0,1,85.35,489.45,1,61,0,0,4694,14062,True,False,False,False,False,True,False
0,1,72,1,1,0,0,1,0,1,1,1,76.8,5468.45,0,45,1,0,5120,14088,False,False,False,True,False,False,False
0,0,18,1,0,0,0,1,1,0,0,0,55.2,1058.1,0,63,0,0,2110,52,False,False,False,False,True,False,False
0,1,71,1,1,1,0,1,1,1,1,1,108.55,7616.0,0,29,1,0,4111,29124,True,False,False,True,True,False,False
0,1,40,1,1,0,1,0,0,1,1,1,101.3,4113.1,1,54,1,0,2576,28434,True,False,False,False,False,True,False
0,0,1,1,0,0,0,0,0,0,0,1,69.55,69.55,1,27,0,0,3042,49247,True,False,False,False,False,True,False
0,0,58,1,1,0,1,1,0,1,1,1,103.25,6017.65,1,20,0,0,6105,48690,True,False,True,False,False,False,False
0,0,70,1,1,1,0,0,1,1,1,1,104.0,7250.15,1,25,0,0,4544,571,True,False,False,True,True,False,False
0,1,42,1,1,0,0,0,0,0,0,0,25.25,1108.2,0,55,1,0,3052,3376,False,True,False,True,False,True,False
0,1,34,0,0,1,0,0,0,0,0,0,30.4,938.65,0,23,1,0,4697,8521,False,False,True,False,False,False,False
1,0,5,1,0,0,0,0,0,0,0,0,20.05,94.15,0,65,0,0,2154,173,False,True,False,False,False,False,False
0,0,25,1,1,0,0,0,0,1,0,1,84.6,2088.05,0,23,0,0,4874,8449,True,False,False,False,False,False,True
0,0,2,1,0,0,0,1,0,0,1,1,86.2,178.7,1,62,0,0,2969,9780,True,False,False,False,False,False,True
0,1,55,1,0,0,1,1,1,1,1,1,103.7,5656.75,0,37,1,3,5892,12587,True,False,True,False,False,False,False
0,1,21,1,1,0,1,1,1,1,1,1,111.2,2317.1,1,24,1,0,4123,3258,True,False,False,False,False,True,False
0,1,70,1,1,1,1,0,1,0,0,1,88.0,5986.45,0,30,1,0,4867,1314,True,False,False,True,True,False,False
0,1,61,1,1,0,0,1,1,1,1,1,106.35,6751.35,0,41,1,0,5632,265,True,False,False,False,False,True,False
0,1,43,1,0,1,0,1,1,1,1,1,79.15,3566.6,0,62,1,0,3716,972,False,False,False,True,True,False,False
0,0,47,1,1,0,1,1,0,1,1,1,103.1,4889.3,0,37,0,0,5029,25923,True,False,True,False,False,True,False
0,0,5,1,0,0,0,1,1,1,0,1,63.95,318.1,0,38,0,0,3099,5729,False,False,False,False,True,False,False
0,0,62,1,1,0,0,0,0,0,0,1,25.8,1563.95,0,55,0,0,6201,28991,False,True,False,True,True,False,False
0,1,16,1,0,0,1,1,0,1,0,1,89.45,1430.25,1,41,1,0,3696,4318,True,False,False,False,True,False,False
1,1,7,1,1,0,0,0,0,1,1,1,95.6,644.35,1,74,1,0,3265,26213,True,False,False,False,False,False,False
0,1,14,1,1,0,0,0,0,0,0,0,25.55,372.45,0,47,1,1,2080,642,False,True,False,False,False,False,True
0,1,60,1,0,0,1,1,0,1,0,0,90.95,5453.4,1,21,1,0,4111,343,True,False,True,False,False,True,False
0,1,34,0,0,0,0,1,1,1,0,1,44.85,1442.6,0,35,1,3,5569,306,False,False,False,False,False,True,False
0,1,50,1,1,1,1,0,1,1,1,0,108.55,5610.7,1,58,1,0,4274,2633,True,False,True,False,False,True,False
0,1,38,1,1,0,0,0,0,0,0,0,25.05,963.95,0,44,1,1,3772,1130,False,True,False,True,True,False,False
0,1,70,1,0,1,1,1,1,0,1,0,74.1,5222.3,0,46,1,0,6325,327,False,False,True,False,True,False,False
0,1,37,1,1,0,1,0,0,1,0,1,88.8,3340.55,0,33,1,2,3746,646,True,False,False,False,False,True,False
1,0,4,1,0,0,0,0,0,1,0,1,78.85,292.8,1,65,0,0,5301,3146,True,False,False,False,False,True,False
1,1,60,1,1,1,1,0,0,0,1,1,93.25,5774.55,0,70,1,3,4353,13858,True,False,False,False,False,True,False
0,1,62,1,0,1,0,1,1,0,1,0,71.4,4487.3,0,47,1,0,5327,47999,False,False,True,False,True,False,False
0,0,1,1,0,0,0,0,0,0,0,0,44.4,44.4,1,45,0,0,3522,31180,False,False,False,False,False,False,True
0,0,36,1,0,1,0,1,1,1,1,1,79.2,2854.95,0,27,0,0,4830,26580,False,False,False,False,True,False,False
0,0,44,1,0,0,0,0,0,0,0,0,20.4,905.55,0,36,0,0,2404,35451,False,True,False,True,True,False,False
1,0,55,1,1,0,0,1,0,1,1,1,100.0,5509.3,1,66,0,0,5679,35790,True,False,True,False,False,True,False
0,1,72,1,1,1,0,1,0,1,1,1,105.0,7589.8,0,44,1,0,5678,29337,True,False,False,True,True,False,False
0,1,12,1,0,0,0,0,0,0,0,0,19.8,229.6,1,59,1,0,2653,36274,False,True,True,False,False,False,False
0,0,13,0,0,1,0,0,0,0,0,1,30.85,394.1,0,59,0,0,2444,45087,False,False,False,False,False,False,False
0,0,1,1,0,0,0,0,0,1,1,1,89.9,89.9,1,21,0,0,5951,6848,True,False,False,False,False,True,False
0,1,15,1,0,0,0,0,0,0,0,0,20.55,295.95,0,23,1,0,3009,60889,False,True,True,False,False,False,True
0,0,65,1,0,1,1,1,1,1,1,1,84.85,5459.2,0,57,0,0,5434,21010,False,False,False,True,False,False,False
0,1,12,0,0,1,0,0,1,0,0,0,33.15,444.75,0,54,1,0,3882,39148,False,False,True,False,True,False,False
0,1,72,1,1,1,1,1,1,1,1,1,92.0,6782.15,0,55,1,0,5883,54701,False,False,False,True,True,False,False
0,1,72,1,1,1,1,1,1,1,1,0,89.8,6510.45,0,23,1,0,5762,16346,False,False,False,True,True,False,False
0,1,72,1,1,1,1,1,1,1,1,1,115.8,8476.5,0,57,1,2,5841,35739,True,False,False,True,False,False,False
0,0,52,1,1,1,1,0,1,1,1,1,85.15,4461.85,0,63,0,0,4322,58548,False,False,False,True,False,False,True
0,0,2,1,1,0,0,0,0,0,0,0,24.85,62.0,0,50,0,0,5983,53946,False,True,False,False,False,False,True
0,0,5,1,0,1,0,0,1,1,0,1,64.35,352.65,0,63,0,0,4771,22292,False,False,False,False,False,True,False
0,0,68,1,0,0,0,0,0,0,0,0,20.5,1424.9,0,32,0,0,4201,13027,False,True,False,True,True,False,False
0,0,62,1,1,0,0,1,0,1,1,1,100.15,6413.65,1,41,0,0,5600,48690,True,False,True,False,False,True,False
0,0,72,1,1,1,1,0,1,1,1,0,86.05,6309.65,0,22,0,0,5965,2966,False,False,False,True,True,False,False
0,0,1,1,0,0,1,0,0,0,0,0,50.8,50.8,1,58,0,0,3718,13121,False,False,False,False,False,True,False
0,1,66,1,1,1,1,0,1,0,0,0,89.0,5898.6,0,59,1,0,4488,6691,True,False,True,False,False,True,False
0,1,72,0,0,1,1,1,1,1,1,1,64.8,4719.75,0,52,1,0,4036,1140,False,False,False,True,True,False,False
0,0,26,1,0,0,0,0,0,0,0,0,19.8,457.3,0,63,0,0,5823,9023,False,True,True,False,True,False,False
0,1,64,1,1,1,0,1,0,0,1,0,93.4,5822.3,0,53,1,1,6249,14204,True,False,False,True,False,False,False
1,1,20,1,0,0,1,0,0,0,0,1,73.65,1463.5,1,71,1,0,5849,254,True,False,False,False,False,True,False
0,0,3,1,0,0,1,0,0,1,1,1,95.1,307.4,1,55,0,0,5861,14477,True,False,False,False,False,True,False
0,0,22,1,1,0,0,0,0,1,1,1,94.65,2104.55,1,52,0,0,3665,538,True,False,False,False,True,False,False
0,1,4,1,0,0,0,1,1,0,0,1,80.6,319.15,1,46,1,0,3080,21759,True,False,False,False,False,False,True
0,1,62,0,0,0,0,0,1,1,0,1,39.0,2337.45,0,61,1,0,4987,32857,False,False,False,True,False,False,False
0,0,5,1,0,0,0,0,0,0,0,1,20.5,104.3,0,44,0,0,5263,15449,False,True,False,False,False,False,True
0,1,59,1,1,0,0,0,0,0,1,0,85.55,5084.65,1,24,1,0,6304,4602,True,False,True,False,False,True,False
0,0,3,1,1,0,0,0,0,0,0,1,26.4,121.25,0,44,0,1,4315,521,False,True,False,True,False,False,True
0,1,72,1,1,1,0,1,1,1,0,1,98.2,7015.9,0,32,1,0,4332,38244,True,False,False,True,False,False,False
0,1,57,1,0,0,1,1,0,1,1,1,97.55,5598.0,0,26,1,3,5833,13003,True,False,True,False,True,False,False
0,0,66,1,0,0,0,0,0,0,0,0,19.95,1269.1,0,63,0,1,6382,407,False,True,False,True,True,False,False
0,0,60,0,0,0,1,0,0,1,1,1,50.8,3027.4,1,58,0,0,4941,25566,False,False,False,False,False,True,False
0,0,45,1,1,0,0,1,0,1,1,0,99.7,4634.35,0,33,0,2,3333,3635,True,False,False,True,False,False,False
0,0,3,0,0,0,0,0,0,1,0,1,34.8,113.95,0,25,0,0,2496,40346,False,False,False,False,True,False,False
0,0,15,1,0,1,0,1,1,1,1,0,105.1,1582.75,1,54,0,0,2122,47453,True,False,False,False,False,True,False
0,0,51,0,0,1,0,1,1,1,1,0,60.15,3077.0,0,48,0,0,5404,63337,False,False,True,False,False,False,False
0,0,60,1,1,1,0,1,1,0,0,0,64.75,4039.5,0,29,0,0,6408,17929,False,False,True,False,False,True,False
0,0,33,1,1,0,1,0,0,0,0,1,54.65,1665.2,0,62,0,0,5201,1622,False,False,False,False,False,False,False
0,0,10,1,0,1,1,1,1,1,1,1,110.1,1043.3,1,53,0,0,5803,148,True,False,False,False,False,True,False
1,0,26,1,0,0,0,0,0,0,0,0,19.3,504.2,0,65,0,0,2269,18486,False,True,True,False,True,False,False
0,0,6,1,0,0,0,1,0,0,1,0,83.9,497.55,1,40,0,0,3962,21496,True,False,False,False,False,True,False
0,1,67,1,1,1,0,1,1,1,1,1,111.25,7511.65,0,39,1,0,5649,39062,True,False,True,False,False,True,False
0,1,49,0,0,1,0,0,1,0,0,1,35.8,1782.0,0,19,1,0,4865,6876,False,False,True,False,True,False,False
0,0,1,1,0,0,0,0,0,0,0,1,20.05,20.05,0,42,0,0,5368,6601,False,True,False,False,False,False,True
1,0,7,1,0,0,0,1,0,1,0,1,84.35,609.65,0,66,0,0,2107,20350,True,False,False,False,False,True,False
1,0,27,1,1,1,1,1,0,1,1,1,110.5,2857.6,0,70,0,0,4997,2346,True,False,True,False,False,False,False
0,1,37,1,0,0,0,0,0,1,1,0,91.2,3247.55,0,23,1,3,5263,3064,True,False,True,False,True,False,False
0,1,63,1,1,1,1,1,0,1,0,1,100.55,6215.35,1,48,1,0,5413,32143,True,False,False,False,False,True,False
0,1,31,1,1,1,0,1,1,0,0,0,89.3,2823.0,0,37,1,3,2132,13483,True,False,False,False,False,True,False
0,1,50,1,1,0,1,1,0,1,1,1,103.85,5017.9,1,55,1,0,5812,27822,True,False,False,False,False,False,False
1,0,32,1,1,0,0,1,0,0,0,1,81.1,2619.25,0,77,0,0,2143,38885,True,False,False,False,True,False,False
0,0,1,0,0,0,0,0,0,0,0,0,24.6,24.6,1,39,0,0,5768,2055,False,False,False,False,False,True,False
0,1,63,1,1,0,0,0,1,0,0,1,81.2,4965.1,0,56,1,0,6063,35737,True,False,True,False,True,False,False
0,0,30,1,1,1,1,0,0,0,1,1,94.3,2679.7,0,53,0,0,4219,25569,True,False,False,False,True,False,False
0,1,71,1,1,1,1,1,1,1,1,1,116.1,8310.55,0,29,1,0,5027,32368,True,False,False,True,False,False,False
0,0,53,1,1,0,1,1,0,1,1,0,105.55,5682.25,0,33,0,0,5731,10658,True,False,False,True,False,True,False
0,0,12,1,0,1,0,0,1,1,1,1,98.9,1120.95,1,64,0,0,5559,39566,True,False,False,False,False,False,False
0,1,50,1,1,1,1,0,0,0,1,1,94.4,4914.9,0,27,1,0,5548,28098,True,False,False,False,True,False,False
0,0,2,1,0,0,0,0,0,0,0,0,19.5,27.55,0,19,0,0,4836,291,False,True,False,False,False,False,True
0,0,9,1,1,0,0,1,0,1,1,0,98.3,923.5,1,27,0,0,2954,60599,True,False,False,False,True,False,False
0,0,17,1,0,1,0,0,0,1,1,0,93.85,1625.65,1,36,0,0,4940,64010,True,False,False,False,False,True,False
0,1,56,1,0,1,1,1,0,1,1,1,105.6,6068.65,0,35,1,0,4196,50070,True,False,True,False,True,False,False
0,1,67,1,0,1,1,1,0,1,1,0,81.35,5398.6,0,60,1,0,4219,16985,False,False,False,True,True,False,False
1,0,9,1,1,0,0,1,0,1,1,1,100.5,918.6,1,65,0,0,4038,28998,True,False,False,False,False,True,False
0,0,4,1,0,0,0,0,0,1,0,1,56.4,234.85,0,38,0,0,5344,23036,False,False,False,False,False,True,False
0,0,19,1,0,0,1,0,1,0,1,1,65.35,1231.85,0,61,0,0,2051,384,False,False,True,False,False,False,False
0,0,8,1,0,0,0,0,0,0,0,0,19.95,170.9,0,26,0,3,5919,2066,False,True,False,False,False,False,True
0,0,71,1,1,0,1,1,1,1,1,1,111.25,7984.15,0,29,0,0,4361,17372,True,False,False,True,False,True,False
1,0,10,1,0,0,1,0,0,0,0,1,72.85,688.65,1,69,0,0,3189,13723,True,False,False,False,False,True,False
1,0,15,1,1,0,1,0,0,1,0,0,89.0,1288.3,0,72,0,0,4452,56330,True,False,False,False,True,False,False
0,1,72,1,1,1,0,1,0,1,1,1,106.1,7848.5,0,40,1,1,6283,74641,True,False,True,False,False,False,False
0,0,12,1,0,0,0,0,0,0,0,0,20.05,267.0,0,42,0,0,4018,3337,False,True,True,False,True,False,False
0,1,72,1,1,0,0,0,0,0,0,1,25.2,1798.9,0,22,1,2,6499,73117,False,True,False,True,False,False,False
1,1,1,1,1,0,0,0,0,0,0,1,73.55,73.55,1,75,1,0,4369,30587,True,False,False,False,False,True,False
1,0,23,1,0,1,0,0,0,0,0,1,75.4,1643.55,0,67,0,0,2491,33122,True,False,False,False,False,False,False
0,0,72,0,0,1,1,1,1,1,1,1,65.55,4807.45,0,45,0,0,4266,42959,False,False,False,True,False,False,False
0,0,26,1,1,0,0,1,0,0,0,1,80.7,2193.0,0,37,0,0,4501,38756,True,False,False,False,False,True,False
0,0,21,1,0,0,1,1,1,1,1,1,104.55,2239.4,0,48,0,0,3471,38955,True,False,True,False,False,False,True
0,1,60,1,1,0,0,0,0,0,0,0,24.15,1505.9,0,23,1,0,4501,42476,False,True,True,False,False,False,False
0,0,12,1,0,0,0,0,0,0,0,0,20.45,255.35,0,26,0,0,4883,55504,False,True,False,False,False,False,True
0,1,16,1,1,0,0,0,0,0,0,1,75.4,1189.4,0,25,1,0,5432,22920,True,False,False,False,False,True,False
0,1,63,1,1,1,1,0,0,1,1,1,79.7,4786.15,0,38,1,0,4010,33177,False,False,True,False,True,False,False
1,0,22,1,0,1,1,0,0,0,0,0,81.7,1820.9,0,77,0,0,5602,20643,True,False,False,False,False,True,False
0,1,32,1,0,1,1,1,1,0,1,0,76.3,2404.15,0,54,1,1,5324,2240,False,False,False,False,False,False,False
1,0,3,1,1,0,1,0,0,0,0,1,79.4,205.05,1,75,0,0,3501,1458,True,False,False,False,False,True,False
0,0,13,1,0,0,1,1,0,0,0,1,81.15,952.3,1,37,0,0,4806,27906,True,False,False,False,False,True,False
0,1,68,1,1,0,1,0,1,1,1,1,103.75,7039.45,0,32,1,3,4121,26297,True,False,False,True,True,False,False
0,1,30,1,0,0,0,1,0,0,1,0,86.45,2538.05,0,53,1,3,2923,26831,True,False,True,False,False,True,False
0,0,16,1,0,0,1,0,0,0,0,0,75.1,1212.85,0,44,0,0,5176,40137,True,False,False,False,False,False,False
0,0,33,1,0,0,1,0,1,0,0,0,80.6,2651.1,0,32,0,0,5542,16198,True,False,False,True,False,False,False
0,1,72,1,0,0,0,0,0,0,0,0,19.3,1304.8,0,54,1,0,4035,45499,False,True,False,True,True,False,False
1,0,4,1,1,0,0,0,0,0,1,1,84.6,360.1,1,68,0,0,2467,1723,True,False,False,False,False,True,False
0,0,12,0,0,1,0,0,1,0,0,1,33.6,435.45,0,58,0,0,2990,13386,False,False,True,False,False,False,True
1,1,4,1,1,0,0,0,0,1,0,1,83.25,308.05,0,73,1,0,5251,24492,True,False,False,False,False,True,False
0,1,0,1,0,1,1,1,0,1,1,0,80.85,0.0,0,40,1,0,2048,32488,False,False,False,True,False,False,True
0,0,6,1,1,1,0,0,0,0,0,1,79.05,434.5,1,51,0,0,3263,23393,True,False,False,False,False,True,False
0,1,65,1,1,0,1,1,1,1,1,1,108.05,7118.9,0,32,1,0,6047,37926,True,False,True,False,True,False,False
0,0,15,1,0,0,0,0,0,0,0,0,19.9,320.45,0,46,0,0,3366,31882,False,True,False,False,False,False,True
0,0,24,1,0,0,0,0,0,0,0,0,21.05,531.55,0,55,0,0,2050,58555,False,True,True,False,False,False,False
0,0,13,0,0,0,1,0,0,0,0,0,30.15,382.2,0,50,0,2,3540,13996,False,False,False,False,False,True,False
0,0,24,1,0,0,0,0,0,0,1,1,79.85,2001.0,0,23,0,0,5128,19777,True,False,False,False,True,False,False
0,1,72,0,0,1,1,1,1,1,1,0,65.5,4919.7,0,56,1,0,4119,15187,False,False,False,True,False,False,False
0,1,54,1,1,1,1,0,0,1,1,1,104.1,5645.8,0,62,1,3,5795,3641,True,False,False,False,False,False,False
0,0,3,1,1,0,0,0,0,0,0,0,74.4,215.8,1,32,0,0,2054,90891,True,False,False,False,False,False,False
0,1,4,1,0,0,0,0,0,0,0,1,20.5,77.6,0,39,1,2,5053,25578,False,True,False,False,False,False,True
1,1,32,1,1,0,0,1,0,1,0,1,91.35,2896.55,0,66,1,1,2965,2379,True,False,False,False,False,False,True
1,0,35,1,1,0,0,1,0,1,1,1,99.05,3395.8,1,71,0,0,2074,138,True,False,False,False,False,True,False
0,1,35,1,0,0,0,0,0,0,0,0,20.5,759.35,0,42,1,1,2009,26577,False,True,False,True,False,False,False
1,0,2,1,0,0,0,0,0,0,0,0,44.95,85.15,1,80,0,0,5900,10153,False,False,False,False,False,False,True
0,0,8,1,0,0,1,0,0,0,0,0,75.6,535.55,0,64,0,0,2934,7384,True,False,False,False,False,True,False
0,0,22,1,0,1,0,0,1,0,0,0,55.1,1253.15,0,62,0,0,2729,14239,False,False,False,False,False,False,True
0,0,15,1,0,1,0,1,1,0,0,0,58.95,955.15,0,57,0,0,4497,27394,False,False,False,False,False,True,False
0,0,22,1,1,0,0,0,0,1,1,1,95.1,2162.6,0,39,0,0,3729,18650,True,False,False,False,False,True,False
0,1,1,1,0,0,0,0,0,0,0,0,44.7,44.7,1,21,1,0,3700,36186,False,False,False,False,True,False,False
0,1,71,1,1,0,0,0,0,0,0,0,25.45,1813.35,0,33,1,2,4993,39888,False,True,False,True,False,False,False
0,0,4,1,0,1,0,1,0,0,0,0,56.75,245.15,0,26,0,0,2401,32685,False,False,False,False,False,True,False
0,0,25,1,1,1,1,1,1,0,1,0,81.75,2028.8,0,59,0,0,5917,3193,False,False,False,False,False,False,False
0,1,32,1,0,0,1,0,0,1,0,1,86.1,2723.75,0,45,1,3,4970,32873,True,False,False,False,False,True,False
1,1,7,0,0,1,0,0,0,0,0,0,29.8,220.45,0,80,1,0,2587,23141,False,False,False,False,False,False,False
0,0,17,1,0,0,0,0,0,0,0,1,20.5,365.8,0,41,0,0,2259,77683,False,True,True,False,False,False,True
1,1,8,1,0,1,0,0,0,1,0,0,60.9,551.95,0,76,1,0,2136,9978,False,False,False,False,False,False,False
1,0,56,1,1,1,0,1,1,0,1,0,73.25,4054.2,0,80,0,0,4011,66543,False,False,False,True,False,False,False
0,0,1,1,0,0,0,0,0,0,0,1,45.7,45.7,1,36,0,0,3571,56126,False,False,False,False,False,False,True
1,0,8,1,0,1,0,0,1,1,1,0,100.3,832.35,1,66,0,0,5084,46917,True,False,False,False,True,False,False
0,0,7,1,0,0,0,0,0,0,0,0,19.25,112.3,1,53,0,0,4489,60274,False,True,False,False,False,True,False
0,0,3,1,0,0,0,0,0,0,0,0,20.85,60.65,0,50,0,3,5868,11147,False,True,False,False,False,False,True
0,0,71,1,0,1,1,1,1,1,0,0,77.35,5550.1,0,48,0,0,4846,72993,False,False,False,True,True,False,False
0,0,2,1,1,0,0,0,0,1,1,1,96.0,174.8,1,57,0,0,3391,27311,True,False,False,False,False,True,False
0,0,1,1,0,0,0,0,0,1,1,0,90.55,90.55,1,30,0,0,2627,41698,True,False,False,False,False,True,False
0,1,49,1,1,1,1,0,0,1,0,1,93.85,4733.1,0,30,1,0,5698,22479,True,False,False,False,False,False,False
0,0,58,1,0,0,1,1,1,1,0,0,70.1,4048.95,0,26,0,0,4474,23996,False,False,False,True,False,False,False
1,1,44,0,0,0,1,0,0,0,0,1,30.35,1359.7,1,73,1,0,4829,75929,False,False,False,False,False,True,False
0,1,59,1,0,0,1,0,1,1,1,1,75.95,4542.35,0,40,1,0,5446,13212,False,False,False,True,True,False,False
0,0,71,1,1,1,0,1,1,1,1,1,108.05,7532.15,1,30,0,0,5200,46677,True,False,False,True,False,True,False
0,0,1,1,0,0,0,0,0,0,0,1,69.9,69.9,1,51,0,0,5367,33883,True,False,False,False,False,True,False
0,0,11,1,1,0,0,0,0,0,0,0,75.25,888.65,0,34,0,0,5902,16510,True,False,False,False,False,True,False
1,1,62,1,1,0,1,1,0,1,1,1,103.75,6383.35,1,77,1,0,5052,63947,True,False,True,False,False,True,False
0,1,35,1,0,1,0,0,1,0,0,1,54.95,1916.0,0,20,1,0,4858,26894,False,False,True,False,False,False,False
0,0,20,1,0,0,0,0,0,0,0,1,19.5,413.0,0,23,0,0,5409,42491,False,True,False,False,False,False,False
0,1,40,1,0,0,0,0,0,0,0,0,19.6,808.95,0,21,1,1,2630,27607,False,True,False,True,False,False,True
0,0,39,1,0,1,0,0,0,0,0,1,47.85,1886.4,0,22,0,0,5531,17964,False,False,True,False,False,True,False
0,0,1,1,1,0,0,0,0,0,1,1,86.6,86.6,1,41,0,0,5228,16717,True,False,False,False,False,True,False
0,1,72,1,1,0,0,0,0,0,0,0,23.75,1679.25,0,62,1,1,4923,78816,False,True,False,True,False,False,False
1,1,33,1,1,0,1,0,0,0,0,1,80.6,2656.5,1,76,1,0,3601,36669,True,False,False,False,False,False,False
0,0,12,1,0,0,0,0,0,0,0,0,43.8,540.95,0,54,0,0,5706,494,False,False,False,False,False,False,False
0,0,1,1,0,0,0,0,0,0,0,0,19.75,19.75,0,48,0,0,3595,29636,False,True,False,False,False,False,False
0,0,27,1,0,0,0,0,0,0,0,0,19.15,537.35,0,20,0,2,4004,173,False,True,False,False,False,False,True
0,1,34,1,0,0,0,0,0,0,0,0,19.6,678.8,0,53,1,0,4669,5246,False,True,True,False,True,False,False
0,1,56,1,0,1,0,1,0,0,0,0,80.3,4513.65,0,56,1,0,6203,8506,True,False,False,True,False,False,False
0,0,58,1,1,0,0,0,0,0,0,0,24.35,1423.85,0,31,0,0,6190,9423,False,True,False,True,True,False,False
0,1,22,1,1,0,0,0,0,0,0,0,25.25,555.4,0,30,1,3,4386,223,False,True,False,True,True,False,False
0,1,10,1,1,0,0,0,0,0,0,0,26.1,225.55,0,27,1,2,3179,41871,False,True,False,True,True,False,False
0,0,13,1,0,0,0,0,0,0,0,0,20.0,268.45,0,23,0,0,3037,36568,False,True,False,True,True,False,False
0,0,35,1,1,0,1,0,1,0,0,0,85.3,2917.5,1,28,0,0,2455,19815,True,False,False,False,True,False,False
0,0,34,1,0,0,0,0,0,0,0,1,70.0,2416.1,1,61,0,0,2318,26240,True,False,False,False,True,False,False
1,0,4,1,1,0,0,0,0,1,1,1,94.3,424.45,1,65,0,0,5419,44078,True,False,False,False,False,True,False
0,1,72,1,0,0,0,0,0,0,0,0,20.7,1492.1,0,19,1,0,6317,39279,False,True,False,True,False,False,False
0,0,2,1,0,0,0,0,1,1,1,0,70.3,132.4,0,21,0,0,4799,790,False,False,False,False,False,True,False
0,0,7,1,0,0,0,1,0,1,1,1,95.35,660.9,1,46,0,0,3077,66472,True,False,False,False,False,True,False
1,1,27,1,1,0,0,0,0,0,0,1,75.5,1893.95,1,75,1,0,2377,28568,True,False,False,False,False,True,False
0,1,4,1,0,0,0,0,0,0,0,1,69.55,284.9,0,42,1,1,3708,42209,True,False,False,False,False,False,True
0,0,37,1,0,0,0,0,0,0,0,0,19.85,784.25,0,28,0,0,3408,37218,False,True,False,True,False,False,True
0,0,21,1,0,0,0,0,0,0,0,0,20.0,417.7,0,59,0,0,2366,51665,False,True,False,False,False,False,True
1,1,53,1,1,0,0,0,0,1,1,1,95.85,5016.25,0,69,1,0,5325,159,True,False,True,False,True,False,False
0,0,18,1,1,0,0,0,1,0,1,1,90.1,1612.75,1,33,0,0,4260,18024,True,False,False,False,False,True,False
0,0,2,1,0,0,0,0,0,0,0,0,68.95,119.75,1,26,0,0,5225,40917,True,False,False,False,False,True,False
0,1,32,1,1,1,0,0,0,1,1,1,99.55,3204.65,1,39,1,0,5026,26022,True,False,False,False,True,False,False
1,1,23,1,0,0,0,0,0,0,0,1,20.75,485.2,0,69,1,0,3418,2873,False,True,True,False,False,True,False
0,0,3,1,0,1,0,0,0,0,0,1,50.15,160.85,0,20,0,0,2085,54876,False,False,False,False,False,False,True
0,1,71,0,0,1,1,0,1,1,1,0,58.65,4145.25,0,31,1,0,4151,28900,False,False,False,True,False,False,True
0,0,9,1,0,0,0,0,1,1,1,1,95.9,827.45,0,41,0,0,5017,31392,True,False,False,False,False,False,False
0,0,1,1,0,0,1,0,0,0,0,0,49.5,49.5,0,56,0,0,5262,42854,False,False,False,False,False,True,False
0,1,18,1,0,0,0,1,0,0,1,0,57.45,990.85,1,53,1,0,2989,41876,False,False,False,False,False,True,False
0,1,12,1,0,0,0,0,0,0,1,0,53.65,696.35,1,27,1,0,2595,21054,False,False,True,False,True,False,False
0,1,71,1,1,1,1,1,1,0,1,1,80.1,5585.4,0,36,1,0,6045,24589,False,False,False,True,False,False,True
0,0,64,1,1,0,0,0,0,0,0,1,24.4,1601.2,0,36,0,0,5887,21097,False,True,True,False,False,False,False
0,0,4,0,0,0,0,0,1,0,1,1,40.05,162.45,0,33,0,0,2664,29964,False,False,False,False,False,True,False
0,0,23,1,0,0,0,0,0,0,0,1,19.5,470.2,0,33,0,0,5652,36517,False,True,False,False,False,False,True
0,1,39,1,0,1,0,0,0,0,0,0,51.05,2066.0,0,59,1,2,3154,11702,False,False,False,False,True,False,False
0,1,28,1,0,1,0,0,1,0,0,0,54.35,1426.45,0,27,1,0,5105,15438,False,False,True,False,False,False,True
1,0,5,1,0,0,1,0,0,1,0,1,84.7,392.5,0,73,0,0,2660,24518,True,False,False,False,False,True,False
1,1,45,1,0,0,0,1,0,0,1,1,86.1,3861.45,0,67,1,0,2701,30751,True,False,False,False,False,True,False
0,0,37,1,0,0,0,0,0,0,0,1,70.35,2552.9,0,62,0,0,5402,15638,True,False,False,False,False,False,True
1,1,60,1,0,1,1,1,1,1,1,1,110.0,6668.35,0,69,1,0,4953,19763,True,False,False,True,False,False,False
1,0,8,1,1,0,0,1,0,1,1,1,100.6,819.4,1,75,0,0,5906,21205,True,False,False,False,False,True,False
0,0,47,1,1,1,0,1,0,1,0,0,94.9,4615.25,0,30,0,0,4510,12448,True,False,True,False,True,False,False
0,1,26,1,1,0,0,0,0,1,0,1,83.75,2070.6,1,62,1,0,2404,15882,True,False,False,False,False,True,False
1,1,3,1,0,1,0,0,1,1,0,1,88.3,273.75,1,68,1,0,4486,11889,True,False,False,False,False,False,True
0,1,50,1,0,0,0,0,0,0,0,1,69.75,3557.7,0,39,1,3,4539,10737,True,False,False,False,False,False,False
0,1,27,1,1,0,0,0,1,1,1,0,71.6,1957.1,0,30,1,2,3773,10147,False,False,False,False,False,False,False
1,0,8,1,0,0,0,1,0,1,1,1,92.1,729.95,1,71,0,0,5662,8157,True,False,False,False,False,True,False
0,1,62,1,1,0,0,0,0,0,0,0,23.65,1416.75,0,49,1,0,4671,28450,False,True,False,True,False,False,False
0,1,71,1,0,1,0,1,1,1,1,0,81.85,5924.4,0,25,1,0,4090,25399,False,False,False,True,False,False,False
0,0,66,1,1,0,0,0,0,0,0,0,25.1,1697.7,0,39,0,0,6025,39089,False,True,False,True,False,False,True
0,1,68,1,1,1,1,1,1,1,1,1,114.7,7849.85,0,61,1,1,5671,13984,True,False,False,True,False,False,False
0,0,13,0,0,0,0,1,0,1,1,0,49.15,649.4,0,47,0,0,3000,55720,False,False,False,False,False,True,False
0,1,56,1,0,0,0,0,0,0,1,1,80.9,4557.5,0,37,1,0,5344,40239,True,False,True,False,False,True,False
0,1,38,1,0,1,1,0,0,0,0,1,79.45,3013.05,1,44,1,0,2405,28403,True,False,False,False,False,True,False
1,0,14,1,0,0,0,0,0,1,1,0,90.45,1266.1,1,74,0,0,4777,12010,True,False,False,False,True,False,False
0,0,16,1,0,0,0,0,0,0,0,1,19.3,360.35,0,56,0,0,2870,13065,False,True,True,False,False,False,False
0,1,14,1,0,0,0,0,0,0,0,0,70.2,1046.5,0,60,1,2,5819,584,True,False,False,False,False,True,False
0,1,32,1,0,0,0,0,0,0,0,1,69.75,2347.9,1,37,1,0,2356,1785,True,False,False,False,False,False,False
0,0,8,1,0,1,0,0,1,0,0,0,54.25,447.75,0,37,0,0,2237,1573,False,False,True,False,False,False,False
0,1,43,1,1,0,0,1,0,1,1,1,99.3,4209.95,0,29,1,2,3280,9038,True,False,False,False,False,False,False
0,0,52,1,1,1,0,1,1,1,0,0,74.0,3877.65,0,31,0,0,5806,42544,False,False,True,False,True,False,False
0,0,3,1,0,0,0,0,1,0,0,1,50.25,152.3,0,35,0,0,2166,330,False,False,False,False,False,False,True
0,0,29,1,0,0,0,0,0,0,0,1,19.8,572.2,0,42,0,0,5696,8486,False,True,True,False,False,False,True
0,0,1,1,0,0,0,0,0,0,0,0,19.65,19.65,1,50,0,0,5881,7936,False,True,False,False,False,False,True
1,0,12,0,0,0,0,1,1,0,1,1,43.65,526.95,1,77,0,0,2437,1025,False,False,False,False,False,True,False
0,1,16,0,0,0,0,0,0,0,1,1,35.5,552.7,0,48,1,3,2069,1004,False,False,False,False,True,False,False
0,0,40,1,1,0,0,1,1,1,1,1,80.75,3208.65,0,41,0,0,2047,821,False,False,True,False,False,False,True
0,0,5,0,0,0,0,1,0,0,1,0,39.5,210.75,1,55,0,0,2863,6773,False,False,False,False,False,True,False
0,1,40,1,1,0,0,0,0,1,1,1,97.1,3706.95,1,58,1,0,3099,406,True,False,False,False,False,False,False
0,0,36,1,0,0,0,0,0,0,0,0,19.55,620.75,0,47,0,0,2691,28727,False,True,True,False,False,False,True
0,0,5,1,0,0,0,0,0,0,1,1,80.0,412.5,1,26,0,0,3937,16429,True,False,False,False,False,True,False
0,0,10,1,0,1,0,0,0,1,0,1,84.7,832.05,1,40,0,0,5686,607,True,False,False,False,False,False,True
0,1,2,1,0,0,0,0,0,1,1,1,89.55,185.55,1,49,1,0,3851,24741,True,False,False,False,False,False,False
0,0,23,1,1,0,0,0,1,1,0,1,90.6,1943.2,1,21,0,0,4359,13361,True,False,False,False,False,True,False
0,1,26,1,0,0,0,0,0,0,0,1,20.05,505.9,0,49,1,0,2403,248,False,True,True,False,False,False,False
1,1,72,1,1,1,1,1,0,1,1,1,112.4,8046.85,0,80,1,0,6144,3777,True,False,False,True,False,True,False
0,1,34,1,0,0,0,0,1,0,0,0,50.2,1815.3,0,33,1,0,4352,31930,False,False,False,False,False,False,False
0,0,10,1,0,1,0,0,1,1,0,0,62.25,612.95,0,32,0,0,3415,35419,False,False,False,False,False,False,False
0,0,14,1,0,1,0,0,1,0,0,0,55.7,795.15,0,52,0,0,4978,1885,False,False,True,False,False,False,True
0,0,23,1,1,1,0,0,0,1,0,1,90.05,2169.8,1,64,0,0,4650,16849,True,False,False,False,False,False,False
0,1,47,1,0,0,0,0,0,0,0,0,19.65,973.1,0,63,1,0,2021,548,False,True,False,True,False,False,True
0,1,24,1,0,1,0,0,1,0,1,1,89.25,2210.2,0,36,1,0,5436,6448,True,False,False,False,False,True,False
0,1,49,1,1,0,1,0,0,1,1,1,99.05,4853.75,1,54,1,0,5157,11213,True,False,False,False,False,False,False
1,0,20,1,0,1,0,0,1,0,0,0,54.0,1055.9,0,68,0,0,5090,781,False,False,True,False,False,False,True
0,0,2,1,0,0,0,0,0,0,0,0,69.75,144.55,1,46,0,0,5667,384,True,False,False,False,False,False,False
0,0,2,1,0,0,1,0,0,0,0,1,49.05,91.1,1,42,0,0,2960,66,False,False,False,False,True,False,False
0,0,22,0,0,0,0,1,1,1,1,0,56.75,1304.85,0,62,0,0,4574,1449,False,False,False,True,False,False,False
0,0,7,1,1,0,0,1,0,1,1,1,98.05,713.0,1,32,0,0,2561,2147,True,False,False,False,False,False,False
0,0,1,1,0,0,0,0,0,0,0,0,21.1,21.1,0,31,0,0,2810,24227,False,True,False,False,False,False,True
0,1,59,1,1,0,1,0,1,0,1,1,96.65,5580.8,0,35,1,5,5266,3373,True,False,False,False,False,False,False
0,1,58,1,1,0,0,0,0,0,0,1,24.5,1497.9,0,44,1,0,4455,6407,False,True,True,False,True,False,False
0,0,41,1,1,1,1,1,1,1,1,1,114.5,4527.45,1,23,0,0,3038,10520,True,False,False,False,False,False,False
1,0,59,1,1,0,1,0,0,0,0,1,79.2,4590.35,0,71,0,0,5400,1007,True,False,False,True,True,False,False
0,1,3,1,0,0,0,0,0,0,0,1,69.55,200.2,0,61,1,2,5998,44976,True,False,False,False,False,True,False
0,0,32,1,0,0,0,0,0,0,0,1,20.05,614.45,0,50,0,0,3398,9673,False,True,False,True,False,False,False
1,1,46,1,1,0,0,1,0,1,1,1,98.85,4564.9,0,74,1,0,2641,8582,True,False,False,False,False,True,False
0,1,0,1,1,0,0,0,0,0,0,0,25.75,0.0,0,39,1,1,4950,54431,False,True,False,True,False,False,True
0,0,2,1,0,0,0,0,0,0,1,1,80.95,171.15,1,51,0,0,3533,857,True,False,False,False,False,True,False
0,1,52,1,0,0,0,0,0,0,0,0,19.6,1012.4,0,41,1,0,4848,8728,False,True,True,False,True,False,False
1,0,13,1,0,0,0,1,0,0,0,1,74.3,940.35,1,73,0,0,2995,4753,True,False,False,False,False,True,False
1,0,11,1,0,0,0,0,0,1,1,0,89.7,1047.7,1,68,0,0,2202,49968,True,False,False,False,False,False,False
0,0,32,1,1,1,0,0,1,0,0,0,87.65,2766.4,0,53,0,0,2426,48690,True,False,False,False,False,False,False
1,1,17,1,1,0,0,1,0,1,1,1,100.45,1622.45,1,74,1,0,5508,13290,True,False,False,False,True,False,False
0,0,16,1,1,0,0,0,0,0,0,1,74.75,1129.35,0,35,0,0,3574,24443,True,False,False,False,True,False,False
0,0,51,1,1,1,1,1,0,1,1,0,107.45,5680.9,0,62,0,0,5446,10172,True,False,True,False,False,False,False
0,0,29,1,0,0,0,1,1,1,1,1,75.35,2243.9,0,30,0,0,4422,62848,False,False,True,False,False,False,False
0,1,70,1,0,1,1,1,1,0,0,0,64.95,4523.25,0,24,1,0,5669,41707,False,False,False,True,True,False,False
0,1,71,1,1,1,0,1,1,0,1,0,100.45,7159.7,0,25,1,2,6171,899,True,False,False,True,False,True,False
0,1,41,1,1,0,1,1,0,1,0,0,68.5,2839.95,0,28,1,0,3877,77,False,False,True,False,False,False,False
0,0,1,1,0,0,0,0,0,1,0,1,80.55,80.55,0,49,0,0,3154,813,True,False,False,False,False,True,False
0,1,7,1,0,1,0,1,1,1,1,0,81.25,580.1,0,38,1,0,5928,3402,False,False,False,False,False,False,False
0,1,25,1,0,0,0,0,0,1,1,1,90.4,2178.6,1,63,1,0,5801,5671,True,False,True,False,False,True,False
0,1,67,1,1,1,1,0,1,0,0,0,89.55,6038.55,0,60,1,1,6194,36349,True,False,True,False,False,True,False
0,1,5,1,1,0,0,0,1,0,0,1,55.7,259.4,0,38,1,1,3598,52986,False,False,False,False,False,False,True
0,0,15,1,1,0,0,0,0,0,0,1,24.8,324.15,0,53,0,3,3965,13031,False,True,False,False,False,True,False
0,1,20,1,0,0,0,0,0,0,0,0,20.0,417.65,0,21,1,3,3402,43192,False,True,False,False,False,True,False
0,1,3,1,0,0,1,1,0,0,0,1,56.15,168.15,1,21,1,0,2539,36631,False,False,False,False,False,False,True
0,1,54,1,1,0,1,0,1,1,1,1,105.2,5637.85,0,50,1,3,5546,4563,True,False,True,False,False,True,False
0,0,42,1,0,0,0,0,0,0,0,1,19.55,839.4,0,32,0,0,5293,8365,False,True,True,False,False,False,True
0,1,9,1,0,0,0,0,0,0,1,1,79.75,769.1,0,24,1,0,4654,14574,True,False,False,False,False,True,False
0,0,63,1,1,0,1,0,0,1,1,0,97.45,6253.0,0,24,0,0,4769,30589,True,False,False,True,False,False,False
0,1,69,1,1,0,0,0,0,0,0,0,24.25,1641.8,0,57,1,0,4884,9823,False,True,False,True,False,False,False
0,0,69,1,1,0,0,0,0,0,0,0,24.6,1678.05,0,24,0,0,5294,81141,False,True,False,True,True,False,False
0,1,40,1,0,0,1,0,0,0,0,1,50.15,2058.5,0,32,1,0,2454,18197,False,False,False,False,False,False,True
0,0,60,0,0,1,1,1,0,0,0,0,39.6,2424.5,0,38,0,0,5544,57748,False,False,False,True,False,False,False
0,0,4,1,0,1,0,1,1,0,1,1,94.4,387.2,1,59,0,0,4249,52334,True,False,False,False,False,False,False
1,0,71,1,1,1,1,1,1,1,1,0,89.85,6293.45,0,69,0,0,4994,561,False,False,False,True,False,False,True
0,1,37,1,1,0,0,1,0,0,0,1,78.95,2839.65,1,62,1,0,3982,51706,True,False,False,False,True,False,False
0,1,32,1,1,0,1,0,0,1,1,1,98.85,3145.9,0,33,1,0,3981,29914,True,False,False,False,True,False,False
0,0,39,1,1,0,0,0,1,0,0,1,53.85,2200.7,0,60,0,0,2380,31926,False,False,False,True,True,False,False
0,0,38,1,1,0,0,0,0,0,0,1,24.25,914.4,0,36,0,0,2997,10155,False,True,True,False,False,True,False
0,0,52,1,1,0,0,1,0,0,1,1,89.45,4577.75,0,32,0,0,5386,37090,True,False,False,True,True,False,False
0,1,48,1,1,1,1,0,0,1,1,1,105.25,4997.5,0,57,1,3,4275,37127,True,False,False,False,True,False,False
0,1,70,0,0,1,0,1,1,1,1,0,59.5,4144.8,0,21,1,0,4031,59841,False,False,False,True,False,False,False
0,0,20,1,0,0,0,0,0,0,0,0,70.55,1493.55,0,56,0,0,5790,59632,True,False,False,False,True,False,False
0,0,50,1,1,1,0,1,1,1,1,1,82.5,4179.1,0,59,0,0,5258,45257,False,False,True,False,True,False,False
0,0,19,0,0,0,0,0,0,1,1,1,44.85,893.55,1,27,0,0,5182,46185,False,False,True,False,True,False,False
0,1,25,1,0,1,1,1,0,0,0,1,61.6,1611.0,0,46,1,0,3807,27023,False,False,True,False,False,False,False
0,0,12,1,0,0,1,0,0,0,0,1,49.05,593.05,0,58,0,0,4244,60620,False,False,False,False,False,False,False
1,1,39,1,1,0,1,1,0,1,1,1,105.65,4284.8,1,65,1,0,4687,32804,True,False,False,False,False,True,False
0,0,7,1,0,0,0,1,0,0,0,0,74.65,544.55,1,23,0,0,3331,37570,True,False,False,False,False,False,True
0,1,23,1,0,1,1,1,1,0,0,1,66.25,1533.8,0,29,1,0,2072,13481,False,False,True,False,False,False,True
0,0,27,1,0,0,0,0,0,0,0,1,19.4,529.8,0,26,0,0,3792,26389,False,True,False,False,False,True,False
1,0,47,1,1,0,0,0,0,1,0,1,86.05,3865.6,0,70,0,0,5527,40568,True,False,False,False,True,False,False
0,1,26,1,0,0,0,0,0,0,0,1,19.15,515.75,0,45,1,2,4347,26032,False,True,False,True,True,False,False
0,1,14,1,1,1,0,0,0,1,0,1,64.7,941.0,1,51,1,0,4049,9657,False,False,False,False,False,False,False
1,1,11,1,1,0,0,1,1,1,1,1,104.05,1133.65,1,73,1,0,4553,15798,True,False,False,False,False,False,False
0,0,2,1,0,0,0,0,0,0,0,0,19.25,48.35,0,58,0,1,4725,36944,False,True,False,False,False,False,True
0,1,26,1,0,1,1,0,0,0,0,0,81.95,2070.05,0,23,1,3,2817,14792,True,False,False,False,False,True,False
1,1,72,1,1,1,1,1,1,1,1,1,114.65,8333.95,0,73,1,0,5408,7023,True,False,False,True,False,False,False
0,1,63,1,0,0,0,0,0,0,0,0,20.0,1209.25,0,40,1,2,5975,38,False,True,False,True,True,False,False
0,1,71,1,0,0,0,0,0,0,0,0,19.8,1396.25,0,52,1,2,5406,44103,False,True,False,True,False,False,True
0,1,11,1,1,1,0,0,0,1,0,1,65.15,723.35,0,19,1,2,5942,7071,False,False,False,False,False,False,False
1,1,14,1,0,0,0,0,0,0,0,0,19.65,228.65,0,73,1,0,2962,16357,False,True,True,False,False,False,True
0,0,13,1,1,1,1,1,1,1,1,0,88.95,1161.75,0,30,0,0,5407,30476,False,False,False,True,True,False,False
0,0,6,1,0,0,0,0,0,0,0,1,20.2,98.35,0,38,0,2,3478,34138,False,True,False,False,False,False,True
1,1,11,1,1,0,0,0,0,0,0,1,75.2,775.3,0,65,1,1,5193,49657,True,False,False,False,True,False,False
0,1,18,1,1,0,1,0,0,0,0,0,56.8,1074.65,0,19,1,0,5558,49965,False,False,False,False,True,False,False
0,0,1,0,0,0,0,0,0,0,1,1,35.55,35.55,1,38,0,0,3958,30814,False,False,False,False,False,True,False
0,1,32,1,0,1,0,0,0,0,0,1,75.5,2324.7,0,21,1,0,3131,40611,True,False,False,False,False,False,False
0,0,29,0,0,1,0,0,1,0,0,0,35.6,1072.6,0,46,0,0,3898,6951,False,False,True,False,False,False,True
0,0,3,1,1,0,0,0,0,1,0,1,60.25,170.5,0,62,0,0,4830,23789,False,False,False,False,False,True,False
0,0,2,1,1,0,0,0,0,1,1,1,95.15,196.9,1,32,0,0,2414,19109,True,False,False,False,False,True,False
0,1,13,1,0,0,0,1,0,1,1,1,96.65,1162.85,1,54,1,0,5295,6317,True,False,False,False,False,False,True
0,0,41,0,0,0,1,0,0,0,1,1,40.35,1677.85,0,59,0,0,2454,4264,False,False,False,False,False,True,False
0,0,1,1,0,0,0,0,0,0,0,0,18.85,18.85,0,59,0,0,5084,5159,False,True,False,False,False,True,False
0,0,7,1,0,0,0,0,0,1,0,0,54.85,370.4,0,57,0,0,3481,115,False,False,False,False,False,False,True
0,1,52,1,0,1,0,1,0,1,0,1,64.3,3410.6,0,36,1,0,4405,27,False,False,True,False,False,False,True
0,1,45,1,1,0,0,0,0,0,0,1,24.65,1138.8,0,48,1,1,3043,75,False,True,False,True,False,False,False
0,1,70,1,1,0,1,1,1,1,0,0,76.1,5264.25,0,55,1,0,5115,722,False,False,False,True,True,False,False
0,0,53,1,0,0,0,0,0,0,0,0,18.7,1005.7,0,62,0,0,4116,2633,False,True,False,True,False,False,True
1,1,62,1,1,0,1,1,0,1,0,1,97.95,5936.55,0,65,1,0,5428,596,True,False,True,False,True,False,False
0,1,60,1,1,1,1,0,0,0,1,1,94.1,5475.9,0,44,1,0,5267,5094,True,False,False,False,True,False,False
1,1,3,1,0,0,0,0,0,1,0,1,80.4,224.05,1,74,1,0,3834,21,True,False,False,False,False,True,False
1,1,23,1,0,1,0,0,0,1,1,1,95.1,2326.05,0,67,1,0,4025,335,True,False,False,False,False,True,False
0,0,1,0,0,0,1,0,0,0,0,1,31.35,31.35,1,41,0,0,3605,3148,False,False,False,False,False,False,True
0,0,67,1,0,1,0,1,1,0,1,1,72.35,4991.5,0,63,0,0,4910,3205,False,False,True,False,False,False,False
0,0,12,1,1,0,1,0,0,1,0,1,89.75,1052.4,1,57,0,0,5671,45755,True,False,False,False,False,False,False
1,1,71,1,1,1,1,1,1,0,1,1,82.7,5831.2,0,72,1,0,5089,22073,False,False,False,True,False,False,False
0,0,25,1,0,0,0,0,0,0,0,0,19.9,510.8,0,41,0,0,2130,2718,False,True,True,False,True,False,False
0,0,5,1,1,1,0,0,0,0,0,1,53.8,283.95,0,56,0,0,2182,1692,False,False,False,False,False,True,False
0,0,26,1,1,0,0,0,0,0,0,1,51.55,1295.4,0,29,0,0,3130,4353,False,False,True,False,True,False,False
0,1,1,1,0,0,0,0,0,0,0,0,19.65,19.65,0,21,1,0,2539,3930,False,True,True,False,False,False,True
1,0,70,0,0,0,1,1,0,1,0,1,44.05,3011.65,0,68,0,0,4022,460,False,False,True,False,True,False,False
0,1,72,1,1,1,1,1,1,1,1,1,114.0,8093.15,0,60,1,3,4558,460,True,False,False,True,False,True,False
0,1,60,1,0,0,1,0,0,1,1,1,94.4,5610.25,1,33,1,0,4990,11266,True,False,True,False,False,True,False
1,1,32,1,1,0,1,0,0,1,1,1,100.4,3217.65,0,77,1,2,4848,304,True,False,False,False,False,True,False
0,0,1,1,0,0,0,0,0,0,0,1,19.85,19.85,1,32,0,0,3874,2198,False,True,False,False,False,True,False
0,0,14,1,1,0,1,0,0,0,0,1,54.25,773.2,0,33,0,0,4423,435,False,False,True,False,False,False,True
0,0,13,1,1,1,0,0,0,0,0,1,80.0,1029.35,0,59,0,0,5577,4176,True,False,False,False,True,False,False
0,0,6,1,1,0,1,1,1,1,1,1,109.9,669.45,1,55,0,0,5750,27808,True,False,False,False,True,False,False
0,0,46,1,1,1,0,1,0,1,1,0,79.2,3593.8,0,56,0,0,2007,809,False,False,False,True,False,False,True
0,0,15,1,0,0,0,1,1,1,1,1,101.35,1553.95,1,42,0,0,3025,167,True,False,False,False,False,True,False
1,1,43,1,1,0,1,0,1,1,0,1,94.3,3953.15,0,71,1,0,2040,986,True,False,False,False,False,True,False
0,0,39,1,0,0,0,0,1,0,0,1,49.8,1971.15,0,59,0,0,2202,32881,False,False,False,True,False,False,False
1,0,21,1,0,0,0,1,0,1,0,1,60.05,1236.15,1,80,0,0,4716,2144,False,False,False,False,False,False,False
0,0,57,0,0,1,0,1,0,1,1,1,53.75,3196.0,0,56,0,0,5594,2271,False,False,False,False,False,True,False
0,1,53,1,0,0,0,0,1,1,1,1,93.45,4872.2,0,29,1,0,4700,55,True,False,True,False,False,True,False
0,1,18,1,0,1,0,1,0,1,0,1,87.9,1500.5,0,32,1,1,5192,1508,True,False,False,False,False,False,True
0,0,1,1,1,0,0,0,0,0,1,1,60.15,60.15,1,19,0,0,4611,10159,False,False,False,False,False,True,False
0,1,58,1,1,1,0,0,1,0,0,1,61.05,3478.75,0,59,1,0,4411,5513,False,False,True,False,False,False,False
1,0,71,1,1,0,0,1,0,1,1,0,104.05,7413.55,0,75,0,0,4113,808,True,False,False,True,False,False,False
0,0,35,1,0,0,0,1,1,1,1,1,99.25,3532.0,0,38,0,0,3244,579,True,False,True,False,False,True,False
0,0,3,1,0,0,0,1,0,0,1,0,85.7,256.75,0,21,0,0,5806,11474,True,False,False,False,True,False,False
0,0,38,1,1,1,1,0,0,1,1,1,104.85,3887.25,0,47,0,0,2709,3680,True,False,True,False,False,True,False
0,1,35,1,1,1,1,1,1,0,0,1,69.15,2490.15,0,60,1,0,3945,7872,False,False,False,True,True,False,False
0,0,7,1,1,0,0,1,0,1,0,1,90.45,593.45,1,31,0,0,5356,1055,True,False,False,False,False,True,False
0,0,47,1,0,0,0,1,1,1,1,0,74.45,3510.3,0,33,0,0,3459,7177,False,False,False,True,False,False,True
0,0,14,1,0,0,1,0,0,0,0,0,50.45,765.45,0,25,0,0,3185,128,False,False,False,False,False,True,False
1,1,20,1,0,0,1,0,0,0,1,1,60.0,1259.35,0,70,1,0,2399,6822,False,False,False,False,False,True,False
0,1,66,1,1,1,1,0,1,1,1,0,85.25,5538.35,0,58,1,0,5012,9559,False,False,False,True,False,True,False
0,1,15,1,0,0,0,0,0,0,0,1,19.45,340.85,0,26,1,0,2483,2130,False,True,False,False,True,False,False
0,0,42,1,0,0,0,0,0,0,0,1,20.75,844.45,0,24,0,0,2574,1749,False,True,False,True,False,False,False
0,1,17,1,1,1,0,0,0,0,0,0,78.9,1348.95,0,53,1,0,2362,10834,True,False,False,False,False,True,False
0,0,37,1,1,0,1,0,1,1,1,1,104.5,3778.0,0,26,0,0,4812,3256,True,False,True,False,True,False,False
0,0,12,1,0,0,1,0,0,0,0,1,49.4,611.65,0,20,0,0,5007,12672,False,False,False,False,False,True,False
0,1,53,1,0,0,1,0,0,1,1,1,94.25,4867.95,1,48,1,0,5414,683,True,False,True,False,False,False,False
0,0,60,1,1,0,0,0,0,0,0,0,25.0,1505.05,0,63,0,0,6355,36738,False,True,False,True,False,False,True
0,1,18,0,0,0,0,0,0,0,0,0,25.55,467.85,0,26,1,2,4134,19867,False,False,False,False,True,False,False
0,0,1,1,1,0,0,0,0,0,0,1,74.9,74.9,1,26,0,0,2548,10226,True,False,False,False,False,True,False
0,0,3,1,0,0,0,0,0,0,0,1,70.15,194.2,0,56,0,0,2228,59289,True,False,False,False,False,True,False
0,0,9,1,0,0,0,0,1,1,1,1,69.4,571.45,0,23,0,3,5108,433,False,False,False,False,True,False,False
0,0,1,1,0,0,0,0,0,1,0,1,80.25,80.25,1,34,0,0,2502,1278,True,False,False,False,False,True,False
0,1,56,1,1,1,1,1,0,0,0,1,93.15,5253.95,0,45,1,0,4778,23100,True,False,True,False,False,True,False
0,1,17,1,0,0,0,0,0,0,0,1,69.0,1149.65,1,58,1,0,3368,52872,True,False,False,False,False,True,False
0,1,11,1,1,0,0,0,1,0,1,1,66.35,740.8,1,62,1,0,2860,47536,False,False,False,False,False,True,False
0,0,7,1,0,0,0,0,0,0,0,1,69.55,521.35,0,25,0,0,4704,27135,True,False,False,False,False,True,False
0,1,69,1,0,0,0,0,0,0,0,0,20.2,1412.65,0,28,1,2,5267,47613,False,True,False,True,False,False,False
0,0,19,1,1,0,0,0,0,0,1,1,86.0,1532.45,1,58,0,0,4857,26055,True,False,False,False,False,False,False
0,1,3,1,0,0,0,0,0,0,1,1,80.3,250.05,1,37,1,0,3212,13343,True,False,False,False,False,True,False
0,1,54,1,0,0,0,0,0,0,0,0,20.4,1090.6,0,42,1,3,6393,30668,False,True,False,True,True,False,False
0,1,62,1,1,0,0,0,0,0,0,1,23.75,1446.8,0,26,1,0,4811,8504,False,True,True,False,True,False,False
0,0,24,1,1,0,1,0,0,1,0,1,90.55,2282.55,1,40,0,0,5927,25384,True,False,False,False,True,False,False
0,1,62,1,1,0,0,0,0,1,1,1,70.45,4300.45,0,25,1,3,5057,15536,False,False,False,False,True,False,False
0,0,17,1,1,1,0,0,0,0,1,0,65.75,1111.2,0,47,0,0,3921,235,False,False,False,False,False,False,False
0,0,9,0,0,0,0,0,0,0,0,1,24.6,190.1,0,24,0,0,2323,4150,False,False,False,False,False,False,True
0,1,64,1,0,1,0,1,1,1,0,0,69.25,4447.75,0,30,1,0,4226,12646,False,False,False,True,False,False,True
0,0,2,1,1,0,0,0,0,0,0,1,75.9,143.35,1,30,0,0,2101,16525,True,False,False,False,False,True,False
0,1,1,1,0,0,0,0,0,0,0,1,45.85,45.85,1,47,1,0,3706,12466,False,False,False,False,False,False,True
0,1,16,0,0,0,0,0,1,1,1,1,49.95,810.2,1,36,1,0,4840,1158,False,False,False,False,False,True,False
0,1,72,1,1,0,0,0,0,0,0,0,24.65,1830.05,0,64,1,0,5065,25340,False,True,False,True,False,False,False
0,0,30,1,1,1,1,1,0,0,0,0,90.4,2820.65,0,62,0,0,3171,1519,True,False,True,False,False,False,False
0,1,49,1,1,1,0,0,0,1,1,1,100.85,4847.35,0,56,1,0,5417,1960,True,False,False,False,False,False,True
0,1,61,1,1,1,0,1,1,0,1,0,75.35,4729.3,0,21,1,0,6466,69801,False,False,False,True,True,False,False
0,1,47,1,1,0,1,0,0,1,0,0,87.2,4017.45,0,54,1,1,3760,3979,True,False,False,False,False,True,False
0,0,20,1,0,1,0,1,0,0,1,0,64.4,1398.6,0,64,0,0,2120,40545,False,False,False,False,True,False,False
0,1,34,1,0,0,0,0,0,1,0,0,78.3,2564.3,1,36,1,0,2777,24708,True,False,False,False,False,True,False
0,1,70,1,1,0,0,0,0,0,0,0,24.7,1685.9,0,43,1,2,5907,4848,False,True,False,True,False,False,False
0,0,54,1,0,1,1,0,1,1,1,1,105.85,5826.65,0,58,0,1,5915,274,True,False,True,False,False,True,False
1,1,61,1,1,0,1,1,1,1,0,1,98.3,6066.55,0,77,1,0,5413,8308,True,False,True,False,False,False,True
0,0,3,1,1,0,0,0,0,0,0,1,76.95,228.4,1,44,0,0,4428,48690,True,False,False,False,False,True,False
0,0,13,1,0,0,0,0,0,0,0,0,19.45,270.2,0,39,0,0,3799,11463,False,True,True,False,False,False,True
1,0,16,1,1,0,0,0,0,1,1,1,96.15,1529.2,1,76,0,0,5913,48690,True,False,False,False,False,True,False
0,1,3,1,0,0,1,0,0,1,0,1,58.7,168.6,0,25,1,2,3654,36125,False,False,False,False,True,False,False
0,0,25,1,0,0,0,0,0,0,0,1,20.15,536.35,0,43,0,0,3848,40270,False,True,False,False,False,False,True
0,0,30,1,1,1,0,0,0,0,1,1,64.5,1888.45,0,58,0,0,5039,35057,False,False,False,False,False,False,True
0,1,21,0,0,1,0,0,0,0,0,0,28.5,629.35,0,20,1,0,3766,22250,False,False,False,False,False,True,False
0,0,1,1,0,0,0,0,0,0,0,0,45.3,45.3,1,49,0,0,4568,30876,False,False,False,False,False,True,False
0,0,15,1,0,0,0,0,0,0,0,0,19.4,289.3,1,47,0,0,5379,25718,False,True,False,False,False,False,False
1,1,23,1,0,0,0,0,0,1,1,1,90.45,2117.25,0,76,1,0,5272,1054,True,False,False,False,False,True,False
0,1,45,1,1,1,1,0,0,1,1,1,105.15,4730.9,0,63,1,1,5915,747,True,False,False,False,False,True,False
0,1,24,1,1,0,1,1,0,0,0,0,83.15,2033.05,0,60,1,3,2404,1374,True,False,True,False,False,False,False
0,0,11,1,1,0,0,0,1,1,0,0,90.15,987.95,1,46,0,0,5250,176,True,False,False,False,False,True,False
0,0,1,1,0,0,0,0,0,0,0,0,45.05,45.05,1,23,0,0,4094,333,False,False,False,False,False,False,True
0,1,56,1,1,0,0,1,1,1,1,0,103.2,5744.35,0,60,1,0,4534,1575,True,False,False,True,False,False,False
0,0,1,1,0,0,1,0,0,0,0,0,75.8,75.8,1,53,0,0,3940,13485,True,False,False,False,False,True,False
0,0,1,1,0,0,0,0,0,0,0,0,19.45,19.45,0,62,0,0,5820,3684,False,True,False,False,False,True,False
0,0,7,1,0,0,0,0,0,0,1,1,79.3,523.15,1,54,0,0,3830,9210,True,False,False,False,False,True,False
1,1,55,1,0,0,0,1,1,1,0,0,88.8,4805.3,0,67,1,0,4291,1591,True,False,False,True,True,False,False
0,0,2,0,0,0,0,0,1,0,0,1,30.9,59.05,1,53,0,0,2860,371,False,False,False,False,False,True,False
0,1,72,1,1,1,0,1,1,1,1,1,85.9,6110.75,0,39,1,0,6361,2296,False,False,False,True,True,False,False
1,0,45,0,0,0,0,0,0,0,1,0,34.2,1596.6,0,67,0,0,5715,91,False,False,True,False,False,True,False
0,0,47,1,0,0,0,0,0,0,0,0,20.15,1046.2,0,57,0,0,2618,187,False,True,False,True,False,False,True
1,0,46,1,0,0,1,0,0,1,1,0,95.25,4424.2,1,73,0,0,3180,30173,True,False,True,False,True,False,False
0,0,2,1,0,0,1,0,0,0,0,1,50.3,92.75,0,22,0,0,5870,383,False,False,False,False,False,False,True
0,1,2,1,0,1,0,0,1,0,0,1,80.15,194.55,0,49,1,0,5251,6216,True,False,False,False,False,True,False
0,1,12,1,0,0,1,0,0,0,0,1,51.25,612.1,0,26,1,0,3097,14417,False,False,False,False,False,True,False
1,1,68,1,1,0,1,0,0,0,1,1,89.6,6127.6,1,70,1,0,5651,476,True,False,False,False,False,False,False
0,1,69,1,0,0,0,0,1,1,1,1,95.2,6671.7,0,61,1,1,6166,2349,True,False,False,True,True,False,False
1,0,56,1,0,1,0,0,0,1,1,0,94.8,5264.3,0,71,0,2,5693,4101,True,False,True,False,True,False,False
1,0,4,1,1,1,0,0,0,0,0,1,80.25,303.7,0,66,0,0,3828,175,True,False,False,False,False,True,False
0,1,64,1,1,0,1,1,1,1,0,1,76.1,4818.8,0,47,1,0,4222,390,False,False,False,True,False,False,False
0,1,59,1,1,1,1,1,0,1,1,1,110.15,6448.05,1,43,1,0,4601,1916,True,False,True,False,False,True,False
0,1,62,1,1,1,1,1,1,1,1,0,115.55,7159.05,0,56,1,3,6349,4913,True,False,False,True,False,False,False
0,1,63,1,1,0,0,0,0,0,0,0,24.65,1574.5,0,23,1,2,4392,17979,False,True,False,True,True,False,False
0,0,53,0,0,1,1,1,1,1,0,1,53.6,2879.2,0,34,0,0,5183,1373,False,False,True,False,False,True,False
0,1,5,1,0,0,0,0,0,0,0,0,19.45,86.05,0,20,1,1,4573,438,False,True,False,False,False,False,True
1,1,49,1,1,1,1,1,0,0,0,1,88.2,4159.45,0,75,1,0,5987,9902,True,False,False,False,False,True,False
0,1,62,1,1,1,0,0,0,1,1,1,101.15,6638.35,0,32,1,3,5735,1653,True,False,False,True,False,False,False
0,1,55,1,0,1,1,0,1,0,0,0,56.8,3112.05,0,28,1,0,4702,11180,False,False,False,True,False,False,True
1,1,71,1,0,1,1,1,1,1,0,1,99.4,7168.25,0,78,1,0,4964,2706,True,False,False,True,False,True,False
0,1,72,1,0,0,0,0,0,0,0,1,20.1,1326.25,0,25,1,2,4603,882,False,True,False,True,True,False,False
0,1,36,0,0,1,0,1,1,1,1,0,60.7,2234.55,0,59,1,0,3671,2644,False,False,True,False,True,False,False
0,1,25,1,0,0,0,0,0,0,0,1,20.95,495.15,0,47,1,0,5682,3002,False,True,True,False,False,False,False
1,1,72,1,1,1,1,1,1,1,1,1,114.85,8317.95,0,74,1,0,4796,586,True,False,False,True,False,False,False
0,0,36,1,0,0,0,0,0,0,0,1,19.25,679.8,0,44,0,0,4904,2229,False,True,True,False,False,False,False
0,0,1,1,0,0,0,0,0,1,1,1,62.8,62.8,0,55,0,0,2438,7789,False,False,False,False,False,False,True
0,1,72,1,1,1,0,1,0,1,1,1,105.5,7544.0,0,25,1,0,5551,1537,True,False,False,True,False,True,False
0,1,59,1,0,0,0,0,0,0,0,0,19.85,1188.25,0,50,1,1,6144,148,False,True,False,True,False,False,True
1,1,7,1,0,0,0,0,0,1,1,1,89.5,676.7,1,75,1,0,3077,2223,True,False,False,False,False,True,False
0,0,1,1,0,0,0,1,1,1,1,0,74.1,74.1,0,54,0,0,2900,1880,False,False,True,False,True,False,False
0,1,30,1,1,0,1,1,1,1,1,1,107.5,3242.5,0,62,1,2,3094,1113,True,False,False,False,False,True,False
0,0,64,1,0,0,0,0,0,0,0,0,19.55,1240.15,0,42,0,0,6036,1352,False,True,False,True,False,False,True
0,0,63,1,1,1,1,1,1,0,0,0,68.8,4111.35,0,20,0,0,5082,1884,False,False,True,False,False,False,False
1,1,72,1,1,1,1,1,0,1,1,0,84.45,5899.85,0,75,1,0,5856,5995,False,False,False,True,True,False,False
0,1,8,1,0,1,0,0,0,0,0,0,75.0,632.95,1,20,1,0,2587,298,True,False,False,False,False,True,False
0,0,62,1,1,0,1,1,1,1,1,0,84.5,5193.2,0,60,0,0,5466,31266,False,False,False,True,False,False,False
0,1,67,1,1,0,1,1,1,1,1,1,111.2,7530.8,0,19,1,1,6060,34314,True,False,False,True,False,False,False
0,0,6,1,0,0,0,0,0,0,0,0,44.75,270.95,1,35,0,0,2087,30988,False,False,False,False,False,True,False
0,1,70,1,1,1,0,0,1,1,1,1,80.6,5460.2,0,37,1,0,5880,2344,False,False,False,True,False,False,False
1,0,20,1,0,0,0,0,0,1,0,0,80.7,1614.2,0,71,0,0,3111,309,True,False,False,False,False,False,False
0,0,5,1,1,0,0,0,0,0,0,0,75.6,402.5,0,50,0,0,3469,13472,True,False,False,False,False,True,False
0,1,24,0,0,1,1,1,0,1,1,0,57.6,1367.75,0,42,1,0,5623,23701,False,False,True,False,False,True,False
0,1,11,1,0,0,0,0,0,0,0,1,44.05,483.7,1,41,1,0,3200,240,False,False,False,False,False,True,False
0,1,72,1,1,0,1,1,1,1,1,1,110.6,7962.2,0,55,1,0,5444,335,True,False,False,True,True,False,False
0,1,66,1,0,1,1,0,1,0,0,1,58.2,3810.8,0,26,1,0,5313,752,False,False,False,True,True,False,False
0,1,45,1,0,1,0,1,1,1,1,1,81.0,3533.6,0,41,1,0,2934,23224,False,False,False,True,False,False,True
0,1,69,1,0,0,0,0,0,0,0,0,19.7,1396.9,0,47,1,3,4131,23570,False,True,False,True,False,False,False
1,1,15,1,1,0,0,0,0,0,1,1,85.6,1345.55,1,74,1,0,4981,261,True,False,False,False,False,False,False
0,0,28,1,0,0,0,1,0,1,0,1,59.55,1646.45,0,57,0,0,3354,199,False,False,False,False,False,False,False
0,0,70,1,1,1,1,1,1,1,1,0,115.55,8127.6,1,30,0,0,4838,15921,True,False,True,False,True,False,False
0,0,36,1,0,1,1,1,1,0,1,1,75.55,2680.15,0,48,0,0,3235,19596,False,False,True,False,False,False,True
1,0,16,1,1,0,0,0,0,1,0,1,86.6,1281.0,1,76,0,0,2508,1689,True,False,False,False,False,True,False
0,0,18,1,1,0,0,0,0,1,0,1,85.2,1553.9,1,27,0,0,3326,1584,True,False,False,False,False,True,False
0,1,34,1,1,0,0,0,0,1,1,1,97.65,3207.55,1,35,1,0,3979,695,True,False,False,False,False,True,False
0,1,42,0,0,0,1,1,0,0,1,1,45.1,2049.05,0,32,1,0,3844,485,False,False,True,False,True,False,False
0,0,48,1,1,1,0,0,1,0,1,1,70.95,3629.2,0,50,0,0,2667,1072,False,False,True,False,False,False,False
0,1,47,1,1,0,1,1,1,1,1,1,109.55,5124.55,1,54,1,0,5863,42239,True,False,False,False,False,True,False
0,1,39,1,1,0,1,1,1,0,0,1,89.55,3474.45,1,50,1,0,3849,2965,True,False,True,False,False,True,False
0,1,11,1,0,0,0,0,0,0,0,0,20.9,202.3,0,32,1,1,5359,228,False,True,False,True,True,False,False
0,0,7,1,0,0,0,0,0,0,0,1,19.95,147.5,0,47,0,0,3331,12241,False,True,False,False,False,False,True
0,0,3,1,1,0,0,0,0,0,0,0,24.6,86.35,0,27,0,0,5756,2423,False,True,False,False,False,False,True
0,0,8,1,0,1,0,1,0,0,1,1,66.7,579.0,0,47,0,0,4490,532,False,False,False,False,False,True,False
0,0,1,1,0,0,0,0,0,0,0,1,19.45,19.45,1,42,0,0,5687,82,False,True,False,False,False,False,True
0,1,32,1,0,1,1,1,0,0,1,0,94.8,3131.55,0,42,1,3,5288,3041,True,False,True,False,False,False,True
0,1,60,1,0,1,1,1,1,0,0,1,65.85,3928.3,0,35,1,0,4053,1201,False,False,True,False,False,False,False
0,1,10,1,0,0,0,0,0,0,0,1,19.95,187.75,0,21,1,0,3831,1215,False,True,False,False,False,False,False
0,1,71,1,1,0,0,0,0,0,0,1,24.65,1710.15,0,33,1,0,4015,264,False,True,False,True,False,False,False
0,1,4,1,0,0,0,0,0,0,0,0,20.35,76.35,1,34,1,0,4133,155,False,True,False,False,False,False,True
1,0,1,1,0,0,0,0,0,0,0,1,69.25,69.25,1,75,0,0,4371,1447,True,False,False,False,False,True,False
0,1,43,0,0,1,1,0,1,1,0,1,51.25,2151.6,0,61,1,0,5656,265,False,False,True,False,False,False,False
0,1,59,1,1,0,0,1,0,1,1,1,99.5,5961.1,1,33,1,0,6098,867,True,False,True,False,False,False,False
0,1,23,1,0,0,0,1,1,0,0,0,54.25,1221.55,0,47,1,0,5140,644,False,False,False,False,False,True,False
0,1,72,1,0,0,0,0,0,0,0,0,19.4,1496.45,0,28,1,0,5398,494,False,True,False,True,False,False,False
0,1,22,1,0,1,0,0,1,0,0,1,56.25,1292.2,0,56,1,0,3733,574,False,False,True,False,True,False,False
0,0,1,0,0,0,0,0,0,0,0,1,25.15,25.15,0,19,0,0,3513,300,False,False,False,False,False,False,True
0,0,69,1,1,0,0,0,0,0,0,0,23.95,1713.1,0,57,0,0,6059,163,False,True,False,True,False,False,False
0,0,50,0,0,1,0,0,1,0,0,1,35.4,1748.9,0,45,0,0,5052,1851,False,False,True,False,False,False,True
1,0,1,0,0,0,0,0,0,0,0,1,25.2,25.2,1,74,0,0,5688,3284,False,False,False,False,False,True,False
0,0,2,1,0,0,0,0,0,0,0,1,45.0,96.45,1,44,0,0,5704,660,False,False,False,False,False,False,True
0,1,15,1,0,0,1,0,0,0,0,0,75.35,1114.55,0,22,1,0,4891,395,True,False,False,False,False,False,False
0,0,31,1,0,0,0,0,0,0,0,0,20.4,609.1,0,56,0,0,5363,1125,False,True,False,True,False,False,False
0,0,1,1,0,0,0,0,0,0,0,0,20.15,20.15,1,35,0,0,4103,2020,False,True,False,False,False,False,True
0,1,66,1,1,0,1,1,0,1,1,1,105.0,7133.25,1,28,1,0,5723,202,True,False,False,False,True,False,False
0,1,0,0,0,1,1,1,1,1,0,0,56.05,0.0,0,64,1,0,4740,400,False,False,False,True,True,False,False
0,0,3,1,0,0,0,0,0,1,0,1,54.7,169.45,1,58,0,0,3335,2369,False,False,False,False,True,False,False
0,0,8,1,0,0,0,0,0,0,0,0,20.0,141.6,0,55,0,0,3087,270,False,True,False,True,False,False,True
0,1,64,1,0,1,0,1,0,1,1,1,73.05,4688.65,0,20,1,0,4515,1666,False,False,True,False,True,False,False
0,1,28,1,0,0,0,0,0,0,0,0,20.5,563.05,0,27,1,0,5145,321,False,True,False,False,False,False,True
0,1,57,1,1,0,0,1,0,1,1,1,100.75,5985.0,0,39,1,0,6354,200,True,False,True,False,True,False,False
0,1,14,1,1,0,0,1,0,0,1,1,87.25,1258.6,1,49,1,0,4786,42239,True,False,False,False,False,True,False
0,0,19,1,0,0,0,0,0,0,0,1,19.95,373.5,0,58,0,0,2831,259,False,True,False,True,False,False,True
0,1,10,1,0,0,0,0,0,1,0,1,79.95,857.2,1,38,1,0,5640,222,True,False,False,False,False,True,False
0,1,51,0,0,0,1,0,0,1,1,1,49.65,2553.35,0,21,1,0,5528,18197,False,False,False,False,False,True,False
0,1,67,1,1,1,1,1,0,0,0,0,65.65,4322.85,0,51,1,0,5441,24944,False,False,False,True,False,False,True
0,1,11,1,0,0,0,0,0,0,0,1,20.45,250.8,0,43,1,2,2606,12756,False,True,False,False,False,True,False
0,1,72,0,0,1,0,1,1,1,1,0,60.95,4549.05,0,38,1,0,4147,382,False,False,False,True,False,False,False
0,1,66,1,0,0,0,0,0,0,0,1,20.35,1359.5,0,59,1,0,4845,262,False,True,True,False,False,True,False
0,0,18,1,1,0,0,0,1,1,0,1,88.35,1639.3,1,47,0,0,5727,58830,True,False,False,False,False,True,False
0,0,9,1,0,0,0,0,0,0,0,1,19.5,178.85,0,43,0,0,4283,43718,False,True,False,False,False,True,False
0,0,9,1,1,0,0,0,0,0,0,1,75.2,633.85,0,59,0,0,5841,1417,True,False,False,False,True,False,False
0,1,48,1,1,1,1,1,0,1,1,1,111.45,5315.1,0,28,1,0,2319,3674,True,False,False,False,False,False,False
0,0,10,1,0,0,0,0,0,0,0,0,70.15,735.5,0,23,0,0,3963,699,True,False,False,False,False,False,True
0,0,9,1,1,0,0,0,0,1,1,1,94.75,889.9,1,34,0,0,2893,67411,True,False,False,False,False,True,False
1,0,13,1,1,0,0,0,0,1,1,1,95.05,1290.0,1,73,0,0,2230,648,True,False,False,False,False,True,False
0,0,4,1,1,0,1,0,0,0,0,0,78.45,330.05,1,28,0,0,5048,4426,True,False,False,False,False,True,False
0,0,4,1,0,0,0,0,0,0,0,1,70.2,237.95,1,43,0,0,5094,18529,True,False,False,False,False,True,False
0,1,72,1,1,1,1,1,1,1,1,0,92.0,6474.4,0,47,1,0,6434,41636,False,False,False,True,False,False,False
0,1,51,1,0,1,1,1,1,1,1,0,85.5,4421.95,0,63,1,0,6261,4097,False,False,False,True,True,False,False
0,1,59,0,0,0,1,0,0,0,1,1,41.05,2452.7,1,23,1,0,4324,38534,False,False,False,False,False,False,False
0,1,10,1,1,0,0,0,0,1,0,1,85.6,813.85,1,63,1,0,5146,171,True,False,False,False,False,True,False
1,1,61,1,1,0,1,0,0,0,0,1,82.15,4904.85,0,66,1,0,4250,6197,True,False,False,False,False,True,False
0,0,54,1,0,1,0,1,1,0,0,0,84.4,4484.05,0,41,0,0,4154,2756,True,False,True,False,False,True,False
0,0,33,1,1,1,1,0,0,0,0,1,60.9,2033.85,0,38,0,0,3009,40750,False,False,False,False,False,False,True
0,0,27,1,0,0,0,0,0,0,0,1,20.25,538.2,0,62,0,0,5250,850,False,True,False,True,False,False,False
1,0,1,1,0,0,0,0,0,1,0,1,79.2,79.2,1,69,0,0,4363,51855,True,False,False,False,False,True,False
0,0,23,1,0,0,1,0,0,1,1,0,95.3,2192.9,0,53,0,0,5029,5714,True,False,False,False,False,False,True
0,0,1,1,0,0,0,0,0,0,0,0,19.85,19.85,0,63,0,2,4840,24194,False,True,False,False,False,False,True
0,1,45,1,0,1,1,1,1,1,1,1,84.35,3858.05,0,63,1,0,3403,2536,False,False,False,True,False,False,True
0,1,39,1,0,0,0,0,0,0,0,1,19.85,854.8,0,35,1,1,3032,2723,False,True,False,True,False,False,False
0,0,5,1,0,0,0,1,0,1,1,1,70.0,347.4,1,39,0,0,2673,1140,False,False,True,False,False,False,True
0,1,72,1,1,1,1,1,1,1,0,0,82.3,5815.15,0,40,1,0,4162,659,False,False,False,True,False,False,False
0,1,58,1,1,0,1,0,0,1,0,1,66.8,3970.4,0,44,1,1,6433,228,False,False,False,False,False,False,False
0,0,70,0,0,1,1,1,1,0,0,1,44.6,3058.15,0,62,0,0,4442,1745,False,False,False,True,False,False,False
0,1,61,1,0,0,1,0,1,1,1,1,98.45,6145.2,0,41,1,1,4000,213,True,False,True,False,False,False,False
0,0,2,1,0,0,0,0,0,0,0,0,70.7,129.2,0,37,0,0,2388,9752,True,False,False,False,False,False,True
0,1,46,1,1,0,0,0,0,0,0,0,24.95,1165.9,0,39,1,0,3979,2010,False,True,True,False,False,False,True
0,0,1,1,1,0,0,0,0,0,0,1,49.95,49.95,1,51,0,0,2041,6202,False,False,False,False,False,False,False
0,1,22,1,0,0,0,0,0,0,0,1,69.25,1554.0,1,19,1,0,2159,1793,True,False,False,False,False,True,False
0,0,48,1,0,1,0,1,1,1,1,1,102.5,4904.25,0,43,0,0,3262,129,True,False,False,True,True,False,False
0,0,64,1,1,0,1,1,1,1,1,0,86.55,5632.55,0,35,0,0,4934,15286,False,False,False,True,True,False,False
0,1,72,1,1,0,0,0,0,0,0,0,24.3,1643.25,0,53,1,3,5160,11191,False,True,False,True,False,False,False
0,1,12,1,0,0,0,1,0,1,0,1,58.35,740.55,0,51,1,3,5068,485,False,False,False,False,True,False,False
1,1,34,1,1,0,1,1,0,0,1,1,94.25,3217.55,1,75,1,0,3369,844,True,False,False,False,False,True,False
0,1,72,1,0,1,1,1,0,0,1,0,68.75,4888.2,0,29,1,0,4505,929,False,False,False,True,True,False,False
0,1,29,1,1,0,1,1,0,0,0,1,85.8,2440.25,0,62,1,0,2568,6096,True,False,False,False,False,True,False
0,1,33,1,0,0,0,0,0,0,0,0,20.1,620.55,0,21,1,0,3636,751,False,True,True,False,True,False,False
0,0,1,1,0,0,0,0,0,0,0,0,20.35,20.35,0,47,0,0,5774,32202,False,True,False,False,False,False,True
0,1,62,1,1,0,1,1,1,1,1,1,110.8,6840.95,0,42,1,3,4306,25173,True,False,True,False,False,True,False
0,1,41,1,1,0,0,1,0,1,1,1,73.0,3001.2,1,34,1,0,2041,32040,False,False,True,False,False,True,False
0,0,64,1,1,0,0,1,0,1,1,1,100.05,6254.2,1,39,0,0,5452,2048,True,False,True,False,True,False,False
0,0,4,1,0,0,0,1,0,0,1,1,82.85,319.6,0,24,0,0,3154,1173,True,False,False,False,True,False,False
0,0,24,1,1,1,0,0,1,0,0,1,84.35,1938.05,0,44,0,0,2198,4354,True,False,False,False,False,True,False
0,1,14,1,0,0,0,0,0,0,0,0,19.55,294.5,0,56,1,0,5620,5501,False,True,True,False,False,False,True
0,0,3,1,0,0,0,0,0,0,0,0,19.95,58.3,0,38,0,3,4430,34146,False,True,False,False,False,False,True
1,0,4,1,0,0,1,1,0,1,1,1,99.8,442.85,1,65,0,0,2268,901,True,False,False,False,True,False,False
0,0,18,0,0,0,0,0,0,0,1,1,35.0,553.0,1,27,0,0,2649,2220,False,False,False,False,False,True,False
0,0,8,1,0,0,0,0,0,1,1,1,66.25,546.45,0,40,0,0,3026,49729,False,False,False,False,False,True,False
0,0,35,1,1,0,0,0,0,0,0,0,23.3,797.1,0,38,0,0,2416,3815,False,True,False,True,False,False,False
0,0,1,1,1,0,0,0,0,0,0,0,76.0,76.0,1,20,0,0,2567,14010,True,False,False,False,False,True,False
0,0,66,1,1,0,0,0,0,0,0,1,25.3,1673.8,0,64,0,3,6019,947,False,True,False,True,True,False,False
0,0,8,0,0,1,0,0,1,0,1,1,44.55,343.45,0,46,0,0,5489,364,False,False,False,True,False,False,True
0,1,71,1,1,1,0,1,0,1,1,1,104.1,7412.25,0,19,1,0,4695,21510,True,False,True,False,True,False,False
0,1,43,1,1,0,0,1,0,0,1,1,92.55,4039.0,0,59,1,3,3853,30614,True,False,False,False,False,False,False
1,0,2,1,1,0,0,0,0,1,1,1,93.85,170.85,1,77,0,0,4193,1219,True,False,False,False,False,True,False
1,0,29,1,0,0,1,1,0,1,1,1,101.45,2948.6,0,79,0,0,5285,24738,True,False,False,False,False,False,False
0,1,15,1,0,0,0,1,0,1,0,1,84.3,1308.4,1,36,1,0,4003,4731,True,False,False,False,False,True,False
0,1,65,1,1,1,1,1,1,0,0,0,94.55,6078.75,0,35,1,2,4603,2958,True,False,False,True,True,False,False
0,0,35,1,1,0,0,1,1,1,0,0,95.5,3418.2,0,27,0,0,3715,4610,True,False,False,False,False,True,False
0,0,64,1,0,1,1,0,0,1,1,1,100.3,6603.8,0,51,0,0,4986,1472,True,False,True,False,True,False,False
0,1,58,0,0,0,0,1,1,1,1,1,55.5,3166.9,0,58,1,0,4080,63157,False,False,False,True,True,False,False
1,0,18,1,0,0,1,0,0,0,0,1,49.85,865.75,0,69,0,0,3283,32564,False,False,False,False,True,False,False
0,1,67,1,1,0,1,0,0,0,1,1,89.55,6373.1,0,38,1,3,6111,1273,True,False,False,False,False,False,False
0,1,63,1,0,0,0,0,0,0,0,1,19.15,1177.05,0,59,1,3,6373,2344,False,True,False,True,False,False,True
0,1,60,1,1,0,1,0,0,1,1,1,99.8,5985.75,0,22,1,0,6213,19050,True,False,False,False,False,True,False
1,0,9,1,1,0,0,0,0,0,1,1,84.4,732.5,1,67,0,0,5745,3600,True,False,False,False,True,False,False
0,1,70,1,1,1,1,1,1,1,1,1,113.05,7869.05,0,56,1,2,4203,5889,True,False,False,True,True,False,False
0,1,15,1,1,0,0,1,0,1,1,1,101.1,1504.05,1,62,1,0,2055,8406,True,False,False,False,False,True,False
0,0,48,1,0,0,0,0,0,0,0,0,19.95,936.7,0,32,0,0,3396,38547,False,True,True,False,False,False,True
0,1,12,1,0,0,0,1,1,1,1,1,74.15,741.4,0,63,1,0,5426,751,False,False,False,False,False,True,False
1,1,71,1,1,1,1,1,1,0,0,1,92.0,6585.2,0,70,1,0,4322,1526,True,False,True,False,False,True,False
1,0,44,1,0,0,0,1,0,0,0,0,73.85,3122.4,0,69,0,0,4374,4829,True,False,False,False,False,True,False
0,0,1,1,1,0,0,0,0,0,0,1,50.45,50.45,1,37,0,0,2928,8525,False,False,False,False,False,True,False
0,1,45,1,1,0,0,0,0,0,0,0,24.45,1088.25,0,43,1,3,3586,350,False,True,False,True,False,False,True
0,0,23,1,1,0,0,0,0,0,0,0,24.8,615.35,0,21,0,0,4402,185,False,True,True,False,True,False,False
0,1,43,1,1,0,0,0,1,1,0,1,64.85,2908.2,0,64,1,0,4000,407,False,False,True,False,False,False,False
0,0,35,1,0,0,0,0,0,0,0,0,20.75,739.9,0,49,0,0,5876,183,False,True,False,False,False,False,False
0,1,9,1,0,1,1,0,1,1,0,1,68.95,593.85,0,47,1,0,2452,69,False,False,False,False,False,False,True
0,0,12,1,1,0,0,0,1,1,1,1,99.95,1132.75,1,20,0,0,5598,3747,True,False,False,False,False,False,True
1,1,65,1,1,1,1,1,0,1,1,1,109.4,7227.45,0,68,1,0,4452,8577,True,False,False,False,True,False,False
0,0,2,1,1,0,0,1,0,1,0,1,91.4,193.6,1,50,0,0,5100,88,True,False,False,False,False,True,False
0,0,27,1,1,0,0,0,0,0,0,0,49.0,1291.35,0,61,0,0,5428,25,False,False,False,False,False,False,True
0,0,40,1,0,0,0,1,0,0,0,1,50.25,2023.55,0,61,0,0,2449,31,False,False,True,False,False,False,True
1,0,5,1,0,0,0,1,0,0,0,1,75.55,349.65,1,78,0,0,4028,299,True,False,False,False,True,False,False
0,1,8,1,0,0,0,0,0,0,0,0,19.9,153.95,0,26,1,0,3152,20675,False,True,True,False,True,False,False
1,1,58,1,1,0,1,0,0,1,1,1,97.8,5458.8,0,66,1,0,6019,25418,True,False,True,False,False,False,False
0,1,52,1,0,1,0,1,0,1,1,0,100.3,5244.45,0,31,1,2,4811,47065,True,False,True,False,False,True,False
0,1,3,1,0,0,0,1,1,0,0,1,55.8,154.55,0,34,1,0,2662,22028,False,False,False,False,False,False,True
0,0,41,1,0,1,1,1,1,1,1,1,111.15,4507.15,0,29,0,3,5038,15494,True,False,False,True,False,True,False
0,0,20,1,1,0,0,0,1,1,1,1,98.55,2031.95,0,26,0,0,3300,15022,True,False,False,False,False,False,True
0,0,1,1,1,0,0,0,0,0,0,1,50.05,50.05,0,24,0,3,5523,16599,False,False,False,False,False,True,False
0,0,4,1,1,0,0,0,1,0,0,0,80.8,332.45,1,28,0,0,5436,25355,True,False,False,False,True,False,False
0,0,23,1,0,0,0,0,0,0,0,0,20.85,473.9,0,45,0,0,4263,16164,False,True,False,False,False,True,False
1,0,6,1,0,0,0,0,0,0,0,0,19.5,106.8,0,67,0,0,3288,14966,False,True,False,False,False,False,False
0,1,8,1,0,0,0,0,0,0,0,1,19.35,152.6,0,51,1,3,5416,21313,False,True,False,False,False,False,True
0,0,18,1,1,1,0,1,0,1,0,0,69.5,1199.4,0,56,0,0,4466,15975,False,False,False,False,False,False,True
1,0,52,0,0,1,0,0,0,1,1,1,48.8,2555.05,0,69,0,0,4865,37031,False,False,False,False,True,False,False
0,0,31,1,0,0,1,0,0,1,1,1,94.5,2979.2,0,56,0,0,3949,35426,True,False,False,False,False,True,False
0,1,29,1,0,0,0,0,0,0,0,1,20.65,654.85,0,20,1,1,4667,44683,False,True,False,False,False,False,True
0,1,36,1,1,1,1,1,1,0,1,1,106.05,3834.4,0,54,1,0,4505,72199,True,False,False,True,True,False,False
0,1,16,1,1,0,1,0,0,1,1,1,100.0,1534.75,1,61,1,0,3794,30580,True,False,False,False,False,True,False
0,1,42,1,1,0,0,1,1,1,1,1,108.3,4586.15,0,53,1,0,5106,30715,True,False,True,False,False,True,False
0,0,1,1,0,0,0,0,0,0,0,0,20.55,20.55,1,53,0,0,5636,38818,False,True,False,False,False,True,False
0,0,60,1,0,0,1,1,0,1,1,1,99.65,5941.05,0,38,0,0,4616,19611,True,False,False,True,False,True,False
0,0,5,1,1,0,1,1,0,0,0,1,85.3,424.15,1,30,0,0,2264,54880,True,False,False,False,False,True,False
0,1,22,1,1,1,0,0,1,1,0,0,95.9,2234.95,0,42,1,0,3207,11396,True,False,False,False,True,False,False
0,1,36,1,0,0,0,0,0,0,0,0,20.0,666.75,0,47,1,0,4175,592,False,True,True,False,False,False,True
0,0,4,1,0,0,0,0,0,0,0,0,70.4,281.0,1,19,0,0,4494,42832,True,False,False,False,False,True,False
0,0,9,1,0,1,0,0,1,0,1,0,64.95,547.8,0,40,0,0,3013,9063,False,False,False,False,False,False,True
0,1,1,1,0,0,1,0,0,0,0,0,74.6,74.6,0,28,1,1,5494,31422,True,False,False,False,True,False,False
0,1,12,1,0,1,0,0,0,0,0,1,49.2,571.15,0,39,1,3,3582,8403,False,False,False,False,False,True,False
0,0,23,1,1,0,0,0,1,1,1,1,73.75,1756.6,0,37,0,0,3483,854,False,False,True,False,False,False,True
0,0,62,1,1,1,1,0,0,0,1,1,92.3,5731.45,0,35,0,0,6468,264,True,False,True,False,False,False,False
0,0,37,1,1,0,0,0,1,1,1,0,98.8,3475.55,1,27,0,0,3066,34894,True,False,False,False,False,False,False
0,0,8,1,0,0,0,0,0,0,0,0,19.2,156.85,0,42,0,0,2879,20993,False,True,False,False,False,False,True
0,1,31,1,1,0,0,1,0,1,0,0,88.65,2683.2,0,46,1,0,4821,31373,True,False,False,False,True,False,False
0,1,13,1,1,0,0,0,0,0,0,1,74.4,896.75,1,36,1,0,3687,36432,True,False,False,False,True,False,False
0,0,24,1,1,0,0,1,0,1,1,1,98.75,2407.3,1,35,0,0,4016,23362,True,False,False,False,False,True,False
0,1,45,1,1,0,1,1,0,0,1,1,95.95,4456.65,0,54,1,2,5322,38091,True,False,False,False,False,False,False
1,1,69,1,1,0,1,0,1,1,1,0,105.4,6998.95,0,73,1,0,5467,5654,True,False,False,True,True,False,False
0,0,2,1,0,0,0,0,0,0,0,0,20.25,36.8,0,35,0,0,5736,118,False,True,False,False,False,False,True
0,1,61,1,1,1,1,0,0,1,1,1,106.0,6547.7,1,52,1,0,4334,4796,True,False,True,False,False,True,False
0,0,41,1,1,0,1,1,0,1,1,1,104.7,4346.4,1,21,0,0,3316,626,True,False,False,False,False,True,False
0,0,44,0,0,0,0,1,0,1,1,1,49.05,2265.0,0,58,0,0,3910,1279,False,False,True,False,False,True,False
0,0,39,0,0,0,0,1,1,0,0,0,35.55,1309.15,0,41,0,0,3752,3169,False,False,True,False,False,False,True
0,1,72,0,0,1,1,1,1,1,1,1,65.1,4754.3,0,53,1,0,4969,1477,False,False,False,True,True,False,False
1,0,13,1,0,0,0,1,0,1,1,1,96.85,1235.55,0,74,0,0,3098,1237,True,False,False,False,False,True,False
0,1,51,1,0,1,1,0,1,0,1,1,69.75,3562.5,0,50,1,0,5628,303,False,False,True,False,True,False,False
1,1,71,1,0,0,1,1,0,1,1,1,99.2,7213.75,0,70,1,0,4951,632,True,False,False,True,False,True,False
1,0,22,1,1,0,0,0,0,1,1,1,96.7,2082.95,1,65,0,0,4458,86,True,False,False,False,False,True,False
0,0,2,1,0,0,1,0,1,0,0,1,55.05,102.75,1,47,0,0,5855,262,False,False,False,False,True,False,False
0,0,56,1,1,0,1,1,0,1,1,1,106.8,5914.4,0,49,0,0,6161,35808,True,False,True,False,False,True,False
0,0,1,1,0,1,0,0,0,0,0,0,51.25,51.25,0,32,0,0,4483,32848,False,False,False,False,False,False,True
0,1,23,1,0,1,1,0,1,0,0,1,57.75,1282.85,0,30,1,0,3794,282,False,False,True,False,False,False,True
1,1,66,1,1,0,1,1,0,1,0,1,70.85,4738.85,0,73,1,0,5572,7503,False,False,True,False,False,False,False
0,0,1,1,0,0,0,0,0,0,0,0,19.55,19.55,0,21,0,0,5750,178,False,True,False,False,False,False,True
1,0,19,1,1,0,1,0,0,1,0,1,88.2,1775.8,1,74,0,0,5683,614,True,False,False,False,False,True,False
0,0,11,1,0,1,0,1,0,0,0,1,79.5,795.65,0,20,0,0,2278,404,True,False,False,False,False,False,False
0,1,8,1,0,0,0,0,0,0,0,1,19.75,145.0,1,44,1,0,2247,19,False,True,True,False,False,False,True
0,1,52,1,1,1,1,1,0,0,1,0,98.15,4993.4,0,41,1,1,5123,3524,True,False,False,False,False,False,False
0,0,3,1,0,0,0,0,0,0,0,1,20.25,61.45,0,19,0,0,4050,587,False,True,False,False,False,True,False
0,1,51,1,0,1,1,0,0,0,0,1,79.15,4018.55,0,29,1,2,6321,452,True,False,False,False,False,False,False
1,0,15,1,1,0,0,0,0,0,0,0,75.65,1146.65,1,70,0,0,2099,1351,True,False,False,False,False,True,False
1,1,64,1,1,0,1,1,0,0,1,1,94.25,6081.4,0,79,1,0,6020,1454,True,False,False,False,False,True,False
0,0,37,0,0,0,0,1,0,0,1,1,40.2,1478.85,0,64,0,0,5924,76,False,False,False,False,True,False,False
0,0,13,1,0,0,0,0,0,0,0,0,19.95,243.65,0,59,0,0,2884,23990,False,True,False,True,False,False,True
0,1,49,1,1,1,0,0,0,0,0,1,55.35,2633.95,0,29,1,0,5601,9752,False,False,True,False,False,True,False
1,0,45,1,1,0,0,1,0,1,1,1,102.15,4735.35,0,74,0,0,5391,2064,True,False,True,False,False,False,False
0,0,18,1,0,0,0,0,0,0,0,1,71.1,1247.75,0,19,0,0,4911,9763,True,False,False,False,False,True,False
1,0,1,1,1,0,0,0,0,0,0,1,74.7,74.7,1,69,0,0,3348,17922,True,False,False,False,False,True,False
0,1,68,0,0,1,0,1,0,1,1,1,54.1,3794.5,0,42,1,0,4601,531,False,False,False,True,False,False,False
0,0,54,1,0,0,0,0,0,0,0,0,19.65,1008.7,0,27,0,0,5708,1931,False,True,False,True,True,False,False
1,1,23,1,0,0,1,1,0,0,1,1,88.45,2130.55,0,74,1,3,3937,8695,True,False,False,False,False,False,False
0,0,17,1,0,0,0,1,0,0,0,1,76.65,1313.55,1,62,0,0,3182,11168,True,False,False,False,False,True,False
0,1,71,1,1,1,1,1,1,0,1,0,80.4,5727.15,0,22,1,0,5228,1146,False,False,False,True,True,False,False
0,1,67,1,0,0,0,0,0,0,0,1,19.25,1372.9,0,56,1,1,5154,301,False,True,False,True,False,False,False
0,1,14,1,1,0,0,0,0,1,0,1,84.8,1203.9,0,46,1,3,2452,776,True,False,False,False,False,True,False
1,0,1,0,0,0,0,0,0,0,0,1,25.8,25.8,1,76,0,0,3884,17269,False,False,False,False,False,False,True
0,0,63,1,0,0,0,0,0,0,0,0,19.5,1215.1,0,48,0,1,4370,565,False,True,False,True,True,False,False
0,0,41,1,1,0,0,1,1,0,1,1,68.6,2877.05,0,36,0,0,4572,6439,False,False,True,False,False,True,False
0,1,17,1,1,0,0,0,0,1,1,0,92.6,1579.7,0,46,1,0,4756,1519,True,False,False,False,False,True,False
0,1,56,1,1,1,0,0,0,1,1,1,100.55,5514.95,0,28,1,0,4847,13706,True,False,True,False,False,True,False
0,0,5,1,0,0,0,0,0,0,0,0,20.55,96.1,0,49,0,0,5967,17782,False,True,False,False,True,False,False
0,0,2,0,0,1,1,0,0,0,1,1,42.6,72.4,1,49,0,0,4648,28382,False,False,False,False,False,True,False
0,1,3,1,0,0,0,0,0,0,0,1,19.6,55.25,0,28,1,0,2941,1254,False,True,False,False,False,False,True
0,0,37,1,1,1,1,1,1,0,0,0,67.45,2443.3,0,42,0,0,5042,28318,False,False,True,False,False,True,False
0,0,29,1,0,1,1,1,0,0,1,1,68.85,1970.5,1,45,0,0,5449,495,False,False,False,False,False,False,False
0,0,8,1,0,0,0,0,0,0,0,0,43.55,335.4,0,44,0,0,3266,6189,False,False,False,False,False,False,True
0,0,63,1,1,0,1,1,1,1,1,1,109.85,7002.95,0,40,0,0,5775,26971,True,False,False,False,True,False,False
0,1,7,1,0,0,0,0,0,0,0,0,20.65,158.95,0,61,1,1,4058,74,False,True,False,False,False,False,True
0,0,3,1,0,0,1,0,0,1,1,0,95.4,293.15,0,52,0,0,2813,1601,True,False,False,False,False,True,False
0,1,72,1,0,0,0,0,0,0,0,0,21.0,1493.75,0,19,1,1,4974,963,False,True,False,True,False,False,False
0,0,19,1,0,0,0,0,0,0,1,1,56.2,1093.4,0,57,0,0,3384,28,False,False,False,False,False,True,False
0,1,59,1,0,0,0,0,0,0,0,0,18.4,1057.85,0,60,1,0,4375,844,False,True,False,True,False,False,False
0,1,2,1,0,0,0,1,1,0,1,0,90.0,190.05,1,51,1,0,3902,101,True,False,False,False,True,False,False
0,1,35,1,1,0,0,0,0,0,0,1,25.75,882.55,0,62,1,1,4194,3193,False,True,False,False,False,True,False
0,0,14,1,0,0,0,0,0,0,0,0,19.6,300.4,0,64,0,0,2847,513,False,True,False,False,True,False,False
0,0,14,1,0,0,0,1,0,0,0,0,75.35,1025.95,1,42,0,0,4995,73,True,False,False,False,False,True,False
0,1,69,1,0,0,0,0,0,0,0,0,19.8,1436.95,0,29,1,2,5423,145,False,True,False,True,True,False,False
1,1,7,1,1,1,1,0,1,0,0,0,64.2,475.0,0,68,1,0,5116,4579,False,False,False,False,False,True,False
0,1,69,1,0,1,1,1,1,1,0,1,75.75,5388.15,0,64,1,0,5839,8812,False,False,False,True,False,False,False
0,1,72,1,1,0,1,0,1,1,1,1,78.95,5730.15,0,56,1,0,5050,34967,False,False,False,True,False,True,False
0,0,8,1,1,0,1,0,0,1,1,0,100.85,819.55,1,56,0,0,3849,27786,True,False,False,False,False,True,False
0,1,4,1,0,1,0,0,0,0,0,0,50.3,217.1,0,61,1,1,3147,31586,False,False,False,False,False,True,False
0,1,63,1,0,0,1,1,0,0,0,1,80.3,4896.35,0,30,1,2,5157,30338,True,False,False,False,True,False,False
0,0,72,1,0,0,0,0,0,0,0,0,19.85,1434.1,0,52,0,0,4790,41476,False,True,False,True,False,False,False
0,0,46,1,0,0,0,0,0,0,0,1,21.1,937.1,0,42,0,0,4791,615,False,True,False,True,False,True,False
0,1,5,1,0,0,0,0,0,0,0,0,69.95,330.15,1,55,1,0,2969,21418,True,False,False,False,False,True,False
0,1,30,1,0,0,0,1,0,0,0,1,50.0,1474.9,0,53,1,0,4715,899,False,False,False,False,False,False,True
0,0,63,1,1,0,1,1,0,1,1,1,104.75,6536.5,0,52,0,0,5882,595,True,False,False,True,False,False,False
0,0,60,1,0,0,0,0,0,0,0,0,19.85,1128.1,0,53,0,0,6213,269,False,True,False,True,False,False,False
0,1,63,1,1,0,1,1,0,1,1,1,107.5,6873.75,1,50,1,0,6144,265,True,False,True,False,False,True,False
0,1,25,1,0,0,0,0,1,1,0,0,85.9,2199.05,0,26,1,3,3153,4552,True,False,False,False,False,True,False
0,0,1,1,0,0,0,0,0,0,0,1,45.85,45.85,1,58,0,0,5930,290,False,False,False,False,False,False,True
1,1,6,1,1,0,0,1,0,0,0,1,80.8,457.1,0,75,1,0,5611,417,True,False,False,False,False,True,False
0,0,22,1,1,0,0,0,0,0,0,0,25.25,566.5,0,61,0,0,3403,344,False,True,False,True,False,False,True
0,1,31,1,1,0,1,0,1,1,1,0,80.55,2471.6,0,58,1,0,3491,228,False,False,False,True,False,False,False
0,1,39,1,0,0,0,1,1,0,0,1,81.5,3107.3,0,64,1,5,2042,6277,True,False,False,False,False,False,False
0,0,26,1,0,0,0,0,0,0,0,0,20.9,518.3,0,31,0,0,5895,2664,False,True,False,False,False,False,True
0,1,53,1,0,1,1,1,0,1,1,1,106.1,5769.75,1,44,1,0,4471,13840,True,False,True,False,False,False,False
0,0,1,1,0,0,1,0,1,1,0,0,91.7,91.7,1,20,0,0,4319,12348,True,False,False,False,False,True,False
0,0,12,1,1,1,1,0,1,0,0,1,67.25,832.3,0,54,0,0,4334,1162,False,False,False,False,False,True,False
0,0,16,1,1,0,1,1,0,0,1,1,95.6,1555.65,1,39,0,0,5915,960,True,False,False,False,True,False,False
0,0,2,1,0,0,0,0,0,0,0,0,20.35,45.3,0,52,0,0,5994,2602,False,True,False,False,False,False,True
0,0,39,0,0,1,0,0,1,1,0,0,45.05,1790.6,0,40,0,0,4003,2156,False,False,True,False,False,False,False
0,0,1,1,1,0,0,0,0,0,0,1,74.95,74.95,1,59,0,0,2591,1902,True,False,False,False,False,True,False
0,1,7,0,0,1,0,0,1,0,0,0,34.65,246.6,0,37,1,1,5996,84,False,False,False,False,False,False,True
1,0,4,1,0,0,0,0,0,0,0,0,69.35,261.65,0,77,0,0,4140,170,True,False,False,False,False,True,False
1,0,10,1,1,0,0,0,0,1,1,1,95.35,898.35,1,71,0,0,5353,48690,True,False,False,False,False,True,False
0,0,55,1,0,0,1,1,0,0,0,1,81.55,4509.5,0,39,0,0,5167,373,True,False,False,False,False,True,False
0,1,72,1,0,0,1,1,0,1,1,1,75.4,5480.25,0,43,1,0,4171,392,False,False,False,True,False,False,False
0,1,10,1,0,0,0,1,0,1,1,1,67.8,653.15,0,62,1,0,2709,3357,False,False,False,False,True,False,False
1,0,11,1,1,0,1,1,1,1,1,1,111.4,1183.05,0,75,0,0,3175,295,True,False,False,False,False,True,False
0,1,15,1,0,0,0,0,0,0,0,0,46.3,639.45,0,24,1,3,3103,616,False,False,False,False,False,True,False
0,1,23,1,0,0,0,0,0,0,0,0,20.4,478.75,0,48,1,1,4698,1294,False,True,False,True,False,False,False
0,0,1,1,0,0,0,0,0,0,0,0,20.05,20.05,0,46,0,3,4221,397,False,True,False,False,False,False,True
1,0,3,1,0,0,0,0,0,0,0,0,45.0,127.1,1,76,0,0,4145,42239,False,False,False,False,False,True,False
0,1,47,1,0,1,1,1,0,0,1,1,96.1,4391.45,0,23,1,2,5793,1026,True,False,True,False,False,True,False
0,0,15,1,0,0,0,0,0,0,0,0,19.65,270.6,0,36,0,0,4818,268,False,True,True,False,False,False,True
0,0,66,1,0,0,1,1,0,1,1,0,99.5,6710.5,1,62,0,0,4001,911,True,False,False,False,False,True,False
1,1,68,1,0,0,1,1,1,0,0,1,60.65,3975.9,0,78,1,0,6418,734,False,False,True,False,False,False,False
0,1,17,1,0,0,0,1,1,1,1,0,98.6,1704.95,1,38,1,0,5160,482,True,False,True,False,False,False,False
0,0,7,1,0,0,0,0,1,1,0,1,59.5,415.95,1,54,0,0,4661,1236,False,False,False,False,False,False,True
1,1,12,1,0,0,0,0,0,0,1,1,80.45,950.2,1,77,1,0,5374,1845,True,False,False,False,False,True,False
1,1,21,1,1,0,1,1,0,0,1,0,71.7,1497.05,0,73,1,0,2784,386,False,False,True,False,False,False,False
0,0,21,0,0,0,1,0,1,0,0,1,36.0,780.15,0,39,0,0,3378,3756,False,False,False,False,False,False,True
0,1,56,1,1,1,0,0,0,1,0,0,65.2,3512.15,0,62,1,0,4775,1554,False,False,True,False,False,False,False
0,1,6,1,1,0,0,0,0,0,0,1,48.95,273.25,0,28,1,1,3061,1586,False,False,False,False,True,False,False
1,0,65,0,0,0,1,1,0,1,1,1,53.5,3517.9,0,75,0,0,5693,816,False,False,False,True,False,False,False
0,1,42,1,1,1,0,0,1,1,1,0,80.45,3375.9,0,30,1,0,4397,598,False,False,True,False,True,False,False
0,1,68,1,1,1,0,1,1,1,1,1,109.05,7508.55,0,55,1,3,6391,78,True,False,False,True,False,False,False
0,1,48,1,1,0,0,0,0,0,0,0,26.3,1245.05,0,59,1,3,2111,830,False,True,False,True,False,False,False
1,0,50,1,1,0,1,0,1,1,1,1,106.8,5347.95,0,66,0,0,5746,124,True,False,True,False,False,True,False
1,0,7,1,0,0,1,1,0,1,0,1,64.95,493.65,0,67,0,0,4615,42239,False,False,False,False,False,True,False
0,1,63,1,0,0,0,0,0,0,0,0,19.35,1263.85,0,31,1,3,4566,431,False,True,False,True,False,True,False
0,0,17,1,0,0,0,0,0,0,0,0,21.1,385.55,0,24,0,0,2842,7309,False,True,False,False,True,False,False
0,1,42,1,0,0,0,0,0,1,0,1,77.95,3384.0,1,53,1,0,5396,240,True,False,False,False,True,False,False
0,1,4,1,0,0,0,0,0,0,0,0,18.85,84.2,0,41,1,1,5279,829,False,True,False,False,False,False,True
0,0,62,1,1,0,0,0,0,0,0,0,26.0,1638.7,0,51,0,3,4535,182,False,True,False,True,False,False,False
1,0,2,1,0,0,1,0,0,0,0,1,74.7,165.4,1,74,0,0,2803,4931,True,False,False,False,False,True,False
0,1,2,1,0,0,0,0,0,0,0,1,70.35,120.25,0,45,1,0,4917,263,True,False,False,False,False,True,False
0,1,48,1,1,1,1,1,0,1,0,1,96.9,4473.45,0,33,1,0,2613,433,True,False,False,True,False,False,False
0,1,27,1,0,0,0,0,0,0,0,0,19.55,520.55,0,53,1,0,4430,215,False,True,False,True,False,False,False
0,1,70,1,0,0,1,1,1,1,1,1,80.4,5717.85,0,28,1,0,6367,26438,False,False,False,True,False,False,False
1,0,1,1,1,0,0,1,0,1,0,1,88.8,88.8,1,77,0,0,3106,459,True,False,False,False,False,True,False
0,1,46,1,1,0,1,1,0,1,0,1,94.65,4312.5,0,44,1,0,4120,88,True,False,True,False,False,True,False
0,0,30,1,0,0,0,0,0,1,1,1,90.25,2755.35,1,33,0,0,5654,28201,True,False,False,False,False,True,False
0,0,15,1,1,1,0,0,0,0,1,1,64.65,994.55,1,51,0,0,4780,28201,False,False,False,False,False,False,False
0,1,69,1,1,0,1,1,0,1,0,0,95.75,6511.25,0,35,1,2,5561,4231,True,False,True,False,True,False,False
0,0,65,1,0,0,0,0,0,0,0,1,19.55,1218.65,0,34,0,0,4309,405,False,True,False,True,True,False,False
1,1,72,1,0,1,0,1,1,1,1,1,104.1,7447.7,0,67,1,2,5092,734,True,False,False,True,True,False,False
1,1,13,1,0,0,1,0,1,0,1,1,89.05,1169.35,1,76,1,0,3861,28201,True,False,False,False,False,False,False
0,0,17,1,0,0,0,0,0,0,0,1,20.1,279.5,0,46,0,0,2185,3749,False,True,True,False,False,False,True
0,1,51,1,1,1,0,1,1,1,1,1,111.55,5720.35,0,23,1,0,4053,5896,True,False,True,False,False,True,False
0,1,51,1,0,1,1,0,1,0,0,0,60.5,3121.45,0,40,1,0,4994,843,False,False,False,True,True,False,False
0,1,72,1,1,1,1,1,1,1,1,1,90.95,6468.6,0,52,1,0,6091,9538,False,False,False,True,False,False,False
0,1,67,1,1,0,1,1,0,0,0,0,87.4,5918.8,1,34,1,0,4421,28201,True,False,True,False,False,True,False
0,0,34,1,0,0,0,0,0,0,0,0,19.7,675.6,0,31,0,0,4136,1839,False,True,False,False,False,False,True
0,1,67,0,0,1,1,0,1,0,1,1,50.95,3521.7,0,39,1,0,6395,857,False,False,False,True,False,False,False
0,1,49,1,0,0,0,0,0,0,0,1,20.05,923.1,0,56,1,0,5579,650,False,True,True,False,False,False,False
0,1,53,1,0,0,0,0,0,0,0,1,19.4,1110.35,0,38,1,3,4497,88,False,True,False,True,False,False,True
0,0,27,1,1,0,0,1,1,0,0,0,59.45,1611.65,0,55,0,0,4818,1332,False,False,False,False,False,True,False
1,0,23,1,0,0,1,0,0,1,1,1,94.75,2293.6,1,77,0,0,2740,28201,True,False,False,False,False,True,False
0,0,69,1,1,1,1,1,1,0,1,1,81.5,5553.25,0,46,0,0,5286,1177,False,False,False,True,True,False,False
0,1,2,0,0,0,0,0,1,0,0,0,29.05,44.75,0,51,1,2,4998,132,False,False,False,False,False,False,False
0,0,35,1,1,0,0,0,0,1,0,1,86.45,3029.1,1,32,0,0,5874,28201,True,False,False,False,False,True,False
0,1,46,1,0,1,1,0,1,0,1,0,70.6,3231.05,0,45,1,0,5433,946,False,False,True,False,False,False,True
0,0,54,1,1,0,1,0,0,1,1,1,97.2,5129.45,0,39,0,0,4971,3093,True,False,False,True,False,False,False
0,1,56,1,1,0,1,0,0,1,1,1,98.25,5508.35,1,21,1,0,4886,28201,True,False,True,False,False,True,False
0,1,9,1,0,0,0,1,0,0,0,1,75.75,655.9,1,46,1,0,5105,28201,True,False,False,False,False,False,False
0,0,20,1,1,1,0,0,1,0,0,0,59.2,1191.2,0,53,0,0,5924,385,False,False,False,False,False,False,False
0,0,11,1,0,0,1,0,0,0,0,1,75.9,866.4,0,20,0,0,4278,1822,True,False,False,False,False,False,True
1,1,30,1,1,0,1,0,0,1,0,1,90.05,2627.2,0,68,1,0,3792,85,True,False,False,False,False,True,False
0,1,68,1,0,1,1,1,0,0,1,0,70.95,4741.45,0,56,1,0,5036,957,False,False,False,True,False,False,False
1,1,38,1,1,0,1,1,0,1,1,1,102.6,4009.2,0,79,1,0,5469,481,True,False,False,False,False,True,False
1,1,17,1,1,1,0,1,0,0,0,1,85.35,1463.45,1,80,1,0,3209,28201,True,False,False,False,False,False,False
0,0,48,1,1,0,1,1,0,1,1,1,106.1,5082.8,1,55,0,0,5898,28201,True,False,True,False,True,False,False
0,0,1,1,0,0,0,0,0,0,0,0,43.8,43.8,0,39,0,0,4633,322,False,False,False,False,False,True,False
0,1,63,0,0,1,1,1,0,1,1,0,59.0,3707.6,0,36,1,0,5639,348,False,False,False,True,False,True,False
0,0,3,1,0,0,0,1,0,1,1,1,69.95,220.45,0,58,0,0,2754,227,False,False,True,False,False,True,False
0,0,48,1,1,0,0,0,0,0,0,0,24.35,1133.7,0,25,0,0,4200,408,False,True,True,False,False,False,False
0,0,66,0,0,0,0,0,1,0,0,0,29.45,1983.15,0,45,0,0,5112,19440,False,False,True,False,True,False,False
0,1,68,1,1,0,1,1,0,0,0,1,84.4,5746.75,0,44,1,1,5045,72,True,False,False,True,True,False,False
1,0,17,1,0,0,0,0,0,0,0,1,45.05,770.6,1,68,0,0,3797,28201,False,False,False,False,False,True,False
0,1,7,1,0,0,0,0,0,0,0,0,20.65,134.05,0,20,1,0,3575,2595,False,True,True,False,False,False,True
0,1,72,1,1,1,1,1,1,1,1,1,87.1,6230.1,0,48,1,0,5993,162,False,False,False,True,False,False,False
0,1,29,1,0,0,0,0,0,0,0,0,19.85,573.05,0,46,1,0,2712,4158,False,True,False,False,False,False,True
0,1,37,1,0,0,0,1,1,0,1,1,90.35,3419.3,0,56,1,0,3347,1943,True,False,False,False,False,True,False
0,0,34,1,1,1,1,1,0,1,1,1,109.8,3587.25,1,23,0,0,3410,28201,True,False,False,False,False,False,True
1,0,42,1,1,0,0,0,0,1,0,1,84.65,3541.35,1,79,0,0,4871,28201,True,False,False,False,False,True,False
0,1,59,1,1,1,1,0,1,0,0,0,65.5,3801.3,0,57,1,0,5631,4806,False,False,True,False,False,False,True
0,1,11,1,0,0,0,0,0,1,0,1,79.5,868.5,1,61,1,0,3469,28201,True,False,False,False,False,False,False
1,1,60,1,1,1,0,0,0,0,0,1,80.95,4859.1,0,71,1,1,6214,942,True,False,False,False,False,True,False
0,0,27,1,0,0,1,0,1,0,0,1,56.15,1439.35,0,29,0,0,3056,678,False,False,False,False,False,False,True
0,0,1,1,1,0,0,0,0,0,1,0,85.8,85.8,1,30,0,0,2850,28201,True,False,False,False,False,False,True
1,0,1,1,0,0,0,0,0,1,0,1,79.1,79.1,1,65,0,0,5001,28201,True,False,False,False,False,True,False
0,1,17,0,0,1,0,1,0,0,0,0,34.4,592.75,0,36,1,0,4207,54492,False,False,False,False,False,False,True
0,1,58,1,0,0,0,0,0,0,0,0,20.75,1185.95,0,31,1,0,4927,44586,False,True,False,True,False,False,True
0,1,1,1,0,0,0,0,0,0,0,0,18.8,18.8,0,29,1,0,5160,58198,False,True,True,False,False,False,True
0,1,3,1,0,0,0,0,0,0,0,0,44.3,134.5,1,19,1,0,4903,67852,False,False,False,False,False,False,True
0,0,53,1,1,1,1,1,0,0,0,0,90.8,4921.2,0,50,0,0,5249,43019,True,False,False,False,False,True,False
0,0,35,1,1,0,0,0,0,0,0,1,25.6,901.25,0,21,0,0,2980,62784,False,True,False,False,False,True,False
0,1,50,1,1,1,0,1,0,1,1,0,105.95,5341.8,1,37,1,0,5536,45025,True,False,False,False,True,False,False
0,1,68,1,1,0,1,0,1,0,1,0,70.8,4859.95,0,35,1,0,5540,30852,False,False,False,True,True,False,False
0,1,47,1,1,0,0,0,0,0,0,0,25.4,1139.2,0,20,1,0,3159,1957,False,True,False,False,False,True,False
1,1,65,1,1,0,1,1,0,1,1,1,108.8,7082.45,0,69,1,0,5225,101215,True,False,False,False,False,False,False
0,0,5,1,0,0,0,0,0,0,0,1,69.75,324.6,1,32,0,0,3965,30596,True,False,False,False,False,True,False
0,1,51,1,1,0,0,0,0,1,1,1,94.65,4812.75,1,44,1,0,4747,9732,True,False,False,False,False,True,False
0,0,46,1,1,0,0,0,0,1,1,0,96.05,4399.5,1,57,0,0,2712,3524,True,False,False,False,False,False,False
0,0,9,1,1,0,0,0,0,0,0,1,76.85,663.55,0,51,0,0,4834,15140,True,False,False,False,False,True,False
0,0,8,1,0,0,0,0,0,0,0,0,20.25,174.65,0,41,0,0,2653,46984,False,True,False,True,False,False,True
0,0,14,1,1,0,0,0,0,0,0,1,24.8,321.7,0,40,0,0,4527,20692,False,True,True,False,True,False,False
0,0,45,1,1,1,1,1,1,1,1,1,115.65,5125.5,0,26,0,0,3974,47143,True,False,False,False,False,True,False
0,0,8,1,1,0,0,0,0,0,0,1,74.6,548.9,0,21,0,0,2142,67520,True,False,False,False,True,False,False
1,0,1,1,0,0,0,1,0,0,0,1,50.15,50.15,1,68,0,0,3438,4258,False,False,False,False,False,False,True
0,1,66,1,0,1,1,1,0,1,1,1,103.15,7031.3,0,40,1,2,4663,3012,True,False,True,False,False,False,False
0,1,72,1,1,1,1,1,1,0,0,0,72.1,5016.65,0,39,1,0,4658,68701,False,False,False,True,True,False,False
0,1,41,1,1,1,1,1,1,1,1,1,113.6,4594.95,1,41,1,0,4963,47487,True,False,False,False,False,False,False
0,1,23,1,1,0,0,0,0,0,0,0,25.1,611.45,0,47,1,2,2267,44150,False,True,False,True,False,False,True
0,0,29,1,0,0,0,0,0,1,0,1,78.9,2384.15,1,37,0,0,3249,41175,True,False,False,False,False,True,False
0,0,4,1,1,1,0,0,0,0,0,1,80.15,319.85,0,27,0,0,2841,73686,True,False,False,False,False,True,False
0,1,6,1,1,0,0,0,0,0,0,0,25.4,153.3,0,58,1,3,2882,48727,False,True,False,True,False,False,True
1,1,67,1,1,1,1,1,1,0,1,1,105.4,7035.6,0,70,1,0,5703,30568,True,False,True,False,True,False,False
1,0,7,1,0,0,0,0,0,0,0,1,45.75,344.2,0,72,0,1,3779,41713,False,False,False,False,False,False,True
0,1,56,1,1,0,0,0,0,0,0,1,24.45,1431.65,0,64,1,0,5623,38415,False,True,True,False,False,False,True
0,1,72,1,1,0,0,0,0,0,0,0,25.0,1849.2,0,56,1,0,6126,46960,False,True,False,True,True,False,False
0,1,72,1,1,1,1,1,0,1,1,1,85.25,6083.1,0,64,1,0,6275,49431,False,False,False,True,False,True,False
0,1,23,1,0,0,0,0,0,0,0,0,19.6,426.65,0,60,1,3,4617,58218,False,True,False,True,True,False,False
0,0,35,1,1,0,0,0,0,0,0,0,50.15,1655.35,0,52,0,1,5879,27799,False,False,False,False,False,False,True
1,1,27,1,0,0,0,0,0,0,0,1,70.55,1943.9,0,71,1,0,2534,32901,True,False,False,False,False,True,False
0,1,26,1,1,0,1,0,1,0,0,1,60.05,1616.15,1,35,1,0,2039,56709,False,False,False,False,False,True,False
0,1,12,1,1,0,0,0,0,0,0,0,26.4,314.95,0,54,1,0,3277,32562,False,True,True,False,False,False,True
0,0,40,1,0,0,0,0,0,0,0,0,20.15,804.85,0,33,0,0,3915,29310,False,True,False,True,False,False,True
0,1,7,0,0,1,1,1,0,1,1,0,58.85,465.7,0,21,1,2,3332,9805,False,False,False,False,False,False,True
0,1,70,1,1,1,1,0,0,1,0,1,97.55,6669.05,0,62,1,3,4551,27866,True,False,False,False,True,False,False
0,1,60,1,0,0,0,0,0,0,0,0,19.65,1161.75,0,31,1,1,6315,64672,False,True,False,True,True,False,False
0,1,39,0,0,0,0,0,0,0,0,1,25.25,947.75,0,27,1,0,4259,44764,False,False,True,False,True,False,False
0,1,72,1,1,1,1,1,1,1,1,0,114.45,8375.05,0,53,1,0,6274,87383,True,False,False,True,True,False,False
0,0,1,0,0,0,0,0,0,1,0,1,34.7,34.7,1,31,0,0,4476,39334,False,False,False,False,False,True,False
0,1,54,1,1,0,1,0,1,1,0,1,70.7,3770.0,0,49,1,0,5276,49839,False,False,True,False,False,True,False
0,0,3,1,1,0,0,0,0,0,1,1,85.3,264.8,1,46,0,0,4934,47107,True,False,False,False,False,True,False
0,1,63,1,0,1,1,1,1,1,0,0,75.55,4707.85,0,58,1,0,4626,21739,False,False,False,True,True,False,False
0,1,71,1,1,0,1,0,1,0,0,1,84.8,6152.4,0,40,1,3,5952,33523,True,False,False,True,False,True,False
0,0,42,1,0,0,0,0,0,0,0,1,20.65,958.1,0,56,0,0,5956,8115,False,True,True,False,False,False,True
0,0,47,1,0,0,0,0,0,0,0,0,20.45,943.0,0,27,0,0,4342,44004,False,True,False,True,False,False,False
0,1,66,1,1,0,1,1,0,1,1,1,102.45,6615.15,1,41,1,0,4688,3642,True,False,True,False,True,False,False
0,1,21,1,1,1,0,1,0,1,1,1,104.4,2200.25,1,22,1,0,5570,38128,True,False,False,False,False,False,False
0,0,11,0,0,0,1,0,1,0,0,1,35.65,425.1,0,20,0,0,4986,24511,False,False,False,False,False,True,False
0,0,1,1,1,0,0,1,0,1,1,1,99.75,99.75,1,59,0,0,4214,29299,True,False,False,False,False,True,False
1,1,55,1,1,0,1,1,1,0,0,0,90.45,5044.8,0,68,1,0,5140,55668,True,False,False,False,False,True,False
0,0,69,1,1,0,1,1,1,1,0,1,97.65,6743.55,0,41,0,0,5709,24505,True,False,False,True,True,False,False
1,0,3,1,0,0,0,1,0,0,0,0,73.85,196.4,0,74,0,0,2868,47534,True,False,False,False,False,True,False
0,0,4,1,0,0,0,1,1,1,1,1,74.4,299.7,1,39,0,0,3633,55204,False,False,False,False,False,True,False
1,0,30,1,1,0,0,1,1,1,0,1,69.1,2093.9,0,69,0,0,3415,2527,False,False,False,True,True,False,False
0,0,5,1,1,0,0,1,1,0,0,1,82.75,417.75,0,21,0,0,5269,21728,True,False,False,False,False,True,False
0,1,71,1,1,0,0,0,0,0,0,1,24.4,1725.4,0,19,1,0,4412,20408,False,True,False,True,True,False,False
0,0,29,1,1,0,1,0,0,0,0,1,55.25,1620.2,0,28,0,0,5481,21,False,False,True,False,False,True,False
0,1,52,1,1,0,1,0,1,0,0,0,61.35,3169.55,0,39,1,0,4729,10470,False,False,False,False,False,False,False
0,0,68,1,1,1,1,1,0,0,1,0,76.75,5233.25,0,40,0,0,5395,105285,False,False,True,False,True,False,False
0,1,46,1,0,0,0,0,0,0,0,0,19.4,967.85,0,61,1,1,2320,21397,False,True,False,True,False,False,True
0,0,8,1,0,0,0,0,0,0,1,1,54.75,438.05,0,63,0,0,5317,8321,False,False,False,False,True,False,False
0,1,72,1,0,0,0,0,0,0,0,0,19.7,1421.9,0,23,1,0,6436,11355,False,True,False,True,True,False,False
0,0,17,1,0,0,0,0,0,0,0,0,19.9,323.15,0,38,0,0,2093,47305,False,True,True,False,False,False,False
0,0,3,1,0,0,1,1,1,1,1,1,107.95,318.6,0,42,0,0,5653,51387,True,False,False,False,False,True,False
1,0,2,1,0,0,1,0,0,1,0,1,83.8,163.7,0,76,0,0,2885,29825,True,False,False,False,False,False,False
0,0,9,1,0,1,0,0,0,0,0,1,74.25,639.65,1,23,0,0,5393,31963,True,False,False,False,True,False,False
0,0,51,0,0,0,1,1,0,1,1,1,56.4,2928.5,0,52,0,0,4380,15195,False,False,True,False,True,False,False
0,1,6,1,0,0,0,0,0,0,0,0,20.1,100.35,0,52,1,1,5874,24908,False,True,False,True,False,False,True
0,1,3,1,1,0,0,0,0,1,1,0,94.9,273.2,0,51,1,0,2330,40152,True,False,False,False,False,True,False
1,0,17,1,1,0,0,0,0,1,1,1,94.2,1608.15,0,79,0,0,4425,42459,True,False,False,False,False,True,False
0,1,30,1,1,0,0,0,0,0,0,0,49.9,1441.95,0,62,1,0,3712,16041,False,False,False,False,False,True,False
0,0,31,1,1,0,1,0,1,1,0,1,71.05,2168.15,0,39,0,0,4443,47758,False,False,False,False,False,True,False
0,0,45,1,0,1,0,1,1,1,1,0,81.65,3618.7,0,57,0,0,5937,9960,False,False,False,True,False,False,False
0,1,64,1,1,1,1,1,0,0,0,0,89.45,5692.65,0,30,1,0,5519,26442,True,False,True,False,False,False,False
0,0,1,1,1,0,0,0,0,1,0,1,59.85,59.85,1,50,0,0,4017,93315,False,False,False,False,False,True,False
1,0,1,1,0,0,0,0,0,0,0,1,69.6,69.6,1,72,0,0,3438,18693,True,False,False,False,False,True,False
1,1,61,1,1,0,1,0,0,1,1,0,99.0,5969.3,0,80,1,2,5177,78114,True,False,True,False,False,True,False
0,0,1,1,0,0,0,0,0,0,0,0,19.05,19.05,0,46,0,0,5279,33300,False,True,False,False,False,False,True
0,0,9,0,0,0,0,0,0,1,1,1,45.4,418.8,1,54,0,0,5028,69850,False,False,False,False,False,True,False
0,1,72,1,1,1,1,1,1,1,1,0,114.45,8100.55,0,51,1,1,4700,11,True,False,False,True,False,False,False
0,0,1,1,0,0,0,0,0,0,0,0,19.5,19.5,1,54,0,0,5211,19630,False,True,False,False,False,False,True
0,1,7,1,0,0,0,0,0,0,0,1,44.25,313.45,0,61,1,0,5014,33758,False,False,False,False,False,False,True
0,1,66,1,1,0,1,1,1,0,0,1,90.55,6130.95,0,43,1,0,4958,28094,True,False,True,False,False,False,False
0,0,1,1,0,0,0,0,0,0,0,1,69.9,69.9,1,56,0,0,3349,22548,True,False,False,False,False,True,False
0,1,40,1,0,0,0,0,0,0,0,1,20.4,745.3,0,61,1,1,5918,24979,False,True,False,False,False,False,False
0,0,16,1,1,0,1,1,0,0,1,1,71.4,1212.1,0,24,0,0,3360,41263,False,False,False,False,False,False,False
0,0,2,1,0,0,1,0,0,1,0,1,87.15,183.75,1,50,0,0,4149,34191,True,False,False,False,False,False,False
0,1,67,1,1,0,0,0,0,0,0,0,24.85,1583.5,0,19,1,0,4833,37322,False,True,False,True,True,False,False
0,1,41,1,0,1,1,1,0,1,1,1,104.45,4162.05,0,45,1,0,2719,96267,True,False,True,False,False,False,False
0,1,56,1,0,0,0,0,0,0,0,1,19.8,1119.9,0,58,1,1,4681,5451,False,True,False,True,True,False,False
0,0,72,1,1,1,1,1,1,1,1,1,116.45,8013.55,0,25,0,0,5567,31021,True,False,False,True,False,False,False
0,1,3,1,1,0,0,0,0,0,1,1,84.75,264.85,1,47,1,0,2014,18058,True,False,False,False,False,False,False
0,1,54,1,0,0,0,0,0,0,0,0,20.05,1102.4,0,58,1,0,4212,11264,False,True,False,True,True,False,False
1,0,52,1,1,0,1,1,1,1,1,1,110.75,5832.0,0,75,0,0,4993,37527,True,False,False,False,False,True,False
0,0,50,1,0,0,0,1,1,0,1,1,89.7,4304.5,0,63,0,0,5306,30779,True,False,False,True,False,False,False
0,0,14,1,1,0,0,0,1,1,0,1,89.95,1178.4,1,40,0,0,5463,27778,True,False,False,False,False,True,False
0,1,27,1,0,1,0,0,0,0,0,0,48.7,1421.75,0,33,1,0,3560,28680,False,False,True,False,True,False,False
1,1,72,1,1,1,1,1,1,0,0,1,96.6,6827.5,0,70,1,0,5153,13779,True,False,False,True,False,False,False
0,0,62,1,0,1,1,0,0,1,1,1,74.3,4698.05,0,56,0,0,5974,5221,False,False,True,False,True,False,False
0,0,12,1,0,0,1,0,1,0,0,1,54.3,654.5,0,59,0,0,3854,11509,False,False,False,False,False,True,False
1,0,44,1,0,0,0,1,1,1,1,0,74.85,3268.05,0,76,0,0,3253,23559,False,False,True,False,False,False,False
0,1,54,1,0,0,1,0,1,0,0,1,79.95,4362.05,0,31,1,8,4387,19975,True,False,False,True,False,False,False
0,0,68,1,0,0,0,0,0,0,0,0,20.05,1386.9,0,49,0,0,5740,26099,False,True,False,True,False,False,False
0,0,20,1,0,0,0,0,0,0,0,0,19.4,415.4,0,20,0,0,4958,40705,False,True,False,False,False,False,True
0,1,50,1,1,0,0,1,0,0,0,0,54.9,2614.1,0,46,1,0,4322,17058,False,False,True,False,False,False,False
0,0,58,1,1,0,0,0,0,0,0,1,24.45,1513.6,0,42,0,0,6490,41979,False,True,False,True,True,False,False
0,1,35,1,1,0,1,0,0,1,0,1,89.65,3161.6,0,41,1,3,2622,31678,True,False,False,False,False,False,False
0,0,2,1,0,0,0,0,0,0,0,1,45.4,80.95,0,31,0,0,4964,34873,False,False,False,False,False,True,False
0,1,63,1,1,1,0,1,1,0,1,0,75.7,4676.7,0,35,1,0,5113,32050,False,False,False,True,False,False,True
0,1,58,1,1,1,1,1,0,1,1,1,110.65,6526.65,0,35,1,0,4761,26265,True,False,True,False,True,False,False
0,1,27,1,0,0,0,0,0,0,0,1,20.55,583.3,0,37,1,0,2269,19109,False,True,True,False,False,False,True
0,1,71,1,1,1,1,1,1,1,1,1,115.15,8078.1,0,57,1,0,4144,37887,True,False,False,True,True,False,False
0,0,63,1,0,0,0,1,0,0,1,0,58.55,3503.5,0,35,0,0,6312,38181,False,False,True,False,True,False,False
0,1,71,1,1,0,1,1,0,0,1,1,93.25,6669.45,0,40,1,0,6035,32148,True,False,False,False,False,False,False
1,0,41,1,1,1,1,1,0,1,1,1,113.2,4689.5,1,66,0,0,3380,44442,True,False,False,False,False,True,False
1,0,13,1,0,0,0,0,0,1,1,1,90.5,1201.15,1,68,0,0,5394,33528,True,False,False,False,False,True,False
0,0,2,1,0,0,0,0,0,1,0,0,79.0,143.65,1,33,0,0,5239,15505,True,False,False,False,False,True,False
0,1,68,1,0,0,0,0,0,0,0,1,19.35,1292.65,0,51,1,1,6303,47344,False,True,False,True,False,False,False
0,1,1,1,0,1,0,0,0,0,0,1,48.75,48.75,0,32,1,2,5068,67354,False,False,False,False,False,False,True
1,0,65,1,1,1,0,1,1,1,1,1,109.05,7108.2,0,67,0,0,5692,47568,True,False,False,True,False,True,False
1,1,72,1,1,0,0,0,0,0,0,1,25.0,1802.55,0,77,1,0,4055,62425,False,True,False,True,False,False,False
0,0,28,1,1,0,0,0,1,0,0,1,54.9,1505.15,0,37,0,0,2885,103214,False,False,False,False,True,False,False
0,1,72,1,1,0,0,0,0,0,0,0,24.75,1859.1,0,54,1,2,4185,63288,False,True,False,True,True,False,False
0,0,2,1,0,1,1,0,0,1,0,1,91.15,168.5,0,36,0,0,2686,16271,True,False,False,False,False,True,False
0,0,18,1,0,0,0,0,0,0,0,0,20.15,390.85,1,39,0,0,4931,29694,False,True,True,False,False,False,False
1,1,60,1,1,0,1,1,0,1,1,1,104.35,6339.45,0,80,1,0,4040,16398,True,False,True,False,False,True,False
1,0,26,1,1,0,0,0,1,0,1,1,66.05,1652.4,0,79,0,0,3225,51556,False,False,False,False,False,True,False
0,0,1,1,0,0,0,0,0,0,0,1,71.65,71.65,1,60,0,0,2377,3699,True,False,False,False,False,True,False
0,0,4,1,0,0,0,0,0,0,0,0,20.35,77.5,1,35,0,0,5984,72893,False,True,False,False,False,False,True
0,1,68,1,1,1,1,1,1,1,1,1,92.2,6392.85,0,39,1,0,4451,24660,False,False,False,True,True,False,False
0,0,38,1,0,0,1,1,1,0,0,1,84.25,3264.5,1,26,0,0,2885,30173,True,False,False,False,True,False,False
1,1,42,1,1,1,0,1,0,1,1,1,105.2,4599.15,0,79,1,0,5573,27563,True,False,True,False,False,False,False
0,1,57,1,0,0,0,0,0,0,0,1,19.6,1134.25,0,54,1,0,6064,20890,False,True,False,True,False,False,False
0,1,54,0,0,0,1,0,0,0,0,0,30.4,1621.35,0,45,1,0,4778,14852,False,False,False,False,False,True,False
0,0,12,1,0,0,0,0,0,0,1,0,78.1,947.3,1,32,0,0,4741,21065,True,False,False,False,False,False,False
0,1,44,1,0,1,1,1,0,0,0,1,61.5,2722.2,0,60,1,0,2059,21343,False,False,True,False,False,False,True
0,1,42,1,1,1,1,0,0,1,0,1,69.4,3058.3,0,64,1,1,4701,55306,False,False,False,False,False,False,False
0,1,72,1,1,0,0,0,0,0,0,0,24.75,1769.6,0,27,1,1,6232,58639,False,True,False,True,False,False,False
0,1,71,1,1,1,1,1,1,1,1,0,91.05,6293.75,0,26,1,0,4644,21279,False,False,False,True,False,False,True
0,1,19,1,1,0,0,1,0,0,1,0,89.65,1761.05,1,20,1,0,3046,24180,True,False,False,False,False,False,True
0,1,23,1,1,0,0,0,1,1,1,1,73.65,1642.75,0,20,1,0,2590,1107,False,False,False,False,True,False,False
0,0,30,1,0,0,0,0,0,0,0,0,19.4,578.5,0,35,0,0,3986,174,False,True,False,True,True,False,False
0,0,35,1,1,0,0,0,0,0,0,0,26.2,954.9,0,40,0,0,4419,53323,False,True,True,False,False,False,False
0,0,10,1,1,1,0,0,0,1,1,1,98.7,973.25,1,35,0,0,5561,55486,True,False,False,False,False,True,False
0,0,1,1,0,0,0,0,0,0,0,1,43.85,43.85,0,54,0,0,5913,25566,False,False,False,False,False,False,False
0,0,22,1,0,0,0,0,0,0,0,1,69.7,1490.4,0,22,0,0,4838,38427,True,False,False,False,False,False,True
0,1,7,0,0,1,1,1,0,0,0,0,38.55,280.0,0,26,1,0,3345,31352,False,False,False,True,False,False,True
0,0,36,0,0,1,1,1,1,0,1,1,53.1,1901.25,0,46,0,0,2751,43467,False,False,False,True,False,False,True
0,1,34,1,0,0,0,0,0,0,0,0,20.65,716.4,0,39,1,1,5099,91664,False,True,False,False,False,False,True
0,1,72,1,1,1,1,1,0,0,0,0,64.45,4720.0,0,25,1,0,6330,49647,False,False,False,True,True,False,False
0,1,36,1,1,0,0,0,0,0,0,0,25.1,930.95,0,48,1,1,3040,31556,False,True,False,True,True,False,False
0,0,1,1,0,0,0,1,0,0,0,0,76.35,76.35,1,63,0,0,5613,37417,True,False,False,False,False,True,False
0,0,23,1,1,0,1,0,0,0,0,1,79.15,1676.95,1,51,0,0,5216,35656,True,False,False,False,False,True,False
1,1,32,1,1,0,0,0,0,0,1,1,85.0,2642.05,1,69,1,0,4584,63136,True,False,False,False,False,True,False
0,1,71,1,1,1,1,1,1,0,0,1,95.15,6770.85,0,35,1,1,5647,19034,True,False,True,False,True,False,False
1,0,23,1,1,0,0,1,0,0,0,1,79.35,1835.3,0,66,0,0,3558,38902,True,False,False,False,False,False,True
0,1,17,1,0,0,0,1,0,1,1,1,96.65,1588.25,0,33,1,0,5228,425,True,False,True,False,False,False,False
0,0,1,1,0,0,0,1,1,1,1,1,75.5,75.5,0,26,0,0,2954,36243,False,False,False,False,False,True,False
0,1,12,1,0,0,0,0,0,0,0,0,19.7,258.35,0,44,1,3,5104,30028,False,True,False,True,False,False,True
0,1,72,1,0,0,0,0,0,0,0,0,20.5,1502.25,0,51,1,0,6302,30933,False,True,False,True,True,False,False
0,0,1,1,0,0,0,0,0,0,0,0,19.2,19.2,0,33,0,0,4629,27414,False,True,False,False,False,False,True
1,1,72,1,1,0,1,0,0,1,1,0,98.35,6929.4,0,65,1,0,6120,20200,True,False,False,True,False,False,False
0,1,60,1,1,0,0,0,0,0,0,0,74.35,4453.3,0,50,1,4,5100,41067,True,False,False,False,False,False,False
0,1,61,0,0,0,1,1,1,1,0,0,51.35,3244.4,0,38,1,0,4159,7527,False,False,False,True,True,False,False
0,1,6,1,0,0,0,0,0,0,0,0,45.65,323.45,0,27,1,0,4227,10558,False,False,False,False,False,False,True
1,1,32,1,1,0,0,0,0,0,1,0,85.3,2661.1,1,76,1,0,2712,23984,True,False,False,False,False,True,False
0,0,31,1,1,0,0,0,0,1,0,1,86.55,2697.4,1,44,0,0,4198,18752,True,False,False,False,True,False,False
0,0,19,1,0,0,1,0,0,0,0,1,73.85,1424.5,1,47,0,0,2251,26753,True,False,False,False,True,False,False
0,1,72,1,0,0,0,0,0,0,0,0,20.3,1401.15,0,29,1,1,5265,16812,False,True,False,True,False,False,False
0,0,32,1,1,0,1,0,0,0,0,1,54.2,1739.6,0,42,0,0,4454,27891,False,False,False,False,False,True,False
0,1,65,1,1,0,1,0,0,0,1,1,90.65,5931.0,0,52,1,0,6358,38460,True,False,False,False,False,True,False
0,1,45,0,0,1,0,0,0,1,1,1,50.9,2333.85,0,54,1,2,3937,10253,False,False,False,False,False,False,False
0,0,42,1,1,0,0,0,0,0,0,0,25.05,949.85,0,20,0,0,3756,23742,False,True,True,False,False,True,False
0,0,8,1,1,0,0,0,0,0,0,1,74.85,572.45,0,64,0,0,5514,32369,True,False,False,False,False,True,False
0,0,32,1,0,0,0,0,0,0,0,0,20.5,696.8,0,38,0,2,3114,13158,False,True,False,True,False,False,True
1,1,22,1,1,1,1,0,1,0,0,1,63.55,1381.8,0,73,1,0,2136,23981,False,False,False,False,False,False,True
1,1,57,0,0,0,0,0,0,1,1,1,44.85,2572.95,1,70,1,0,5172,21990,False,False,False,False,False,True,False
0,0,1,1,0,1,0,0,0,0,0,0,47.95,47.95,0,33,0,0,5092,14493,False,False,False,False,False,True,False
1,0,1,1,0,0,0,0,0,0,0,0,45.1,45.1,1,71,0,0,4499,17015,False,False,False,False,False,True,False
0,1,1,1,0,0,0,0,0,0,0,1,45.0,45.0,0,25,1,0,5669,41390,False,False,False,False,False,True,False
0,0,24,1,0,0,0,0,1,1,1,1,96.0,2122.45,1,44,0,0,3068,31297,True,False,False,False,False,True,False
0,0,1,1,0,0,0,0,0,0,0,0,20.05,20.05,1,57,0,0,4710,9864,False,True,False,False,False,False,False
1,0,54,1,1,0,1,0,0,0,1,1,90.05,4931.8,0,69,0,0,5232,16910,True,False,False,False,False,True,False
0,0,4,1,1,0,0,0,0,0,0,1,25.3,116.95,0,24,0,0,3808,29110,False,True,False,True,True,False,False
0,1,65,1,1,1,0,1,1,1,1,0,108.65,6937.95,1,53,1,0,6120,25303,True,False,False,True,False,False,False
0,1,56,1,1,0,0,0,0,0,0,0,24.3,1261.7,0,23,1,0,5052,23661,False,True,True,False,False,True,False
0,0,45,1,0,1,0,1,0,1,1,1,75.95,3273.8,0,61,0,0,2185,23519,False,False,False,False,False,True,False
0,1,71,1,0,0,0,0,0,0,0,0,19.7,1415.85,0,22,1,2,5921,49242,False,True,False,True,True,False,False
0,1,59,1,0,1,1,1,0,1,0,0,66.4,3958.2,0,49,1,0,6432,43857,False,False,True,False,True,False,False
0,0,69,0,0,0,1,1,0,0,0,1,35.75,2492.25,0,37,0,0,4043,23637,False,False,True,False,False,False,False
0,0,19,1,0,0,0,0,0,0,0,0,18.8,279.2,0,62,0,0,2916,35325,False,True,True,False,False,False,True
0,1,55,1,0,0,0,0,0,0,0,0,19.4,1083.0,0,24,1,2,5366,27614,False,True,False,True,True,False,False
0,0,38,1,0,0,0,0,0,0,0,0,19.3,755.5,0,48,0,0,4705,37779,False,True,True,False,False,False,True
0,0,10,1,0,0,0,0,0,0,0,1,45.55,402.6,1,28,0,0,4097,30742,False,False,False,False,False,True,False
1,1,47,1,1,1,1,1,0,0,0,1,67.45,3252.0,0,78,1,0,4074,25751,False,False,False,False,True,False,False
0,1,2,0,0,0,0,0,0,0,1,1,35.1,68.75,1,36,1,0,2643,32307,False,False,False,False,False,True,False
0,0,1,1,0,0,0,0,0,0,0,0,46.2,46.2,1,47,0,0,4167,28067,False,False,False,False,True,False,False
0,0,1,1,0,0,0,0,0,0,0,0,45.15,45.15,1,29,0,0,5828,97318,False,False,False,False,False,True,False
1,0,1,0,0,0,1,1,0,0,1,1,43.3,43.3,1,75,0,0,4972,68018,False,False,False,False,False,True,False
0,1,46,1,0,0,0,0,0,0,0,1,20.1,936.85,0,35,1,2,3392,33389,False,True,False,True,False,False,True
1,0,38,1,0,1,1,0,0,0,0,1,57.15,2250.65,1,67,0,0,3110,81986,False,False,False,False,True,False,False
0,1,65,1,0,1,0,1,1,0,0,0,58.9,3857.1,0,22,1,0,5657,57017,False,False,False,True,True,False,False
0,1,19,1,0,1,0,0,0,0,0,1,73.2,1441.1,1,31,1,0,4718,48867,True,False,False,False,False,True,False
0,0,52,1,0,0,1,0,0,0,1,1,85.35,4338.6,1,46,0,0,6402,17112,True,False,False,False,False,True,False
0,1,71,1,0,0,0,0,0,0,0,0,19.45,1378.45,0,21,1,3,5497,40077,False,True,False,True,False,False,True
0,0,1,1,0,0,0,0,0,0,0,0,45.95,45.95,1,23,0,0,4888,59259,False,False,False,False,False,False,True
1,0,52,0,0,0,1,1,1,1,0,1,50.5,2566.3,0,78,0,0,5185,46639,False,False,False,False,False,True,False
0,1,6,1,1,0,0,0,0,0,0,0,25.1,171.0,0,37,1,0,5161,17846,False,True,True,False,False,False,True
1,1,26,1,0,0,0,1,0,0,1,0,60.7,1597.4,0,76,1,0,2502,24977,False,False,True,False,False,False,True
1,0,48,1,1,0,1,0,0,1,1,1,99.0,4744.35,0,71,0,0,3061,27424,True,False,True,False,False,True,False
0,1,64,1,1,1,0,0,1,1,1,1,104.4,6721.6,0,42,1,2,5133,42526,True,False,True,False,False,False,False
0,0,3,1,0,0,1,0,0,1,0,0,83.75,247.25,1,55,0,0,4852,18735,True,False,False,False,False,True,False
0,0,1,1,0,0,0,0,0,0,0,1,44.05,44.05,0,49,0,0,5925,33057,False,False,False,False,False,False,False
0,1,72,1,1,0,0,0,0,0,0,0,24.1,1734.65,0,48,1,1,4264,25988,False,True,False,True,True,False,False
0,0,1,1,0,0,0,0,0,0,0,1,45.55,45.55,0,50,0,0,3173,36123,False,False,False,False,False,False,True
0,1,51,1,1,1,1,0,0,0,1,1,93.8,4539.35,0,41,1,3,5457,14814,True,False,False,False,False,True,False
0,1,41,1,0,0,0,0,0,0,0,0,19.7,804.25,0,45,1,1,2902,9937,False,True,False,True,False,False,False
0,1,72,1,0,1,1,1,0,1,0,1,70.65,5011.15,0,59,1,0,5176,22177,False,False,False,True,True,False,False
0,1,43,1,1,1,1,0,1,1,1,0,86.45,3574.5,0,64,1,0,3110,40376,False,False,False,True,True,False,False
0,1,72,1,1,1,1,1,1,1,1,1,114.1,8086.4,0,64,1,0,4965,42239,True,False,False,True,True,False,False
0,1,47,1,1,0,0,0,0,1,1,1,95.2,4563.0,0,21,1,0,4977,22085,True,False,True,False,True,False,False
0,0,72,1,1,1,1,1,1,1,1,0,88.55,6362.35,0,61,0,0,6468,51348,False,False,False,True,True,False,False
0,0,3,1,0,0,0,0,0,0,0,1,20.75,67.1,0,23,0,0,2406,50047,False,True,False,False,True,False,False
0,0,1,1,0,0,0,0,0,0,0,1,70.05,70.05,1,38,0,0,2699,23646,True,False,False,False,False,True,False
0,0,2,1,1,0,0,0,0,0,1,1,86.0,165.45,1,61,0,0,4546,29387,True,False,False,False,False,True,False
0,0,26,0,0,1,1,0,0,0,1,1,44.65,1156.55,0,39,0,0,4512,13129,False,False,False,False,False,False,False
0,1,29,1,0,1,0,0,0,0,1,1,60.2,1834.15,0,28,1,3,5517,18112,False,False,False,False,False,False,True
1,1,35,1,1,1,1,0,1,1,0,1,100.5,3653.35,1,65,1,0,4745,11517,True,False,False,False,False,False,False
0,0,27,1,0,1,1,0,0,0,0,0,55.45,1477.65,0,50,0,0,3616,25882,False,False,True,False,False,False,False
0,1,24,1,0,1,1,0,1,0,1,1,70.3,1706.45,0,30,1,2,3359,29245,False,False,False,False,True,False,False
0,1,67,1,0,1,0,1,1,0,0,1,60.4,3953.7,0,60,1,0,5356,18539,False,False,False,True,False,False,False
0,0,16,1,1,0,0,0,0,0,0,0,72.65,1194.3,1,35,0,0,2850,36625,True,False,False,False,False,True,False
0,0,23,1,0,0,1,1,0,0,0,0,55.8,1327.85,0,55,0,0,2499,16996,False,False,True,False,False,False,False
0,0,14,0,0,0,1,0,0,0,0,1,31.1,419.7,0,63,0,0,3448,26157,False,False,False,False,False,False,True
0,1,1,1,0,0,0,0,0,0,0,1,21.0,21.0,1,30,1,0,3753,57146,False,True,False,False,False,True,False
1,0,1,1,0,0,0,0,0,0,0,0,45.1,45.1,1,80,0,0,2740,45358,False,False,False,False,False,False,True
1,0,4,0,0,0,1,0,0,1,1,1,50.95,207.35,0,72,0,0,2104,27453,False,False,False,False,True,False,False
0,0,16,1,1,1,1,0,0,0,1,1,69.1,1083.7,0,46,0,2,5172,39064,False,False,False,False,False,True,False
0,1,46,0,0,0,0,0,0,1,1,1,43.95,2007.85,0,47,1,0,4818,57775,False,False,False,False,False,True,False
0,0,68,1,1,1,1,0,1,1,1,1,86.5,5882.75,0,62,0,0,4280,76890,False,False,False,True,False,False,False
0,0,38,1,1,1,1,1,1,0,0,0,69.95,2657.55,0,51,0,0,5858,66754,False,False,False,False,False,True,False
1,1,30,1,0,0,1,0,0,0,0,1,50.4,1527.5,1,71,1,0,4795,75319,False,False,False,False,False,False,False
1,0,5,1,0,0,0,0,0,0,1,0,78.95,378.4,1,70,0,0,4054,34716,True,False,False,False,False,True,False
0,0,17,1,0,0,1,1,0,0,1,1,90.95,1612.2,0,49,0,0,5687,33817,True,False,False,False,True,False,False
0,1,4,1,0,0,0,0,0,0,0,0,19.9,76.65,0,25,1,1,2347,17554,False,True,False,True,False,False,True
0,0,12,1,0,0,0,0,0,0,0,0,20.15,260.7,0,35,0,0,4628,25068,False,True,True,False,False,True,False
0,1,72,1,1,1,1,1,1,1,1,1,90.6,6441.85,0,57,1,0,4528,51970,False,False,False,True,True,False,False
0,0,3,1,0,0,0,0,0,1,1,1,92.0,266.8,0,58,0,0,4345,30211,True,False,False,False,False,True,False
0,0,56,1,1,0,1,0,1,0,1,1,94.45,5124.6,1,21,0,0,4830,62660,True,False,False,False,False,True,False
0,0,41,1,1,0,0,0,0,0,0,1,24.85,962.25,0,38,0,0,3089,45645,False,True,True,False,False,False,True
0,0,40,0,0,0,1,0,1,0,0,0,36.0,1382.9,0,55,0,0,5323,23079,False,False,True,False,True,False,False
0,0,7,1,0,1,1,0,1,1,1,1,78.5,571.05,0,44,0,0,3601,12937,False,False,False,False,False,True,False
0,0,69,1,0,0,0,0,0,0,0,0,19.95,1399.35,0,24,0,0,4328,25135,False,True,False,True,True,False,False
0,1,7,1,0,0,0,0,0,0,0,0,20.65,150.0,0,64,1,0,2874,24973,False,True,True,False,False,False,True
0,1,5,0,0,0,1,0,0,0,0,1,30.5,167.2,0,22,1,1,5973,84965,False,False,False,False,False,True,False
0,1,72,1,1,1,1,1,1,1,0,0,106.1,7657.4,0,57,1,1,5146,53686,True,False,False,True,True,False,False
0,1,44,1,0,0,0,0,0,0,0,1,20.5,865.05,0,64,1,0,3093,30802,False,True,True,False,False,False,False
0,0,65,1,1,0,1,1,0,1,0,1,95.5,6153.85,0,59,0,0,6153,46342,True,False,True,False,False,True,False
0,0,3,1,1,0,0,0,1,1,0,0,64.6,174.2,0,20,0,0,5277,35530,False,False,False,False,False,True,False
0,0,24,1,0,0,0,0,1,0,0,1,51.1,1269.6,0,45,0,0,2515,18980,False,False,False,False,True,False,False
0,0,44,1,1,0,1,1,0,0,0,1,84.8,3862.55,1,54,0,0,3997,33280,True,False,False,False,False,False,False
1,1,72,1,1,1,1,1,1,1,1,0,89.1,6352.4,0,70,1,0,4627,26933,False,False,False,True,True,False,False
0,0,24,1,0,1,0,0,1,0,0,0,54.95,1348.5,0,28,0,0,3407,47,False,False,False,False,False,True,False
0,0,1,1,0,0,0,1,0,0,0,0,50.9,50.9,1,50,0,0,5111,56280,False,False,False,False,False,False,True
0,1,22,1,0,0,0,0,0,0,0,1,20.45,471.55,0,43,1,0,3727,54254,False,True,False,False,False,False,False
0,1,70,1,1,0,1,1,1,1,1,1,85.95,5931.75,0,33,1,0,6354,34447,False,False,False,True,True,False,False
0,1,25,1,1,0,0,0,0,1,0,0,60.35,1404.65,0,55,1,3,3192,49474,False,False,False,False,False,True,False
0,1,37,1,0,0,0,0,0,0,0,0,19.8,726.1,0,24,1,3,2745,46532,False,True,False,True,False,False,False
1,1,22,1,1,0,0,0,0,1,0,0,85.35,1961.6,0,71,1,1,2656,69974,True,False,False,False,False,False,False
0,1,59,1,1,0,0,1,1,1,0,1,72.1,4194.85,0,39,1,0,6225,46626,False,False,False,True,False,False,False
0,1,49,1,1,0,0,1,0,1,1,1,99.8,4872.45,1,27,1,0,6088,36057,True,False,False,False,False,True,False
0,1,47,1,1,0,0,1,1,1,1,1,107.35,5118.95,1,43,1,0,3620,61623,True,False,False,False,False,False,False
0,1,31,1,0,0,0,0,0,0,0,1,19.55,658.95,1,45,1,0,2687,33878,False,True,False,False,False,False,True
0,1,1,1,0,0,0,0,0,0,1,1,81.05,81.05,0,19,1,3,4396,23444,True,False,False,False,False,True,False
0,0,3,1,0,0,0,0,0,0,0,1,20.5,76.95,0,28,0,0,5296,38041,False,True,False,False,False,True,False
0,1,53,1,1,0,1,1,1,1,1,1,111.8,5809.75,0,29,1,0,5713,32718,True,False,True,False,False,False,False
0,0,1,1,0,0,0,0,0,0,0,0,20.2,20.2,0,27,0,0,3586,23331,False,True,False,False,False,False,True
0,0,20,1,0,0,0,0,0,0,0,1,19.7,415.9,0,59,0,0,2860,48827,False,True,True,False,False,False,True
0,0,3,1,0,1,1,0,0,0,0,1,79.1,246.5,1,60,0,0,5339,45118,True,False,False,False,False,True,False
0,0,51,1,0,0,0,0,0,0,0,1,19.85,996.95,0,61,0,0,5089,44099,False,True,True,False,False,False,False
0,1,51,1,0,1,1,0,1,0,0,1,60.5,3145.15,0,56,1,0,4207,30458,False,False,True,False,False,False,False
0,1,13,1,0,0,0,0,0,0,0,0,19.55,265.3,0,21,1,3,2816,31622,False,True,False,True,False,False,True
0,0,1,1,0,0,0,0,0,0,0,0,20.9,20.9,0,28,0,0,3901,54382,False,True,False,False,False,False,True
0,0,1,1,0,0,0,0,0,0,0,1,21.05,21.05,0,53,0,1,3389,30635,False,True,False,False,False,False,True
0,0,63,1,1,1,1,1,1,0,0,0,71.5,4576.3,0,46,0,0,5342,16486,False,False,True,False,False,True,False
0,0,3,1,0,0,0,0,0,0,1,0,54.65,189.1,0,64,0,0,2168,17389,False,False,False,False,False,False,True
0,0,46,1,0,0,0,0,0,0,0,0,19.2,908.15,0,49,0,0,2776,1509,False,True,False,True,True,False,False
0,0,1,1,1,0,0,0,0,0,0,1,49.8,49.8,0,31,0,0,4796,3133,False,False,False,False,True,False,False
0,0,8,0,0,0,0,0,0,0,0,0,25.5,215.2,1,40,0,0,5578,51213,False,False,False,False,False,False,True
0,1,71,1,0,0,0,0,0,0,0,0,20.5,1500.95,0,60,1,1,4941,71126,False,True,False,True,False,False,False
0,1,55,1,1,0,0,1,0,1,0,1,90.4,5099.15,0,38,1,3,4603,12884,True,False,False,False,True,False,False
0,0,70,1,1,0,1,1,1,0,0,1,90.25,6385.95,0,38,0,0,5327,2606,True,False,True,False,False,False,False
0,0,2,1,0,0,0,0,0,0,1,0,80.75,159.45,1,41,0,0,2176,51213,True,False,False,False,False,True,False
0,1,67,1,1,1,0,0,1,1,1,0,104.6,6885.75,0,32,1,3,4743,1587,True,False,False,True,False,False,False
0,1,65,1,1,0,1,0,0,1,0,1,91.85,5940.85,1,29,1,0,5530,51213,True,False,False,False,False,False,False
0,1,14,1,0,0,0,1,0,0,0,0,50.2,668.85,0,27,1,0,4253,796,False,False,False,False,True,False,False
0,1,20,1,1,0,0,1,1,0,1,1,95.5,1916.2,0,28,1,2,3186,26662,True,False,False,False,False,False,False
0,0,1,1,0,0,1,0,0,0,0,1,75.35,75.35,1,41,0,0,5284,51213,True,False,False,False,False,True,False
0,0,1,1,1,0,0,0,0,0,0,1,75.45,75.45,1,55,0,0,5518,51213,True,False,False,False,False,True,False
0,1,49,1,1,0,0,0,0,1,1,1,95.4,4613.95,0,56,1,6,6136,44652,True,False,False,False,False,False,False
0,0,72,1,1,1,1,1,0,1,0,1,101.3,7261.25,0,32,0,0,5513,24005,True,False,False,True,False,False,False
0,1,46,1,1,1,0,0,0,0,0,0,53.1,2459.8,0,25,1,0,3358,24961,False,False,False,False,False,True,False
0,0,24,1,1,0,1,1,0,0,0,1,84.85,2048.8,0,57,0,0,2941,81,True,False,False,False,False,False,False
0,1,5,0,0,0,1,0,1,0,0,0,34.25,163.55,0,52,1,2,5100,62355,False,False,False,False,False,True,False
0,1,33,1,1,0,1,1,1,0,0,0,88.6,2888.7,0,21,1,1,3648,1604,True,False,False,False,True,False,False
0,0,42,1,1,1,1,0,0,0,0,1,60.15,2421.6,0,23,0,0,5988,905,False,False,True,False,False,False,False
0,0,23,1,0,1,0,1,0,1,1,1,99.95,2292.75,0,21,0,0,3515,56100,True,False,True,False,True,False,False
0,0,8,1,0,0,0,0,0,0,0,0,70.7,553.4,0,26,0,0,4946,7863,True,False,False,False,False,False,False
0,0,66,1,0,1,1,0,0,0,0,1,54.8,3465.7,0,32,0,0,4621,91,False,False,True,False,False,False,True
0,0,24,1,0,1,0,0,0,0,0,1,49.55,1210.4,1,35,0,0,5005,51213,False,False,False,False,False,False,False
1,0,24,1,1,0,1,0,0,0,0,0,54.8,1291.3,0,74,0,0,4330,2863,False,False,False,False,True,False,False
0,0,69,1,1,1,1,1,1,0,1,1,78.6,5356.45,1,51,0,0,6230,51213,False,False,True,False,True,False,False
0,0,53,1,0,0,1,1,0,1,1,1,100.3,5200.8,0,22,0,0,5377,35582,True,False,True,False,False,False,True
0,0,60,0,0,1,0,1,0,1,1,0,53.6,3237.05,0,61,0,0,4173,43161,False,False,False,True,False,True,False
0,1,7,1,0,0,0,0,0,1,0,1,81.1,576.65,1,35,1,0,3238,51213,True,False,False,False,False,True,False
0,0,20,1,0,0,0,0,0,0,0,1,19.35,433.75,0,32,0,0,5811,40995,False,True,True,False,True,False,False
0,1,23,1,1,0,0,0,0,0,1,0,85.6,1868.4,0,25,1,1,3513,55277,True,False,False,False,False,True,False
0,1,72,1,0,1,0,1,1,1,1,1,80.8,5728.55,0,23,1,0,4689,61872,False,False,False,True,False,True,False
0,1,11,1,1,0,0,0,0,0,0,1,74.95,825.7,1,39,1,0,2044,51213,True,False,False,False,False,True,False
0,0,21,1,0,0,0,0,0,0,0,0,19.6,390.4,0,43,0,0,4562,49281,False,True,False,True,False,False,True
1,0,1,1,1,0,0,0,0,1,1,1,93.55,93.55,1,73,0,0,5536,51213,True,False,False,False,False,True,False
1,0,31,1,1,0,1,0,0,1,0,1,90.7,2845.15,0,75,0,0,3493,48690,True,False,False,False,False,True,False
0,0,57,1,0,0,1,1,1,1,0,0,69.75,3894.4,0,21,0,0,4487,42239,False,False,False,True,False,False,True
0,1,45,1,0,0,0,0,0,0,0,1,20.0,886.4,0,42,1,2,5169,17944,False,True,False,True,False,False,False
0,0,10,1,1,0,1,1,0,0,1,1,95.25,1021.55,0,35,0,0,4810,3577,True,False,False,False,False,True,False
0,1,58,1,1,0,0,1,1,1,1,1,102.1,5885.4,1,33,1,0,4415,51213,True,False,False,False,True,False,False
0,0,14,1,0,0,0,0,0,0,0,0,19.95,268.4,0,49,0,5,5770,42277,False,True,False,False,False,False,True
0,1,27,1,1,1,0,0,1,1,1,0,80.85,2204.35,0,42,1,0,4732,98239,False,False,True,False,False,False,True
0,1,14,1,1,0,1,0,0,0,1,1,90.9,1259.0,1,64,1,0,5148,51213,True,False,False,False,False,False,False
0,1,12,0,0,0,1,0,0,0,0,0,29.2,309.1,1,46,1,0,3747,51213,False,False,False,False,False,False,True
0,1,69,1,1,0,1,0,1,0,1,1,93.3,6398.05,0,59,1,1,5205,1831,True,False,False,True,False,False,False
0,1,25,1,0,0,1,1,0,1,0,1,89.15,2257.75,1,36,1,0,5853,51213,True,False,False,False,False,False,False
1,1,58,1,1,1,1,1,0,1,1,1,108.85,6287.25,1,78,1,0,4739,51213,True,False,True,False,False,True,False
0,1,35,0,0,1,0,0,1,1,0,1,46.35,1662.05,0,59,1,0,4577,47969,False,False,False,True,True,False,False
1,0,16,1,1,0,0,0,0,1,0,1,84.75,1350.15,1,76,0,0,5136,51213,True,False,False,False,False,True,False
0,1,45,1,1,0,1,1,0,1,1,0,78.75,3600.65,0,33,1,0,2595,339,False,False,True,False,True,False,False
0,0,17,1,0,0,1,0,0,1,0,1,83.55,1329.15,0,60,0,0,5564,7615,True,False,False,False,False,True,False
0,1,1,1,0,0,0,0,0,0,0,1,45.7,45.7,1,37,1,0,3187,51213,False,False,False,False,False,True,False
0,0,22,1,0,0,0,0,0,0,0,0,19.6,422.5,0,62,0,0,2203,1143,False,True,True,False,False,False,True
1,0,1,1,0,0,0,0,0,0,0,1,69.95,69.95,1,73,0,0,3208,51213,True,False,False,False,False,True,False
0,1,67,1,0,1,0,1,1,0,1,0,67.85,4627.65,0,21,1,0,4792,12173,False,False,False,True,False,False,True
0,1,67,1,1,0,0,1,1,1,1,1,105.65,6717.9,0,45,1,3,6383,6760,True,False,False,True,False,False,False
0,1,2,0,0,0,0,0,0,1,1,0,44.6,97.1,1,23,1,0,5482,51213,False,False,False,False,False,True,False
0,0,23,1,1,0,0,0,0,0,0,1,74.95,1710.45,1,48,0,0,5897,51213,True,False,False,False,False,True,False
1,0,9,1,0,0,0,1,0,0,0,0,75.5,637.4,0,65,0,0,3021,44692,True,False,False,False,True,False,False
0,0,5,1,0,0,0,0,0,0,0,0,20.15,117.95,0,30,0,0,5020,1205,False,True,False,False,False,False,True
0,0,54,0,0,1,0,0,1,1,0,0,45.2,2460.55,0,47,0,0,5435,1072,False,False,False,True,True,False,False
0,0,57,1,0,0,0,1,0,1,1,1,95.25,5464.65,1,39,0,0,5789,51213,True,False,False,True,False,True,False
0,0,24,1,1,0,0,1,0,1,0,1,89.85,2165.05,1,23,0,0,2050,51213,True,False,False,False,False,False,True
0,1,49,1,1,0,1,0,0,1,1,0,100.45,4941.8,1,35,1,0,4235,51213,True,False,True,False,False,False,True
0,0,5,1,1,0,0,0,0,0,0,0,47.15,223.15,1,25,0,0,2857,51213,False,False,False,False,False,True,False
0,0,2,1,0,0,0,0,0,0,1,1,80.2,181.1,1,58,0,0,2384,51213,True,False,False,False,False,True,False
0,0,4,1,1,0,0,1,1,0,0,1,87.1,341.45,1,33,0,0,5587,51213,True,False,False,False,False,False,True
0,1,70,1,1,1,1,1,1,1,0,1,79.25,5731.85,0,56,1,0,5085,27959,False,False,False,True,False,False,False
0,0,5,1,1,0,0,0,0,0,0,1,75.9,357.75,1,30,0,0,3520,51213,True,False,False,False,False,False,False
0,1,53,1,1,1,0,1,1,1,1,0,85.7,4616.1,0,51,1,2,5957,46086,False,False,False,False,False,True,False
0,1,47,1,1,1,1,1,0,1,0,1,98.75,4533.7,1,29,1,0,4622,51213,True,False,False,False,False,True,False
0,0,31,1,0,0,0,0,0,0,0,0,20.1,589.25,0,63,0,0,3086,46828,False,True,True,False,True,False,False
0,1,13,1,0,0,1,1,1,0,0,0,61.8,750.1,0,56,1,3,4749,47431,False,False,False,False,False,False,False
0,1,28,1,1,0,0,0,0,0,0,0,49.9,1410.25,0,33,1,1,5250,66838,False,False,False,False,False,False,True
0,0,10,1,1,0,0,0,0,0,1,0,86.45,830.85,1,57,0,0,5699,51213,True,False,False,False,False,True,False
0,1,38,1,0,0,0,0,0,0,0,0,20.4,743.5,0,62,1,0,3756,33083,False,True,False,True,False,False,False
0,0,1,1,0,0,0,0,0,0,0,1,45.3,45.3,1,28,0,0,3049,51213,False,False,False,False,False,False,True
0,1,67,1,1,0,1,1,0,1,1,0,104.1,7040.85,1,61,1,0,4857,24093,True,False,True,False,False,True,False
0,1,52,1,0,1,1,0,0,1,1,1,75.4,3865.45,0,28,1,0,5211,21866,False,False,True,False,False,False,True
0,1,62,1,0,1,1,1,1,1,1,0,108.15,6825.65,0,42,1,3,5298,25569,True,False,False,True,False,False,True
0,0,16,1,0,0,1,0,0,0,1,1,86.25,1340.1,0,40,0,0,3511,4258,True,False,False,False,False,True,False
1,1,5,1,1,0,1,0,0,0,0,1,81.0,371.65,1,68,1,0,4287,34902,True,False,False,False,False,True,False
0,0,12,1,0,0,0,1,0,1,1,0,95.7,1184.0,0,57,0,0,5527,25232,True,False,True,False,False,True,False
0,1,72,1,1,1,1,1,1,1,1,1,116.85,8477.7,0,63,1,1,4055,30206,True,False,False,True,False,False,False
1,0,71,1,1,0,1,0,1,1,1,0,105.75,7382.85,0,80,0,0,4921,74232,True,False,True,False,False,False,False
0,1,24,1,0,0,0,0,0,0,0,0,20.15,456.85,0,33,1,0,3573,20046,False,True,True,False,False,False,True
0,0,15,1,0,0,0,0,0,0,0,0,19.6,331.6,0,64,0,0,2722,42733,False,True,False,True,False,False,True
0,1,67,1,0,1,1,0,0,0,1,1,90.6,6056.15,1,31,1,0,4394,47224,True,False,True,False,True,False,False
0,0,2,1,1,1,1,0,0,0,0,0,60.95,134.6,0,54,0,2,3172,28201,False,False,False,False,False,False,False
0,1,5,0,0,0,0,0,0,0,0,0,25.05,125.5,0,40,1,3,2071,29283,False,False,False,False,False,False,True
0,1,15,1,0,0,0,0,0,1,1,0,88.15,1390.6,1,21,1,0,2524,36351,True,False,False,False,False,True,False
0,0,1,1,0,0,0,0,0,0,0,1,20.2,20.2,1,55,0,0,4325,68776,False,True,False,False,False,False,True
0,1,41,1,0,1,1,1,0,0,0,1,60.3,2511.3,0,20,1,0,4565,28488,False,False,True,False,False,False,False
0,0,43,1,0,1,1,0,0,0,1,1,63.95,2737.05,0,26,0,1,4205,56307,False,False,False,False,False,True,False
1,1,1,1,1,0,0,0,0,0,0,0,74.3,74.3,0,76,1,0,2968,2743,True,False,False,False,False,True,False
1,0,1,1,0,0,0,0,0,0,0,1,70.6,70.6,0,73,0,0,2576,3873,True,False,False,False,False,False,True
0,1,26,1,0,0,0,0,0,1,1,1,90.8,2361.8,1,47,1,0,2641,19702,True,False,False,False,False,True,False
0,0,22,1,1,0,1,0,0,0,0,1,79.35,1730.35,1,48,0,0,4718,25859,True,False,False,False,False,True,False
0,1,71,1,1,1,1,1,1,1,1,0,90.55,6404.0,0,30,1,0,5007,17721,False,False,False,True,False,False,False
0,0,7,1,0,0,0,0,0,0,0,0,19.45,165.35,0,29,0,0,2600,24659,False,True,False,True,False,False,True
1,0,28,1,1,0,1,1,1,0,0,0,64.45,1867.6,0,67,0,0,3820,23394,False,False,False,False,False,False,False
1,0,16,1,0,0,0,0,0,0,0,0,69.65,1043.3,0,66,0,0,5610,2355,True,False,False,False,False,True,False
0,0,7,1,0,0,0,0,0,0,0,0,19.5,128.6,0,48,0,0,4271,27804,False,True,True,False,False,False,True
0,0,69,1,1,0,1,1,1,1,1,1,110.5,7455.45,0,30,0,0,4803,7857,True,False,False,True,False,False,False
0,0,1,0,0,0,0,0,0,0,0,0,24.7,24.7,0,29,0,1,3065,43141,False,False,False,False,False,False,True
0,0,3,1,0,1,0,1,0,1,1,1,77.4,206.15,0,36,0,0,5528,23170,False,False,False,False,False,True,False
1,0,21,1,0,0,0,1,0,1,1,1,96.8,2030.3,1,79,0,0,4317,964,True,False,False,False,False,False,False
0,1,69,1,1,0,1,1,0,0,0,1,85.4,5869.4,0,33,1,0,5976,22796,True,False,False,False,False,False,False
0,1,71,0,0,1,1,1,1,0,0,1,47.6,3377.8,0,44,1,0,4795,5529,False,False,False,True,False,False,False
0,1,69,1,0,0,0,0,0,0,0,0,19.4,1346.2,0,19,1,2,6408,1564,False,True,False,True,False,False,True
0,0,48,1,1,0,0,1,1,1,1,1,103.85,4946.05,0,35,0,0,4304,43712,True,False,False,False,False,True,False
0,1,47,1,1,0,1,1,0,0,0,1,83.35,4065.0,1,26,1,0,2516,3535,True,False,False,False,False,False,False
0,0,2,1,1,0,0,0,0,0,0,1,49.4,106.55,1,27,0,0,5115,42239,False,False,False,False,False,True,False
0,0,45,1,1,1,0,1,1,1,1,1,108.45,4964.7,0,30,0,0,5093,14546,True,False,False,False,True,False,False
0,0,51,1,1,0,1,0,0,0,0,0,81.0,4085.75,0,54,0,0,4121,8141,True,False,False,False,False,False,False
0,1,22,1,1,1,0,0,1,1,1,1,79.2,1742.75,1,27,1,0,3410,23971,False,False,False,False,False,True,False
0,0,72,1,1,1,1,1,1,1,1,0,86.65,6224.8,0,39,0,0,4621,8768,False,False,False,True,False,False,False
0,1,37,1,1,0,1,1,0,1,0,1,92.95,3415.25,0,33,1,1,3462,3499,True,False,False,False,False,True,False
0,1,71,1,1,1,1,1,1,1,1,0,90.35,6325.25,0,31,1,0,6483,2753,False,False,False,True,False,True,False
0,1,7,1,0,0,0,1,0,0,0,0,48.7,340.25,1,61,1,0,2984,732,False,False,False,False,False,True,False
0,0,66,1,1,0,0,0,0,0,0,1,25.15,1683.6,0,51,0,0,6141,471,False,True,False,True,True,False,False
0,1,51,1,0,1,0,0,1,1,1,1,76.4,3966.3,0,59,1,0,6385,29340,False,False,True,False,False,False,False
0,1,30,1,0,0,0,0,0,0,0,0,19.55,608.5,0,57,1,0,5203,24924,False,True,True,False,False,False,False
0,0,34,1,1,0,0,0,0,1,0,0,85.35,2896.6,0,26,0,0,3818,18884,True,False,False,False,False,True,False
0,1,64,1,1,0,0,0,0,0,0,1,24.8,1514.85,0,62,1,1,6281,291,False,True,False,True,False,False,True
1,1,65,1,1,0,1,1,0,1,1,1,103.15,6792.45,0,65,1,0,6441,131,True,False,True,False,False,False,False
0,0,47,1,1,1,1,0,1,1,0,0,100.75,4669.2,0,50,0,0,2508,354,True,False,False,False,False,False,True
0,0,1,1,0,1,0,0,0,1,1,1,95.6,95.6,1,29,0,0,4091,12465,True,False,False,False,False,True,False
0,0,49,1,1,1,1,0,0,0,0,1,59.75,2934.3,1,40,0,0,6006,1632,False,False,False,False,True,False,False
0,1,67,1,1,0,1,0,1,1,0,0,94.1,6302.8,0,53,1,3,4803,17018,True,False,False,True,True,False,False
0,0,39,1,0,0,0,0,0,0,0,0,19.35,779.2,0,42,0,0,2607,799,False,True,True,False,False,False,False
0,0,14,1,0,0,0,0,0,0,0,0,19.9,283.75,0,27,0,0,3854,6242,False,True,False,False,False,False,True
1,0,43,1,0,1,1,0,1,1,1,1,108.15,4600.7,1,67,0,0,2833,48690,True,False,False,False,True,False,False
1,0,56,1,1,0,0,1,0,1,1,1,101.05,5594.0,0,76,0,0,5514,14104,True,False,False,False,False,True,False
0,0,14,1,0,0,0,0,1,0,1,0,59.1,772.85,0,19,0,0,5718,48690,False,False,True,False,True,False,False
0,0,1,1,0,0,0,0,0,0,0,0,71.35,71.35,1,43,0,0,2619,2388,True,False,False,False,False,True,False
0,1,16,1,0,1,1,0,0,0,0,1,55.85,857.8,0,57,1,0,2464,805,False,False,True,False,False,False,True
0,1,70,1,1,1,1,0,0,1,1,1,106.05,7554.05,0,40,1,1,4583,3663,True,False,False,False,False,True,False
1,1,72,1,1,1,1,1,0,1,1,1,84.1,5981.65,0,79,1,0,4671,20486,False,False,False,True,True,False,False
0,1,23,1,0,0,0,1,0,0,0,1,75.3,1702.9,0,51,1,3,5903,2182,True,False,False,False,True,False,False
0,0,21,1,1,0,0,0,0,0,0,0,24.7,467.15,0,53,0,1,5403,18980,False,True,False,False,False,False,True
0,0,1,1,0,0,0,0,0,0,0,1,20.15,20.15,1,42,0,0,4939,42,False,True,False,False,False,False,True
0,0,1,1,0,0,0,0,0,0,0,0,69.75,69.75,1,35,0,0,2901,301,True,False,False,False,False,False,False
1,1,32,1,1,0,0,0,0,1,1,1,93.2,2931.0,1,69,1,0,5247,42239,True,False,False,False,False,True,False
0,1,17,1,0,0,0,0,0,1,0,0,80.85,1400.85,1,41,1,0,5174,28819,True,False,False,False,False,True,False
0,0,4,0,0,1,1,0,0,0,0,1,33.65,137.85,1,47,0,0,2563,904,False,False,False,False,False,True,False
0,0,36,1,1,0,0,1,0,0,0,0,55.8,1941.5,0,38,0,0,4770,9465,False,False,True,False,False,True,False
0,0,50,0,0,0,1,1,1,0,0,0,39.7,1932.75,0,48,0,0,5174,31293,False,False,False,True,True,False,False
0,1,48,0,0,0,0,0,1,0,0,1,29.5,1423.05,0,38,1,1,3194,11024,False,False,False,False,True,False,False
0,0,50,1,0,0,0,0,0,0,0,0,20.15,970.85,0,40,0,3,4263,9899,False,True,False,True,True,False,False
0,1,72,1,1,1,1,1,1,0,1,0,79.55,5810.9,0,34,1,0,4766,5447,False,False,False,True,True,False,False
0,0,10,1,1,0,0,0,0,0,0,0,24.8,223.9,0,61,0,3,5212,25995,False,True,False,False,True,False,False
0,0,18,1,0,0,0,0,0,0,0,0,19.65,391.7,0,44,0,0,4333,7334,False,True,False,False,False,False,True
0,0,1,1,0,0,0,0,0,1,0,1,79.95,79.95,1,56,0,0,4815,455,True,False,False,False,False,True,False
0,0,1,1,0,0,0,0,0,0,0,0,19.3,19.3,1,58,0,0,3236,52202,False,True,False,False,False,True,False
0,0,9,1,0,0,0,1,0,1,1,1,94.05,811.65,0,40,0,0,3475,10484,True,False,False,False,False,True,False
0,0,2,1,1,1,0,0,0,0,1,0,90.75,174.75,0,55,0,0,4766,678,True,False,False,False,False,False,True
0,1,40,1,1,0,0,0,1,0,0,1,78.85,3126.85,0,61,1,0,5257,443,True,False,False,False,True,False,False
0,1,69,1,1,0,0,1,0,1,1,0,99.5,6841.45,0,50,1,0,4237,115,True,False,True,False,False,False,False
0,1,37,1,1,1,0,1,1,0,1,1,99.2,3754.6,1,55,1,0,3599,414,True,False,True,False,False,True,False
0,0,18,1,1,0,0,1,0,0,0,1,80.55,1406.65,0,29,0,3,5334,82630,True,False,False,False,True,False,False
1,1,11,1,0,0,0,0,0,0,0,1,70.2,834.7,0,76,1,0,2848,54586,True,False,False,False,False,True,False
0,1,8,1,1,0,0,0,0,0,1,1,85.2,627.4,1,32,1,0,2887,29847,True,False,False,False,True,False,False
0,0,3,1,1,0,0,0,0,0,0,0,75.25,242.0,1,40,0,0,5898,23,True,False,False,False,False,True,False
0,1,55,1,0,1,0,0,0,0,1,0,59.45,3157.0,0,24,1,0,5712,958,False,False,True,False,True,False,False
0,1,33,1,1,0,1,1,0,0,1,1,93.35,3092.0,0,35,1,0,3348,317,True,False,False,False,False,True,False
0,0,46,1,0,0,0,0,0,0,0,0,44.95,2168.9,0,19,0,0,2626,4948,False,False,False,False,False,False,False
0,0,34,1,1,0,0,0,0,0,0,0,26.1,980.35,0,54,0,0,2026,68515,False,True,False,True,False,False,False
0,0,3,1,0,0,0,0,0,0,0,0,20.2,65.95,0,64,0,0,4369,48245,False,True,False,False,False,True,False
0,1,30,1,0,0,0,0,0,0,0,0,21.25,711.9,0,58,1,3,3047,1933,False,True,False,True,False,False,True
0,0,33,1,1,1,0,0,1,0,0,0,59.4,1952.8,0,41,0,0,2853,9793,False,False,True,False,False,True,False
0,1,45,1,1,0,1,1,0,0,1,1,95.0,4368.85,0,25,1,2,2719,18068,True,False,True,False,True,False,False
0,0,40,1,0,1,1,0,1,0,0,1,61.9,2647.1,0,49,0,0,2520,5256,False,False,False,False,False,False,True
0,0,71,1,1,1,1,1,1,1,1,1,118.65,8477.6,0,58,0,0,4296,1090,True,False,False,True,False,True,False
0,0,1,1,1,0,0,1,0,0,0,0,54.35,54.35,1,30,0,0,4212,7324,False,False,False,False,False,True,False
0,1,72,0,0,1,1,1,1,1,1,0,64.45,4528.0,0,53,1,0,5265,5488,False,False,False,True,False,False,False
0,1,22,1,0,0,0,0,0,0,1,1,80.15,1790.65,0,59,1,3,4732,162,True,False,False,False,False,True,False
0,1,46,1,0,0,0,0,0,0,0,1,20.2,845.6,0,44,1,0,2325,46171,False,True,True,False,False,False,False
0,1,55,1,0,0,0,0,0,0,0,0,21.0,1210.3,0,53,1,3,5046,909,False,True,False,True,False,False,True
0,0,1,1,0,0,0,0,0,0,0,0,20.45,20.45,0,26,0,0,4845,12463,False,True,False,False,False,False,True
0,0,12,1,1,0,0,0,1,1,1,1,75.85,854.45,0,23,0,0,5942,4280,False,False,True,False,False,False,True
0,0,31,1,1,0,1,0,0,0,0,1,80.45,2429.1,0,43,0,0,4684,31230,True,False,False,False,False,True,False
0,1,5,0,0,0,0,0,0,0,0,1,24.95,100.4,1,37,1,0,5865,36675,False,False,False,False,False,True,False
0,1,67,1,1,1,0,0,0,1,1,1,75.5,5229.45,0,24,1,0,5420,75882,False,False,False,True,False,True,False
0,0,1,1,0,0,0,0,0,0,0,0,44.45,44.45,0,45,0,0,3498,18518,False,False,False,False,False,False,True
0,1,40,0,0,1,1,1,0,0,0,1,42.35,1716.45,1,39,1,0,5422,5395,False,False,True,False,False,True,False
0,1,41,1,1,1,1,1,0,1,0,1,74.55,3023.55,0,61,1,2,2748,87,False,False,False,False,True,False,False
0,0,1,1,1,0,0,0,0,0,0,1,75.3,75.3,1,38,0,0,3596,1834,True,False,False,False,False,True,False
0,0,51,1,1,1,1,0,0,1,0,1,94.8,4837.6,1,22,0,0,5074,42239,True,False,True,False,False,True,False
0,1,42,0,0,1,0,1,1,1,0,0,48.15,2032.3,0,48,1,0,2673,63235,False,False,False,True,True,False,False
0,1,23,1,0,0,0,0,0,0,0,0,19.65,436.9,0,62,1,0,5460,12083,False,True,True,False,False,False,True
1,0,1,1,0,0,0,0,0,0,0,1,70.55,70.55,1,72,0,0,2146,4253,True,False,False,False,False,True,False
0,0,1,1,0,0,0,0,0,0,0,0,20.15,20.15,0,40,0,0,3167,1195,False,True,False,False,False,False,True
0,0,56,1,1,1,1,0,0,1,1,1,106.6,5893.95,0,25,0,0,5056,41575,True,False,False,False,True,False,False
0,0,15,1,1,0,1,0,0,1,0,1,91.0,1430.05,0,31,0,1,4602,1779,True,False,False,False,False,True,False
0,1,12,1,1,0,0,0,0,0,0,1,25.4,313.0,0,55,1,3,2219,53636,False,True,False,True,False,False,False
0,1,54,1,0,1,0,1,1,0,1,0,69.95,3871.85,0,21,1,0,5077,24644,False,False,False,True,False,False,False
0,0,7,1,0,0,0,0,0,1,1,1,66.85,458.1,0,30,0,0,4858,49355,False,False,False,False,False,True,False
0,1,33,1,1,0,0,0,0,0,1,0,86.15,2745.7,1,63,1,0,3336,12149,True,False,False,False,True,False,False
0,1,16,1,0,0,0,0,0,0,0,0,20.15,341.35,0,30,1,3,5271,44556,False,True,False,False,False,True,False
0,0,21,1,0,1,0,1,0,0,1,0,64.85,1336.8,0,55,0,0,3302,23146,False,False,True,False,False,False,True
1,1,30,1,1,0,0,1,0,1,1,0,74.85,2181.75,0,77,1,0,5610,18999,False,False,False,True,False,True,False
0,0,3,1,0,0,0,0,1,0,0,1,50.5,147.75,0,45,0,0,5258,71678,False,False,False,False,False,False,True
0,0,11,1,0,0,0,1,0,0,0,0,72.9,818.45,0,27,0,0,3042,46550,True,False,False,False,False,True,False
0,0,62,1,1,1,1,1,1,1,1,1,115.05,7133.45,0,39,0,0,6494,38446,True,False,True,False,True,False,False
0,0,18,1,0,0,0,0,0,0,0,0,19.0,348.8,0,42,0,0,5379,42425,False,True,False,False,False,True,False
0,0,6,1,0,0,0,0,0,0,0,0,19.55,128.6,0,20,0,1,2309,48649,False,True,False,False,False,False,True
0,0,46,1,1,0,0,1,0,1,1,1,101.1,4674.4,0,45,0,0,4883,17147,True,False,True,False,False,True,False
0,0,21,1,1,0,0,0,0,0,1,1,84.1,1737.45,0,46,0,0,4649,63999,True,False,False,False,False,True,False
0,0,68,1,1,0,0,0,0,0,0,1,24.15,1498.85,0,45,0,0,5987,1005,False,True,False,True,False,False,False
0,0,1,1,1,0,0,0,0,0,0,1,50.1,50.1,0,19,0,0,5617,38519,False,False,False,False,False,True,False
0,1,25,1,0,0,0,1,0,0,0,1,74.6,1797.75,0,26,1,0,4591,4546,True,False,False,False,False,True,False
0,0,24,1,0,0,0,0,0,0,0,0,19.75,498.1,0,57,0,1,2639,2433,False,True,False,True,False,False,True
0,1,30,1,1,0,0,0,0,0,1,1,85.0,2624.25,1,25,1,0,3698,3745,True,False,False,False,False,True,False
0,0,2,1,0,0,0,0,0,0,1,0,80.55,184.1,1,29,0,0,2856,29687,True,False,False,False,False,True,False
0,1,51,1,1,0,1,1,0,1,1,1,106.8,5498.8,0,31,1,0,4640,39264,True,False,True,False,False,False,False
0,1,57,1,1,1,0,1,1,1,1,1,84.5,4845.4,0,33,1,0,5928,25694,False,False,False,True,False,True,False
0,0,15,1,1,0,0,0,0,0,0,0,25.05,369.1,0,52,0,0,5218,4283,False,True,False,True,False,False,False
0,1,72,1,0,1,1,1,1,1,1,1,83.7,6096.9,0,25,1,0,4592,3588,False,False,False,True,False,False,False
0,0,2,1,0,0,0,1,0,0,0,1,75.8,160.75,1,37,0,0,5270,22983,True,False,False,False,False,True,False
0,1,28,1,1,0,1,1,0,1,0,0,96.6,2684.35,0,25,1,0,5530,61205,True,False,False,False,True,False,False
1,1,29,1,1,0,0,1,0,1,1,1,98.5,3004.15,1,75,1,0,5137,12743,True,False,False,False,False,True,False
0,1,70,1,0,1,1,1,1,1,0,1,101.1,6994.8,0,52,1,2,4226,46214,True,False,False,True,True,False,False
0,0,13,1,0,0,0,0,0,0,0,0,20.2,273.25,0,52,0,0,2953,1500,False,True,True,False,False,False,True
1,1,59,1,1,1,1,1,1,0,0,1,94.05,5483.9,0,71,1,0,5061,36149,True,False,True,False,False,True,False
1,1,13,1,1,0,0,0,0,1,1,1,95.25,1233.65,1,67,1,0,2982,18311,True,False,False,False,False,True,False
1,1,7,1,1,0,0,0,0,0,0,1,74.4,527.9,1,72,1,0,4969,7344,True,False,False,False,False,False,True
0,1,62,1,0,1,0,1,1,1,1,0,81.0,4985.9,0,49,1,0,4684,36817,False,False,False,True,False,False,True
0,0,21,1,0,1,0,1,1,0,0,1,60.25,1258.35,0,30,0,0,4870,26357,False,False,True,False,False,True,False
0,0,2,1,0,0,0,1,0,0,1,0,60.85,111.4,0,28,0,0,3796,4456,False,False,False,False,False,True,False
0,0,1,1,0,0,0,0,0,0,0,0,43.95,43.95,0,38,0,0,5684,21349,False,False,False,False,True,False,False
0,0,4,1,0,0,0,1,0,0,1,0,86.05,308.1,0,63,0,0,3653,14068,True,False,False,False,False,True,False
0,0,19,1,0,0,0,0,0,0,0,0,20.25,383.65,0,45,0,0,5586,8692,False,True,True,False,True,False,False
0,0,30,1,0,0,0,0,1,1,0,0,85.15,2555.9,1,45,0,0,4417,18161,True,False,False,False,False,True,False
0,1,67,1,0,0,0,0,0,0,0,1,19.4,1284.2,0,48,1,2,4890,13151,False,True,False,True,True,False,False
1,1,72,1,1,1,1,1,0,0,1,1,102.65,7550.3,0,75,1,0,4680,3070,True,False,False,True,True,False,False
0,1,53,1,0,0,0,0,0,0,0,0,19.9,1110.05,0,35,1,0,4157,25655,False,True,False,True,True,False,False
0,0,5,1,0,0,0,0,0,0,0,0,19.55,99.6,0,54,0,0,2575,46171,False,True,True,False,False,True,False
1,1,71,1,0,0,1,1,1,0,1,1,95.5,6707.15,0,75,1,0,6412,19368,True,False,False,True,True,False,False
0,1,50,1,1,0,1,1,1,1,1,1,84.15,4164.4,0,53,1,0,4625,4093,False,False,True,False,True,False,False
0,1,56,1,1,0,0,1,1,1,1,1,103.2,5873.75,0,38,1,1,4478,2762,True,False,False,True,False,True,False
0,0,2,1,0,0,0,0,1,0,0,1,50.2,109.25,0,61,0,0,4697,27369,False,False,False,False,True,False,False
1,0,2,1,1,0,0,1,0,0,1,1,88.55,179.25,1,68,0,0,3685,17621,True,False,False,False,False,True,False
0,1,24,1,1,1,0,0,0,0,0,0,54.75,1338.15,1,63,1,2,5699,10936,False,False,False,False,False,True,False
0,1,46,1,0,0,0,0,0,0,0,0,19.95,862.4,0,40,1,2,3574,41062,False,True,False,True,True,False,False
0,1,71,1,1,1,1,1,1,1,1,1,116.25,8564.75,0,42,1,0,6124,22499,True,False,False,True,False,True,False
0,0,29,0,0,0,0,0,1,0,0,1,31.2,926.2,0,30,0,0,4761,6301,False,False,False,False,False,True,False
0,1,69,1,1,0,0,0,0,0,0,0,24.45,1718.2,0,23,1,3,5295,26419,False,True,False,True,False,False,False
0,1,71,1,1,0,1,1,1,1,1,0,84.2,5956.85,0,32,1,0,4753,7465,False,False,False,True,True,False,False
1,0,1,1,0,0,0,0,0,1,1,1,91.3,91.3,1,68,0,0,2371,13422,True,False,False,False,False,True,False
1,1,56,1,0,1,1,1,1,1,1,1,85.65,4824.45,0,71,1,0,6500,48207,False,False,False,True,False,False,False
0,0,56,1,0,0,0,0,0,0,0,1,21.2,1238.65,0,38,0,0,6473,62069,False,True,True,False,False,False,True
0,0,1,1,0,0,0,0,0,1,0,1,79.5,79.5,1,60,0,0,4490,27730,True,False,False,False,False,True,False
0,1,28,1,1,0,0,0,0,0,0,0,25.55,672.2,0,22,1,0,3493,59176,False,True,True,False,False,False,True
0,1,19,1,0,0,0,0,0,0,0,0,20.2,382.2,0,47,1,2,3636,56517,False,True,False,False,False,False,True
0,1,66,1,1,0,0,0,1,0,1,0,63.85,4264.6,0,21,1,0,5956,58764,False,False,False,False,False,True,False
0,1,17,1,1,0,0,1,1,0,0,1,61.95,1070.7,0,52,1,0,4759,42663,False,False,True,False,False,False,True
0,1,52,1,1,0,0,0,0,0,0,0,25.75,1345.85,0,61,1,2,4676,32304,False,True,False,True,False,False,True
0,0,19,1,0,0,1,0,0,1,0,0,58.2,1045.25,0,19,0,0,4033,25206,False,False,True,False,False,True,False
0,0,36,1,0,1,1,1,1,1,1,0,85.85,3003.55,0,26,0,0,4898,48273,False,False,True,False,False,False,False
1,1,7,1,0,0,0,0,0,0,0,1,70.1,467.55,1,75,1,0,3669,8660,True,False,False,False,False,False,True
0,1,72,1,1,1,1,1,1,0,1,1,104.9,7537.5,0,22,1,2,4927,41237,True,False,True,False,True,False,False
0,1,67,1,1,1,1,1,0,1,1,1,111.3,7482.1,1,58,1,0,4146,5597,True,False,True,False,False,True,False
1,0,34,1,0,0,1,1,0,1,1,1,99.85,3343.15,0,72,0,0,5626,28687,True,False,True,False,False,True,False
1,1,57,1,1,0,1,1,0,0,1,1,95.25,5427.05,1,74,1,0,6259,4242,True,False,False,False,False,False,False
0,1,7,1,0,0,0,1,0,1,0,1,86.25,587.1,1,63,1,0,3344,3124,True,False,False,False,False,True,False
1,1,1,1,1,0,0,1,0,1,1,1,100.8,100.8,1,78,1,0,3128,22133,True,False,False,False,False,True,False
0,1,8,1,0,0,0,0,0,0,0,1,19.55,161.15,0,38,1,0,4909,34946,False,True,False,False,False,False,False
0,0,69,1,1,0,0,1,1,1,1,0,104.0,7028.5,0,44,0,0,5902,15297,True,False,False,True,False,True,False
0,1,50,1,1,1,0,1,0,1,1,1,104.4,5232.9,0,57,1,0,6100,34321,True,False,True,False,False,False,True
0,0,10,1,0,0,0,0,0,0,0,0,19.5,225.85,0,58,0,0,5039,1859,False,True,True,False,False,False,True
0,1,12,1,1,0,0,0,0,0,0,0,25.25,274.7,0,39,1,2,2646,62103,False,True,False,True,True,False,False
0,0,14,1,0,0,1,0,0,0,1,1,86.3,1180.95,1,64,0,0,3677,32268,True,False,False,False,False,True,False
0,1,70,0,0,1,0,1,1,0,1,1,49.85,3370.2,0,46,1,0,5460,88230,False,False,False,True,False,False,False
1,0,64,1,1,1,0,1,1,1,1,1,108.95,7111.3,0,76,0,0,5780,42193,True,False,False,False,False,False,False
0,1,66,1,1,1,1,1,1,1,1,0,89.9,5958.85,0,31,1,0,4082,46371,False,False,False,True,True,False,False
0,1,71,1,0,1,0,1,1,1,1,1,82.0,5999.85,0,40,1,0,5770,46227,False,False,False,True,True,False,False
1,0,20,1,0,0,0,0,0,1,1,0,89.95,1648.45,0,70,0,0,4812,350,True,False,False,False,False,True,False
0,1,72,1,0,1,1,0,1,1,1,1,79.35,5753.25,0,48,1,0,4278,58157,False,False,False,True,False,False,False
0,1,71,1,0,1,1,1,1,0,0,0,64.05,4492.9,0,64,1,0,4374,70011,False,False,False,True,True,False,False
0,1,38,1,1,0,0,1,0,1,1,1,101.15,3956.7,0,34,1,1,3738,91188,True,False,False,False,True,False,False
0,0,28,1,1,0,1,0,0,0,1,1,89.95,2625.55,1,56,0,0,2468,44117,True,False,False,False,False,True,False
1,1,17,1,0,0,1,0,0,0,0,1,76.45,1233.4,1,66,1,0,3266,37879,True,False,False,False,False,True,False
0,0,33,0,0,0,1,0,0,1,0,1,39.1,1309.0,0,62,0,0,2855,62634,False,False,True,False,False,True,False
0,1,23,0,0,1,0,0,1,0,0,0,34.6,813.45,0,27,1,0,4445,54548,False,False,False,True,False,False,True
0,1,58,1,0,0,0,0,0,0,0,1,19.55,1108.8,0,54,1,0,4801,55062,False,True,True,False,False,True,False
1,1,70,1,1,0,1,0,1,1,1,1,104.45,7349.35,0,73,1,0,5004,17494,True,False,False,True,False,False,False
0,1,4,1,0,0,0,0,0,0,0,0,70.5,294.2,0,40,1,0,2896,60553,True,False,False,False,False,True,False
0,1,45,1,0,0,0,0,0,0,0,0,20.35,929.2,0,24,1,2,4210,45086,False,True,False,True,False,False,True
0,0,10,1,0,0,0,0,0,0,0,1,70.0,740.0,1,41,0,0,3156,81333,True,False,False,False,False,True,False
0,1,36,1,0,0,0,0,0,0,0,0,19.45,754.5,0,26,1,2,5745,68802,False,True,False,True,True,False,False
0,0,54,1,0,1,1,0,1,1,0,1,69.9,3883.3,0,61,0,0,6092,34398,False,False,False,False,False,False,True
0,1,23,1,1,0,1,0,1,0,0,0,59.7,1414.2,0,33,1,0,3464,36301,False,False,False,True,False,False,True
0,1,41,1,1,1,1,1,0,1,0,1,78.35,3211.2,0,28,1,0,2894,19629,False,False,True,False,True,False,False
1,0,5,1,0,0,0,0,0,0,0,1,71.45,371.6,0,78,0,0,5171,34055,True,False,False,False,False,False,True
0,1,27,0,0,0,1,1,0,0,1,1,45.85,1246.4,0,25,1,0,2068,1408,False,False,True,False,True,False,False
0,0,1,1,0,0,0,0,1,1,1,1,95.85,95.85,0,50,0,0,3270,34592,True,False,False,False,False,True,False
0,1,67,0,0,1,0,0,1,0,0,0,35.7,2545.7,0,55,1,0,5655,24502,False,False,False,True,True,False,False
1,1,72,1,1,1,1,1,1,1,1,1,89.55,6448.85,0,74,1,0,4993,46105,False,False,False,True,True,False,False
0,1,56,1,1,0,0,0,0,0,0,1,24.95,1468.9,0,40,1,2,5243,21157,False,True,False,True,True,False,False
0,1,44,1,1,0,0,0,0,0,0,0,24.85,1013.6,0,44,1,0,5331,50641,False,True,True,False,False,True,False
1,1,66,1,1,0,1,0,0,1,1,1,100.8,6690.75,0,73,1,0,5469,31428,True,False,False,False,False,True,False
0,0,34,1,1,1,1,0,1,0,0,1,64.4,2088.75,1,53,0,0,5189,43491,False,False,True,False,False,False,True
0,1,69,1,1,0,0,1,1,1,1,0,105.35,7240.65,0,51,1,0,5268,23481,True,False,False,True,False,False,False
0,1,1,1,1,1,0,1,0,1,1,1,102.45,102.45,1,52,1,0,4811,15878,True,False,False,False,False,True,False
0,0,40,1,0,0,0,0,0,0,0,0,19.65,830.25,0,48,0,0,3878,22443,False,True,False,True,True,False,False
0,1,30,1,1,1,0,0,0,0,0,1,54.45,1588.7,0,50,1,2,2613,5935,False,False,False,False,False,False,False
0,0,11,1,0,0,0,0,1,1,1,0,70.5,829.3,0,38,0,0,5541,18058,False,False,False,False,False,False,True
0,0,15,1,0,0,0,0,0,0,0,0,20.1,302.45,0,58,0,0,4359,15396,False,True,True,False,True,False,False
0,0,11,1,0,0,0,1,0,1,1,1,69.35,712.25,0,35,0,0,2288,40915,False,False,False,False,False,True,False
0,1,64,1,0,0,0,0,0,0,0,0,19.8,1336.65,0,47,1,0,5384,23172,False,True,True,False,False,False,False
1,1,72,1,0,1,1,1,1,1,0,0,74.4,5360.75,0,69,1,0,5590,37916,False,False,False,True,False,False,False
1,1,72,1,1,1,1,1,1,0,0,1,93.05,6735.05,0,73,1,0,4988,48170,True,False,False,True,False,False,False
0,0,1,1,0,1,0,0,0,0,0,0,51.2,51.2,0,42,0,3,3699,44875,False,False,False,False,False,False,True
0,0,15,1,0,1,1,1,1,0,0,0,65.6,1010.0,0,26,0,0,2976,16998,False,False,True,False,True,False,False
0,0,60,1,1,0,0,1,1,1,1,0,80.55,4847.05,0,32,0,0,4159,21911,False,False,True,False,True,False,False
0,0,56,1,0,1,0,1,0,0,0,0,52.7,3019.7,0,57,0,0,4753,60294,False,False,True,False,False,False,True
0,0,8,1,0,0,0,0,0,0,0,0,20.85,161.65,0,31,0,0,4249,13188,False,True,False,True,False,False,True
0,0,3,1,0,0,0,1,1,0,0,0,80.1,217.55,1,30,0,0,4330,39458,True,False,False,False,True,False,False
0,1,49,1,1,0,0,0,0,0,0,1,52.15,2583.75,0,19,1,0,5224,20893,False,False,False,False,True,False,False
0,0,2,1,0,0,0,0,0,1,0,1,80.2,146.05,1,51,0,0,4381,32899,True,False,False,False,False,True,False
0,0,6,1,0,1,1,1,1,0,1,1,98.15,567.45,1,20,0,0,3578,46894,True,False,False,False,False,False,False
0,0,70,1,1,1,1,1,1,1,1,1,114.95,7711.25,0,51,0,0,4511,27381,True,False,False,True,False,False,False
0,0,12,1,1,0,1,1,1,1,1,1,112.95,1384.75,1,60,0,0,3965,42853,True,False,False,False,False,False,True
1,1,52,1,0,1,0,1,1,1,1,1,104.45,5481.25,0,79,1,0,5490,24945,True,False,True,False,False,False,False
0,1,72,1,1,1,1,1,1,1,1,1,113.65,8124.2,0,25,1,0,6469,17409,True,False,False,True,True,False,False
0,0,40,1,0,0,0,0,0,0,0,1,20.6,827.3,0,42,0,0,3091,16013,False,True,False,True,False,False,False
0,0,1,1,0,0,0,0,0,0,0,0,70.9,70.9,1,43,0,0,4739,32984,True,False,False,False,False,False,True
1,0,3,1,0,0,0,1,0,1,0,1,86.85,220.95,1,73,0,0,3561,6503,True,False,False,False,False,True,False
1,0,40,1,0,0,0,0,0,1,1,1,91.55,3673.6,0,72,0,0,5742,21633,True,False,False,False,False,True,False
0,0,1,1,0,0,0,1,0,0,0,1,49.85,49.85,0,44,0,3,5323,79736,False,False,False,False,False,True,False
0,1,30,1,0,0,0,0,0,0,0,0,19.8,576.65,0,33,1,0,4006,77791,False,True,True,False,True,False,False
0,1,23,1,0,1,0,0,1,1,1,1,99.85,2331.3,1,28,1,0,3425,25322,True,False,False,False,False,True,False
0,1,1,1,1,0,0,0,0,0,0,1,74.5,74.5,1,41,1,0,5554,1459,True,False,False,False,False,True,False
1,1,44,1,1,0,0,1,1,1,1,0,104.15,4495.65,0,75,1,0,2944,25634,True,False,False,False,False,True,False
0,0,65,1,1,0,1,1,1,1,1,1,109.15,6941.2,1,60,0,0,6001,32511,True,False,False,False,False,True,False
1,0,7,1,0,1,0,0,0,0,0,1,48.2,340.35,0,68,0,0,5525,49027,False,False,False,False,False,True,False
1,0,72,1,1,0,0,0,0,0,0,1,25.1,1789.9,0,66,0,0,5751,64802,False,True,False,True,True,False,False
1,0,8,1,1,0,0,0,1,1,1,1,100.15,908.55,0,74,0,0,5157,2966,True,False,False,False,True,False,False
0,0,16,1,1,0,0,1,0,0,1,1,65.2,1043.35,1,48,0,0,4722,576,False,False,False,False,True,False,False
1,1,66,1,1,0,0,1,0,1,1,1,99.5,6822.15,1,79,1,0,4479,31727,True,False,False,False,True,False,False
0,0,1,1,0,0,0,0,0,0,0,1,71.55,71.55,1,42,0,0,5739,20893,True,False,False,False,False,False,True
0,0,3,1,0,1,0,1,0,0,0,0,55.9,157.55,0,20,0,1,4648,25771,False,False,False,False,False,False,True
0,1,53,1,1,1,0,1,0,0,1,0,93.9,5029.2,1,27,1,0,5543,12741,True,False,False,False,False,True,False
1,1,8,1,0,0,0,1,1,0,1,1,64.4,581.7,0,78,1,0,4537,10986,False,False,False,False,True,False,False
1,1,69,1,1,0,1,1,1,1,1,1,108.4,7318.2,1,69,1,0,4708,15757,True,False,False,True,False,False,False
0,0,5,1,0,0,1,0,0,1,0,1,85.3,420.45,0,37,0,0,2689,16477,True,False,False,False,False,False,True
0,1,72,1,1,1,0,1,1,1,1,0,107.45,7576.7,0,49,1,2,5246,49975,True,False,False,True,False,False,True
0,1,13,0,0,0,0,1,0,1,1,1,48.75,633.4,1,42,1,0,2655,1054,False,False,False,False,False,False,False
0,0,4,1,1,0,0,0,0,1,0,1,85.65,321.65,1,63,0,0,3223,2872,True,False,False,False,False,True,False
0,1,54,1,1,1,1,1,1,1,1,0,91.3,4965.0,0,27,1,0,5907,16206,False,False,False,True,True,False,False
0,1,72,1,1,0,1,1,1,1,1,0,85.95,6151.9,0,57,1,0,6450,14697,False,False,False,True,False,False,False
0,0,12,1,1,0,1,1,0,1,1,1,106.7,1253.9,1,44,0,0,2406,1954,True,False,False,False,False,True,False
0,0,1,0,0,0,0,0,0,0,0,1,25.15,25.15,1,46,0,0,5386,2078,False,False,False,False,False,True,False
1,0,1,1,0,0,0,0,0,0,0,0,45.2,45.2,0,73,0,0,4576,226,False,False,False,False,False,True,False
0,1,54,1,1,0,1,1,1,1,1,0,110.35,5893.15,1,21,1,0,6189,191,True,False,True,False,False,True,False
0,1,69,1,1,0,0,1,0,0,0,1,79.2,5420.65,0,53,1,1,4072,18036,True,False,False,True,True,False,False
0,0,48,1,0,1,1,0,0,0,0,0,55.5,2627.35,0,58,0,0,4975,23506,False,False,False,True,True,False,False
0,1,48,1,1,1,1,0,0,1,1,1,103.25,5037.55,1,24,1,0,4736,37280,True,False,True,False,True,False,False
0,1,8,1,1,0,0,0,1,0,1,1,90.25,743.75,0,54,1,0,4969,823,True,False,False,False,False,True,False
0,1,71,1,1,1,1,1,1,1,1,1,91.25,6589.6,0,59,1,0,5529,9318,False,False,False,True,False,False,True
0,0,2,1,0,1,0,0,0,0,0,1,47.8,92.45,1,35,0,0,4134,13333,False,False,False,False,False,True,False
0,1,67,1,0,1,1,0,0,1,1,1,100.9,6733.15,0,40,1,0,4078,1526,True,False,True,False,True,False,False
0,1,34,1,1,0,1,0,0,1,1,1,97.7,3410.0,0,28,1,2,5789,8644,True,False,False,False,False,False,False
0,0,3,1,0,0,0,0,0,0,0,1,69.85,199.85,0,53,0,0,4764,626,True,False,False,False,False,True,False
0,1,9,1,0,0,1,0,1,1,0,1,65.6,593.3,0,37,1,0,2205,4498,False,False,True,False,False,False,True
0,1,71,1,0,1,1,1,0,1,1,1,104.65,7288.4,0,23,1,3,6101,296,True,False,True,False,False,False,False
0,0,57,1,1,0,0,0,1,1,0,1,90.45,5229.8,0,34,0,0,5076,53204,True,False,False,True,True,False,False
0,0,72,0,0,1,1,1,1,1,1,1,63.7,4464.8,0,36,0,0,4921,6918,False,False,False,True,False,False,False
1,1,48,1,0,1,0,1,1,1,1,1,104.5,5068.05,0,79,1,3,3847,4517,True,False,False,False,False,True,False
0,0,18,1,0,0,0,0,0,0,0,0,20.1,401.85,0,28,0,0,5586,1873,False,True,True,False,False,False,True
0,1,43,1,1,0,0,1,1,1,1,1,104.3,4451.85,0,20,1,2,3927,1809,True,False,True,False,True,False,False
0,1,72,1,1,1,1,1,1,1,1,1,93.25,6688.95,0,62,1,0,5197,5564,False,False,False,True,False,False,False
0,1,35,1,1,0,0,0,1,1,1,1,73.45,2661.1,0,61,1,0,4719,15364,False,False,True,False,False,False,False
0,0,4,1,0,0,0,0,0,0,0,0,20.7,73.05,0,28,0,0,4676,2900,False,True,False,False,False,False,True
0,1,49,1,1,0,0,0,0,0,0,0,25.25,1211.65,0,23,1,2,5616,1247,False,True,False,True,False,False,True
0,1,71,1,1,1,1,1,0,1,0,0,100.5,7030.65,0,61,1,2,4080,293,True,False,False,True,False,False,False
0,1,11,1,0,0,0,0,0,1,1,0,90.6,1020.2,0,44,1,1,2004,30419,True,False,False,False,False,True,False
0,1,63,1,1,1,1,1,1,1,1,1,89.4,5597.65,0,39,1,0,5004,15508,False,False,False,True,True,False,False
1,0,65,1,1,0,1,1,0,1,0,1,95.45,6223.3,0,69,0,0,4168,2502,True,False,False,False,False,False,False
0,0,49,1,0,0,0,0,0,0,0,0,20.45,1024.65,0,60,0,3,4784,10781,False,True,False,True,True,False,False
0,0,29,1,1,0,0,1,0,1,1,1,98.6,2933.2,1,49,0,0,5144,302,True,False,False,False,True,False,False
1,1,15,1,1,0,0,1,1,0,0,1,83.05,1258.3,1,65,1,0,2596,46171,True,False,False,False,False,True,False
0,1,4,1,0,0,0,0,0,0,0,1,19.95,82.9,0,30,1,2,2951,798,False,True,False,False,False,True,False
0,1,72,1,1,0,1,1,1,1,1,0,109.15,7789.6,0,21,1,0,4807,46171,True,False,True,False,True,False,False
1,1,26,1,0,0,0,1,0,1,0,1,85.7,2067.0,0,68,1,0,3935,4198,True,False,False,False,True,False,False
1,1,35,1,1,0,0,1,0,1,1,0,102.05,3452.55,0,70,1,0,3199,65566,True,False,False,False,False,False,False
0,0,57,1,1,0,1,0,1,0,1,0,94.7,5468.95,0,47,0,0,4507,266,True,False,True,False,False,True,False
0,1,28,1,1,0,1,0,0,0,1,0,64.4,1802.15,0,52,1,2,2434,2956,False,False,False,False,False,True,False
0,1,25,1,1,0,0,0,0,0,0,1,26.8,733.55,0,56,1,0,3428,56,False,True,True,False,False,False,True
0,1,47,1,0,1,0,1,0,1,0,1,66.05,3021.45,0,49,1,0,3404,15177,False,False,True,False,True,False,False
0,1,57,1,1,1,1,0,1,0,0,0,65.2,3687.85,0,35,1,1,4491,3546,False,False,False,False,False,False,False
1,1,16,1,1,0,0,0,0,1,0,1,85.05,1391.15,0,69,1,0,3739,1729,True,False,False,False,True,False,False
0,0,5,1,0,1,0,1,0,0,0,1,55.8,274.35,0,24,0,0,2612,5689,False,False,False,False,False,False,True
0,1,17,1,0,0,0,0,0,0,0,1,70.4,1214.05,1,35,1,0,4469,14937,True,False,False,False,False,False,False
1,0,56,1,1,0,1,1,0,1,1,1,104.75,5510.65,1,68,0,0,5605,5868,True,False,True,False,False,False,False
0,1,72,1,0,0,0,0,0,0,0,0,19.95,1322.85,0,48,1,2,5092,2318,False,True,False,True,False,False,False
1,0,21,1,1,0,0,0,0,1,1,1,94.25,1973.75,1,79,0,0,4819,46171,True,False,False,False,False,True,False
0,1,48,0,0,1,0,1,0,0,1,0,45.0,2196.3,0,43,1,3,5269,56101,False,False,True,False,True,False,False
0,1,68,1,1,1,1,1,1,1,1,0,114.9,7843.55,0,46,1,0,5782,236,True,False,False,True,False,False,False
0,0,30,1,1,1,0,0,1,1,1,0,106.4,3211.9,0,22,0,0,5503,44741,True,False,False,False,False,False,False
0,1,3,1,0,0,0,0,0,0,0,1,46.1,130.15,0,61,1,0,4047,22760,False,False,False,False,False,False,True
1,0,14,0,0,1,0,1,1,0,0,0,39.7,692.35,0,75,0,0,3162,1935,False,False,False,True,False,False,True
0,0,4,1,0,0,0,0,0,0,0,1,20.05,85.5,0,57,0,2,4462,2515,False,True,False,False,False,False,False
0,1,71,1,1,0,1,1,0,0,1,1,95.75,6849.4,0,58,1,2,4865,8870,True,False,False,True,True,False,False
0,1,8,1,1,0,0,0,0,0,0,0,24.4,203.95,0,43,1,0,2028,88,False,True,True,False,False,False,True
0,1,61,0,0,1,0,1,0,0,0,0,33.6,2117.2,0,24,1,1,6495,36718,False,False,False,False,False,False,False
0,1,72,1,1,0,1,1,1,0,0,0,90.45,6565.85,0,31,1,3,4461,30395,True,False,False,True,False,False,False
0,0,5,1,1,0,0,0,0,1,0,1,84.0,424.75,0,29,0,0,4456,12963,True,False,False,False,False,True,False
0,0,49,1,0,1,1,1,1,0,0,0,67.4,3306.85,0,37,0,0,5075,44588,False,False,False,True,False,False,False
0,0,8,1,0,0,0,0,0,0,0,1,19.7,168.9,0,28,0,0,5498,35643,False,True,False,False,False,False,False
0,0,3,1,0,0,0,0,0,0,1,1,80.35,253.8,0,60,0,0,4203,53481,True,False,False,False,False,True,False
0,1,9,1,0,0,0,0,0,0,0,0,19.6,197.4,0,53,1,3,4406,59195,False,True,False,True,False,False,True
0,1,67,1,0,1,1,0,0,0,0,1,54.2,3838.2,0,42,1,2,6005,44915,False,False,False,True,False,False,False
0,0,46,1,0,0,0,0,0,0,0,1,45.2,2065.15,0,36,0,0,3150,58632,False,False,False,False,True,False,False
0,1,67,1,1,1,1,1,0,0,1,0,75.1,5064.45,0,23,1,0,4931,20440,False,False,True,False,False,False,True
0,1,55,1,0,0,0,0,0,0,0,0,19.7,1140.05,0,54,1,0,4888,40836,False,True,True,False,False,True,False
0,1,33,1,1,1,1,1,0,1,0,1,72.75,2447.45,0,54,1,0,4959,25126,False,False,False,False,False,False,False
0,1,62,1,0,0,0,0,0,0,0,0,20.05,1263.9,0,64,1,1,6444,27047,False,True,False,True,True,False,False
0,0,1,1,0,0,0,0,0,0,0,0,45.95,45.95,1,49,0,1,4563,14859,False,False,False,False,False,False,True
0,1,49,0,0,1,0,0,0,0,1,1,39.2,1838.15,0,24,1,2,4810,31982,False,False,False,False,False,True,False
0,0,1,1,0,0,0,0,0,0,0,1,44.75,44.75,0,37,0,0,5479,24499,False,False,False,False,False,True,False
0,1,14,1,1,0,1,1,0,0,0,1,82.65,1185.0,0,37,1,0,4965,29539,True,False,False,False,False,True,False
1,0,18,1,1,0,0,1,1,1,0,0,93.9,1743.9,0,75,0,0,3728,812,True,False,False,False,False,False,False
1,0,1,1,0,0,0,0,0,0,0,1,70.15,70.15,1,80,0,0,2825,1363,True,False,False,False,False,True,False
0,0,1,1,0,0,0,1,0,1,0,1,85.55,85.55,1,45,0,0,3967,4644,True,False,False,False,True,False,False
0,1,72,1,1,1,1,1,1,1,1,1,117.15,8529.5,0,43,1,0,4743,6526,True,False,False,True,True,False,False
0,0,64,1,1,1,0,1,1,0,1,0,99.25,6549.45,0,38,0,0,5213,210,True,False,False,True,True,False,False
0,1,69,1,1,1,1,1,1,1,1,1,112.55,7806.5,0,29,1,0,5532,3220,True,False,False,True,False,False,False
0,0,1,1,1,0,0,0,0,0,0,1,25.7,25.7,0,30,0,0,5249,1203,False,True,False,False,False,True,False
0,1,71,1,1,1,1,1,1,1,1,0,90.3,6287.3,0,48,1,3,6291,13106,False,False,False,True,True,False,False
0,1,66,1,0,0,0,0,1,0,0,1,49.4,3251.85,0,34,1,2,5232,5726,False,False,True,False,True,False,False
0,0,2,1,0,0,0,0,0,0,0,0,19.4,50.6,0,32,0,0,3954,51737,False,True,False,False,False,False,True
1,1,71,1,0,1,1,1,1,1,1,1,109.7,7904.25,0,67,1,0,5011,6165,True,False,False,True,False,False,False
0,0,11,1,0,0,1,0,0,1,0,1,61.25,729.95,0,29,0,0,2738,1328,False,False,True,False,False,True,False
0,0,47,1,0,1,1,0,0,0,0,1,55.3,2654.05,0,52,0,2,5491,1317,False,False,False,False,False,True,False
0,1,35,1,0,0,0,0,0,0,0,1,70.3,2416.55,1,61,1,0,5413,10909,True,False,False,False,False,True,False
1,1,32,1,1,0,1,1,0,1,1,0,106.35,3520.75,1,77,1,0,4113,15405,True,False,False,False,False,False,False
0,1,60,1,1,0,1,0,1,1,1,1,103.75,5969.95,0,57,1,1,6237,7435,True,False,False,False,False,False,False
0,0,11,1,0,0,0,0,0,0,0,0,19.5,226.8,0,22,0,0,5825,35586,False,True,True,False,False,False,True
0,0,29,0,0,1,1,0,1,0,0,0,39.5,1082.75,0,47,0,0,5103,8564,False,False,True,False,True,False,False
0,1,21,0,0,0,0,0,0,0,0,1,26.05,565.75,0,23,1,9,4302,670,False,False,False,False,False,True,False
1,1,48,1,1,0,0,1,0,0,1,1,91.05,4370.75,0,65,1,0,3594,2666,True,False,False,False,True,False,False
0,0,3,0,0,0,1,0,0,0,0,0,29.65,90.05,0,44,0,3,5880,471,False,False,False,False,False,False,True
0,1,43,1,0,0,1,0,0,0,0,0,50.2,2169.4,0,41,1,2,5284,2687,False,False,False,False,False,False,True
0,0,5,1,1,0,1,1,0,1,1,0,105.3,550.6,0,34,0,0,4024,30540,True,False,False,False,False,True,False
0,0,1,1,0,0,0,0,0,0,1,1,55.45,55.45,0,63,0,0,5286,37364,False,False,False,False,False,True,False
0,1,71,1,1,1,0,1,1,1,1,0,85.45,6300.85,0,57,1,3,5280,43684,False,False,True,False,False,True,False
0,1,8,1,0,0,0,0,0,0,0,0,19.8,160.05,0,20,1,0,5698,5710,False,True,True,False,False,True,False
0,0,8,1,1,0,0,0,0,1,0,1,59.25,436.6,0,38,0,0,3003,1255,False,False,False,False,False,True,False
0,0,20,1,1,0,0,1,0,1,0,1,90.7,1781.35,0,38,0,0,2927,7958,True,False,False,False,True,False,False
0,1,33,1,1,1,0,1,0,1,1,1,103.7,3467.0,1,22,1,0,4461,7918,True,False,True,False,False,False,True
0,0,71,1,1,0,1,0,0,0,0,1,79.05,5552.5,0,44,0,0,5466,4882,True,False,True,False,True,False,False
1,1,31,1,1,0,0,1,0,1,0,1,90.7,2835.5,0,67,1,0,2364,8316,True,False,True,False,False,True,False
1,1,38,1,1,1,1,0,0,0,1,0,95.0,3591.25,0,74,1,0,5148,7831,True,False,True,False,True,False,False
0,0,1,1,0,0,0,0,0,1,1,1,88.35,88.35,1,23,0,0,4254,340,True,False,False,False,False,True,False
0,1,2,0,0,0,1,0,0,0,0,1,30.25,63.75,0,31,1,2,4387,1826,False,False,False,False,False,False,True
0,1,12,0,0,0,0,1,0,1,1,1,49.85,617.15,0,24,1,0,2873,13309,False,False,False,False,False,False,False
0,0,9,1,0,1,0,1,1,0,1,0,93.0,870.25,0,46,0,1,2267,2241,True,False,False,False,False,False,False
1,0,11,1,0,0,1,0,1,0,0,1,54.55,601.25,0,72,0,1,4143,826,False,False,False,False,False,True,False
0,0,6,1,0,0,0,0,0,0,0,0,19.7,111.65,0,46,0,1,2276,1022,False,True,False,False,False,False,True
0,1,71,1,0,1,1,1,1,1,1,1,84.8,6046.1,0,50,1,0,5643,64,False,False,True,False,False,False,False
0,1,42,1,1,1,1,0,0,1,0,1,94.45,3923.8,0,21,1,3,5643,7685,True,False,True,False,True,False,False
0,1,8,1,0,0,0,1,0,1,1,1,94.2,777.3,1,22,1,0,2939,734,True,False,False,False,False,True,False
0,0,5,1,0,0,1,0,0,1,1,1,96.25,512.45,1,62,0,0,5056,46171,True,False,False,False,False,True,False
0,1,2,1,0,0,0,0,0,0,0,1,70.7,141.45,1,28,1,0,4559,47224,True,False,False,False,False,True,False
0,1,45,1,0,0,0,0,0,0,0,0,20.85,892.15,0,24,1,1,2844,618,False,True,False,True,False,False,True
0,1,28,0,0,0,1,1,1,1,1,1,60.0,1682.05,0,58,1,3,2797,71,False,False,True,False,True,False,False
0,1,43,1,1,0,1,0,0,0,0,0,80.45,3398.9,0,41,1,0,5357,1436,True,False,False,False,False,True,False
0,0,60,1,1,1,0,1,1,1,1,1,84.95,4984.85,0,28,0,1,4104,2771,False,False,False,True,False,True,False
0,1,42,0,0,0,1,0,1,0,0,0,33.55,1445.3,1,55,1,0,2044,35109,False,False,True,False,False,False,True
0,1,7,0,0,1,0,1,1,0,1,0,49.65,305.55,0,46,1,2,2750,57794,False,False,False,True,True,False,False
0,1,25,1,0,0,0,0,0,0,0,1,20.2,507.9,0,21,1,0,4129,49309,False,True,True,False,False,False,False
1,1,40,1,1,0,0,0,0,1,1,1,94.55,3640.45,1,65,1,0,5676,504,True,False,False,False,True,False,False
0,0,27,1,1,0,0,1,0,1,1,1,100.5,2673.45,0,23,0,0,5939,11198,True,False,True,False,False,False,False
0,0,10,0,0,0,1,0,1,0,0,0,35.75,389.8,0,53,0,0,2263,1220,False,False,False,False,False,True,False
1,0,27,1,1,0,1,1,0,0,0,1,86.45,2401.05,0,77,0,0,5990,42239,True,False,False,False,False,False,False
0,0,11,1,0,0,0,1,1,0,0,0,53.8,651.55,0,33,0,0,5899,8217,False,False,True,False,False,False,False
0,1,4,0,0,1,0,0,0,1,0,0,38.55,156.1,0,56,1,3,3824,318,False,False,False,False,True,False,False
0,0,68,0,0,0,0,1,0,0,1,1,39.9,2796.35,0,19,0,0,6270,67232,False,False,False,False,False,False,False
1,0,1,1,0,0,0,0,0,0,0,1,70.05,70.05,0,72,0,0,2469,34045,True,False,False,False,False,True,False
0,0,18,1,0,0,0,0,0,0,0,0,20.1,407.05,0,38,0,0,2910,25370,False,True,True,False,False,False,True
0,0,57,1,1,1,1,1,0,1,1,1,112.95,6465.0,1,38,0,0,4738,1613,True,False,False,True,False,False,False
0,0,26,1,0,0,0,0,0,0,0,1,20.3,511.25,0,57,0,0,5712,117,False,True,False,False,False,True,False
0,1,17,0,0,0,1,1,0,0,0,1,35.65,646.05,0,48,1,0,5977,46171,False,False,False,False,True,False,False
0,0,1,0,0,0,0,0,0,0,1,0,35.9,35.9,1,54,0,0,4747,14931,False,False,False,False,False,True,False
0,0,38,1,1,0,0,1,0,1,1,1,99.25,3777.15,1,30,0,0,5274,25805,True,False,False,False,False,False,False
1,1,59,1,0,1,1,1,0,0,0,1,82.95,4903.15,0,75,1,0,5295,46171,True,False,True,False,True,False,False
0,0,30,1,0,1,0,1,0,0,0,1,55.65,1653.85,0,35,0,0,5445,413,False,False,False,True,False,False,True
1,0,2,0,0,0,0,0,0,0,0,1,24.45,47.5,1,66,0,0,5573,6787,False,False,False,False,False,False,True
1,1,50,1,1,0,0,0,0,0,0,0,25.2,1306.3,0,79,1,0,4015,1968,False,True,True,False,False,True,False
0,0,9,0,0,1,0,1,1,0,1,0,50.8,463.6,0,61,0,0,5535,3464,False,False,True,False,False,False,True
0,1,3,1,0,0,0,0,0,0,0,0,19.65,60.65,0,44,1,3,4943,273,False,True,False,False,False,False,True
0,0,14,1,0,0,0,1,0,1,0,1,59.8,824.85,0,44,0,1,5962,613,False,False,False,False,True,False,False
1,0,31,1,0,1,0,0,0,0,0,1,73.55,2094.65,0,72,0,0,2057,273,True,False,False,False,True,False,False
0,0,7,1,0,1,1,1,0,0,0,0,61.4,438.9,0,38,0,0,2845,807,False,False,False,False,False,True,False
0,0,8,1,1,1,0,0,1,1,1,1,103.35,847.3,1,26,0,0,2363,1766,True,False,False,False,False,False,False
0,1,17,1,0,0,0,0,0,0,0,0,19.9,329.75,0,61,1,0,3526,5446,False,True,True,False,False,False,False
0,1,32,1,0,0,0,0,0,0,0,1,19.45,674.55,0,22,1,3,4363,19391,False,True,False,False,True,False,False
1,0,2,1,0,0,0,0,0,1,0,0,81.5,162.55,0,66,0,0,4267,46858,True,False,False,False,False,False,True
1,0,7,1,1,0,0,0,0,1,0,1,84.8,546.95,1,75,0,0,2015,33856,True,False,False,False,False,True,False
0,1,72,1,1,1,1,1,0,1,1,0,109.55,7887.25,0,27,1,3,5723,9395,True,False,False,True,True,False,False
1,0,31,1,1,0,1,0,0,1,1,1,99.95,3186.65,1,74,0,0,5362,5519,True,False,False,False,False,True,False
0,1,27,1,0,1,0,0,0,0,0,0,74.4,1972.35,0,56,1,2,4331,1965,True,False,False,False,False,False,True
0,0,18,1,1,0,1,0,0,1,0,1,90.0,1527.35,1,55,0,0,2708,24206,True,False,False,False,True,False,False
0,0,7,1,0,0,0,1,0,0,0,1,74.9,490.55,0,55,0,0,5335,9388,True,False,False,False,False,True,False
1,0,14,1,1,0,1,1,0,1,1,1,104.85,1531.4,1,80,0,0,2292,506,True,False,False,False,False,True,False
0,1,11,1,0,0,0,1,0,1,0,1,59.65,683.25,0,25,1,1,2136,9491,False,False,False,False,False,False,False
0,1,72,1,1,1,0,1,1,1,1,1,110.45,8058.85,0,62,1,1,4754,77,True,False,False,True,False,False,False
0,1,28,1,1,1,1,0,0,1,1,0,106.1,2847.4,1,58,1,0,3770,1852,True,False,True,False,False,True,False
1,0,15,1,1,0,0,0,0,0,0,1,74.2,1133.9,1,74,0,0,4553,5635,True,False,False,False,True,False,False
1,0,4,1,1,0,0,0,0,0,0,1,74.45,294.45,0,65,0,0,4093,1125,True,False,False,False,False,True,False
0,0,71,1,1,0,0,0,0,0,0,0,24.55,1719.15,0,30,0,0,4555,152,False,True,False,True,False,True,False
0,0,5,1,0,0,1,0,1,0,1,1,89.35,461.7,1,30,0,0,4584,93,True,False,False,False,False,True,False
0,1,47,1,1,0,0,0,0,0,0,0,24.55,1160.45,0,28,1,2,3629,14062,False,True,False,True,False,False,True
1,1,57,1,0,0,1,1,0,1,0,1,90.65,5199.8,0,66,1,0,5636,14088,True,False,True,False,False,True,False
1,1,50,1,1,1,0,1,0,1,1,1,105.05,5163.3,0,77,1,0,5324,52,True,False,False,True,True,False,False
0,0,8,1,0,0,0,0,0,0,0,1,20.45,162.3,0,23,0,0,5624,29124,False,True,False,False,True,False,False
0,1,48,1,0,0,0,0,0,0,0,0,19.55,883.35,0,20,1,2,5461,28434,False,True,False,True,False,False,True
0,0,70,1,0,0,0,0,0,0,0,0,19.7,1341.5,0,30,0,0,6072,49247,False,True,True,False,False,False,False
0,0,1,1,0,1,1,0,1,0,1,1,70.45,70.45,0,61,0,1,2706,48690,False,False,False,False,False,False,False
0,1,8,1,1,0,0,0,0,0,1,1,85.65,659.45,0,62,1,0,2512,571,True,False,False,False,False,False,False
0,0,1,1,1,0,0,0,0,0,0,1,77.15,77.15,1,32,0,0,2756,3376,True,False,False,False,False,True,False
0,0,1,0,0,0,0,0,0,0,1,1,35.25,35.25,1,53,0,0,2548,8521,False,False,False,False,False,False,False
0,1,60,1,0,0,0,0,0,0,0,0,20.55,1205.05,0,37,1,3,4020,173,False,True,False,True,False,False,True
0,1,49,1,1,0,0,0,1,1,1,1,97.95,4917.9,0,61,1,1,4301,8449,True,False,True,False,False,True,False
0,1,4,0,0,0,1,0,0,1,1,1,48.55,201.0,1,26,1,0,3955,9780,False,False,False,False,False,True,False
0,0,29,1,0,0,0,0,0,0,0,0,20.0,599.3,0,30,0,0,4128,12587,False,True,True,False,False,False,True
0,1,67,1,1,0,0,0,0,0,0,1,25.25,1733.15,0,55,1,0,5887,3258,False,True,False,True,True,False,False
0,1,53,1,1,0,1,0,0,1,1,1,98.4,5149.5,1,45,1,0,6481,1314,True,False,False,False,True,False,False
0,1,67,1,1,1,1,1,1,0,0,0,70.9,4677.1,0,38,1,0,4361,265,False,False,False,True,True,False,False
0,1,6,1,0,0,0,0,0,0,0,0,19.85,119.3,0,40,1,1,5060,972,False,True,False,False,False,False,True
0,0,47,1,1,0,1,1,0,1,1,1,106.35,4849.1,0,51,0,0,3723,25923,True,False,False,False,False,True,False
0,0,53,1,0,1,1,1,1,0,1,0,99.5,5424.25,0,46,0,0,4754,5729,True,False,False,True,False,False,True
0,1,69,1,0,1,1,1,1,1,1,1,84.7,5878.9,0,41,1,0,5345,28991,False,False,False,True,False,False,True
0,0,3,1,0,1,0,0,0,0,1,1,86.05,244.85,0,54,0,0,2500,4318,True,False,False,False,False,False,True
0,0,4,1,0,0,0,0,0,0,0,0,44.55,220.75,0,38,0,0,2124,26213,False,False,False,False,False,False,True
0,1,56,1,1,1,1,0,1,0,1,1,75.85,4261.2,0,33,1,1,5314,642,False,False,False,True,True,False,False
1,1,59,1,1,0,0,0,0,1,1,1,93.85,5574.75,1,70,1,0,5390,343,True,False,False,False,False,False,False
1,1,61,1,1,0,0,0,0,0,0,0,25.0,1501.75,0,68,1,0,6421,306,False,True,False,True,False,False,False
0,1,2,1,0,0,0,0,0,0,0,1,45.0,89.75,0,38,1,0,5225,2633,False,False,False,False,False,True,False
1,1,46,1,1,1,1,1,0,1,0,1,100.7,4541.2,1,76,1,0,5712,1130,True,False,False,False,False,True,False
0,1,12,1,0,0,0,0,0,0,0,0,20.5,255.5,0,57,1,1,2891,327,False,True,False,False,False,False,True
0,0,14,1,1,0,0,1,0,0,0,1,80.45,1072.0,1,44,0,0,4155,646,True,False,False,False,False,True,False
0,1,28,1,1,0,0,0,1,0,1,1,90.45,2509.25,0,44,1,1,5823,3146,True,False,True,False,False,True,False
0,0,24,1,0,1,1,0,1,0,0,0,60.45,1440.75,0,50,0,0,5095,13858,False,False,False,False,False,False,False
0,0,31,1,0,0,0,1,1,0,0,1,55.25,1715.65,1,60,0,0,2933,47999,False,False,False,False,False,True,False
0,1,68,1,1,1,1,1,1,0,1,1,78.45,5333.35,0,57,1,3,5071,31180,False,False,True,False,False,True,False
0,0,39,1,1,0,0,0,1,1,1,0,100.55,3895.35,0,21,0,1,3124,26580,True,False,False,True,False,False,True
0,1,42,1,0,0,0,0,0,0,0,0,20.35,869.9,0,37,1,0,2127,35451,False,True,False,False,True,False,False
0,1,13,0,0,1,0,0,1,1,1,1,54.45,706.85,1,28,1,0,5212,35790,False,False,False,False,False,True,False
0,1,6,1,1,0,1,0,0,0,1,1,90.75,512.25,0,56,1,0,4297,29337,True,False,False,False,False,True,False
0,0,35,1,1,0,0,0,0,0,0,0,75.35,2636.05,1,53,0,0,2785,33878,True,False,False,False,True,False,False
0,1,38,1,0,0,0,0,0,0,0,1,20.25,814.75,0,47,1,0,4411,45087,False,True,True,False,True,False,False
0,0,18,1,0,0,0,0,0,0,0,0,20.05,388.6,0,64,0,0,2782,6848,False,True,False,True,True,False,False
0,1,4,1,0,0,0,0,0,0,0,0,19.6,93.45,0,34,1,0,4580,60889,False,True,False,False,False,False,True
0,1,27,1,0,0,1,0,1,0,0,1,53.8,1389.85,0,32,1,0,2563,21010,False,False,False,False,False,True,False
0,0,41,1,0,1,1,1,0,1,0,0,70.2,2894.55,0,44,0,1,5365,39148,False,False,True,False,False,False,True
0,1,50,1,0,1,0,0,1,1,1,0,75.5,4025.6,0,29,1,1,5141,54701,False,False,True,False,False,True,False
0,1,72,1,0,0,0,0,0,0,0,0,20.35,1354.4,0,24,1,1,4949,16346,False,True,False,True,False,True,False
0,0,70,1,1,0,0,0,0,0,0,0,26.05,1856.4,0,35,0,0,4467,35739,False,True,True,False,True,False,False
0,1,44,1,0,0,0,0,0,0,0,0,20.6,926.0,0,37,1,2,2471,58548,False,True,True,False,False,False,False
0,0,2,1,0,1,0,0,0,0,0,1,75.7,189.2,1,55,0,0,4676,53946,True,False,False,False,False,True,False
0,1,34,1,0,0,0,0,0,0,0,1,20.1,682.1,0,43,1,1,2272,22292,False,True,True,False,False,False,False
1,1,72,1,1,0,0,0,0,0,0,0,24.3,1778.7,0,65,1,0,4397,13027,False,True,False,True,False,False,False
0,1,71,1,1,0,0,0,0,0,0,1,24.5,1816.2,0,20,1,0,4058,48690,False,True,False,True,False,True,False
0,0,64,1,1,0,1,1,1,1,1,1,110.5,7069.25,0,42,0,0,5718,2966,True,False,False,True,True,False,False
0,1,72,1,1,0,0,0,0,0,0,1,25.25,1841.2,0,45,1,0,4551,13121,False,True,False,True,False,False,False
0,0,1,1,1,0,0,0,0,0,0,1,74.25,74.25,1,28,0,0,4750,6691,True,False,False,False,False,False,True
1,1,29,1,0,1,0,1,0,0,1,0,90.1,2656.7,0,73,1,0,3553,1140,True,False,True,False,False,False,False
0,1,23,1,0,1,0,1,1,0,1,1,68.75,1689.45,0,38,1,0,3519,9023,False,False,True,False,False,False,False
0,1,52,1,0,0,0,0,0,0,0,0,19.2,1054.75,0,19,1,3,4203,14204,False,True,False,True,False,False,True
1,0,25,1,1,0,1,0,0,0,1,1,89.7,2187.55,1,72,0,0,4078,254,True,False,False,False,False,True,False
0,0,64,1,1,1,1,1,1,1,1,1,115.1,7334.05,0,51,0,0,5213,14477,True,False,False,True,False,False,False
1,0,16,1,1,0,0,0,0,1,1,1,96.4,1581.2,1,66,0,0,2688,538,True,False,False,False,False,True,False
1,0,1,1,0,0,0,0,0,0,0,1,69.5,69.5,1,75,0,0,3273,21759,True,False,False,False,False,False,False
0,0,24,1,1,0,1,0,0,1,1,1,99.65,2404.85,0,39,0,0,5207,32857,True,False,False,False,False,False,False
0,1,2,1,1,0,0,1,0,1,0,1,91.45,171.45,0,39,1,0,4889,15449,True,False,False,False,False,True,False
0,1,34,1,0,1,1,1,1,1,1,0,84.75,2839.45,0,41,1,2,2020,4602,False,False,False,True,False,False,True
1,1,36,1,1,0,0,0,0,0,1,1,85.25,3132.75,1,65,1,0,3041,521,True,False,False,False,True,False,False
0,1,53,1,1,0,0,1,1,1,1,1,78.75,3942.45,0,43,1,3,5052,38244,False,False,True,False,False,False,True
0,1,47,1,0,0,0,0,0,0,0,0,20.25,873.4,0,64,1,1,2070,13003,False,True,False,True,True,False,False
0,0,72,1,0,0,0,0,0,0,0,0,19.9,1529.65,0,22,0,1,5730,407,False,True,False,True,True,False,False
0,1,72,1,1,1,1,0,1,0,1,1,97.75,6991.6,0,25,1,3,4054,25566,True,False,False,True,True,False,False
0,0,1,1,0,0,0,0,0,0,0,0,19.4,19.4,1,52,0,0,4152,3635,False,True,False,False,False,False,True
0,0,9,1,1,0,0,0,0,0,1,1,83.3,803.3,1,46,0,0,3520,40346,True,False,False,False,False,True,False
0,0,8,1,0,0,0,0,0,1,0,1,80.1,679.3,1,34,0,0,5071,47453,True,False,False,False,False,False,False
1,0,45,1,0,1,0,1,0,0,1,0,62.7,2791.5,1,79,0,0,2654,63337,False,False,True,False,True,False,False
0,0,7,1,0,0,0,1,1,1,1,1,100.4,715.0,0,45,0,0,5041,17929,True,False,False,False,False,True,False
0,1,71,1,1,0,0,0,0,0,0,1,24.45,1681.6,0,59,1,0,4742,1622,False,True,False,True,True,False,False
1,0,41,1,0,0,0,1,1,1,1,1,101.1,4016.2,0,69,0,0,2227,148,True,False,True,False,False,False,False
0,1,67,0,0,1,0,0,0,1,1,0,50.9,3281.65,0,39,1,2,5281,18486,False,False,False,True,True,False,False
0,1,69,1,1,1,1,1,1,0,1,1,107.2,7317.1,0,51,1,0,5935,21496,True,False,True,False,True,False,False
1,1,70,1,1,1,1,1,1,1,1,1,92.2,6474.45,0,67,1,0,5264,39062,False,False,False,True,False,False,False
0,0,25,1,1,0,0,0,0,0,0,0,25.3,676.35,1,62,0,0,3779,6876,False,True,True,False,False,False,False
0,0,72,1,1,1,1,1,1,1,1,0,113.4,8164.1,0,33,0,0,6347,6601,True,False,False,True,False,False,False
0,1,34,0,0,0,0,0,1,1,0,1,40.55,1325.85,0,31,1,1,3897,20350,False,False,False,True,False,True,False
0,1,65,1,1,0,0,0,0,0,0,0,26.0,1654.85,0,48,1,1,5352,2346,False,True,False,True,True,False,False
0,0,70,1,1,1,1,1,1,1,1,1,111.95,7795.95,0,60,0,0,4182,3064,True,False,False,True,True,False,False
0,1,72,0,0,1,0,1,0,1,1,1,53.8,3952.45,0,61,1,1,4954,32143,False,False,False,True,True,False,False
0,0,35,1,0,0,0,0,1,1,1,1,72.1,2495.15,0,23,0,2,5510,13483,False,False,True,False,False,False,True
0,0,13,1,1,1,0,0,0,1,1,0,98.15,1230.25,1,46,0,0,5525,27822,True,False,False,False,False,False,True
0,1,12,1,1,1,0,1,0,1,1,0,78.85,876.75,0,46,1,0,2495,38885,False,False,True,False,False,True,False
0,1,62,1,0,1,0,1,1,1,0,1,70.75,4263.45,0,58,1,2,4133,2055,False,False,True,False,False,False,False
0,0,25,1,0,1,0,0,1,1,1,1,76.15,1992.95,0,26,0,0,3955,35737,False,False,False,False,True,False,False
0,0,52,0,0,1,1,0,1,0,0,0,39.1,1982.1,0,63,0,0,4247,25569,False,False,False,True,False,False,True
1,0,8,1,0,0,0,0,0,0,0,1,69.95,562.7,0,67,0,0,2939,32368,True,False,False,False,True,False,False
0,0,2,1,0,0,0,0,0,0,0,0,20.05,33.7,0,33,0,0,4978,10658,False,True,False,False,False,False,True
0,1,56,1,0,0,0,0,0,0,0,0,20.05,1090.1,0,58,1,3,5172,39566,False,True,False,True,False,False,True
0,0,12,1,0,0,0,0,0,0,0,0,19.45,227.45,0,27,0,0,4862,28098,False,True,False,False,False,False,False
0,1,47,1,1,0,0,0,0,0,0,0,26.9,1250.85,0,20,1,0,2382,291,False,True,True,False,False,True,False
1,0,2,1,0,0,0,0,0,0,0,0,19.2,37.2,0,80,0,0,4577,60599,False,True,False,False,False,True,False
0,0,18,1,0,0,0,1,0,0,0,1,50.0,892.7,0,30,0,0,4952,64010,False,False,False,False,False,False,True
0,0,8,1,0,1,0,0,0,1,0,1,60.0,487.75,0,43,0,0,5862,50070,False,False,False,False,False,True,False
0,1,45,1,1,1,0,1,0,0,0,1,84.55,3713.95,0,49,1,0,3289,16985,True,False,False,False,False,False,True
0,0,3,1,0,0,0,0,0,0,0,0,45.45,141.7,0,35,0,0,3666,28998,False,False,False,False,False,False,True
0,0,38,1,0,0,0,0,0,0,0,0,20.05,678.2,0,22,0,0,4539,23036,False,True,True,False,False,False,True
0,1,72,1,1,1,1,1,1,1,1,1,115.55,8425.3,0,46,1,0,5890,384,True,False,False,True,False,True,False
0,0,46,1,1,1,1,0,0,0,1,1,93.7,4154.8,1,48,0,0,3378,2066,True,False,False,False,False,True,False
0,1,71,1,1,1,1,1,0,1,0,1,99.0,7061.65,0,43,1,2,4305,17372,True,False,False,True,True,False,False
0,1,66,0,0,0,0,0,1,1,1,0,50.55,3364.55,0,33,1,4,4652,13723,False,False,False,True,False,False,False
1,0,25,1,1,0,1,1,0,1,1,0,105.95,2655.25,1,73,0,0,4283,56330,True,False,False,False,False,False,True
0,0,18,1,1,0,0,1,1,1,1,1,82.0,1425.45,1,36,0,0,3306,74641,False,False,True,False,True,False,False
0,1,13,1,1,0,0,0,0,0,0,1,25.0,332.5,0,44,1,3,4734,3337,False,True,False,True,False,False,False
0,1,65,1,1,1,1,1,1,1,1,0,91.55,5963.95,0,52,1,3,4921,73117,False,False,False,True,False,False,False
0,1,60,1,1,0,1,1,0,1,0,1,95.75,5742.9,1,59,1,0,4129,30587,True,False,False,False,False,True,False
0,1,15,1,0,0,0,0,0,0,0,0,19.35,278.85,0,19,1,3,2742,33122,False,True,False,True,False,False,True
0,1,72,1,1,0,0,0,0,0,0,0,24.85,1871.85,0,21,1,0,4067,42959,False,True,False,True,True,False,False
0,1,30,1,1,0,0,0,0,1,1,1,94.05,2866.45,1,33,1,0,4095,38756,True,False,False,False,True,False,False
0,1,42,1,0,0,0,1,1,1,1,1,100.4,4303.65,0,42,1,3,3265,38955,True,False,False,True,False,True,False
0,1,71,1,1,0,0,0,0,0,0,0,25.0,1753.0,0,61,1,0,4066,42476,False,True,False,True,False,False,False
0,0,1,1,0,0,0,0,0,0,1,1,54.75,54.75,1,44,0,0,2614,55504,False,False,False,False,False,False,True
1,0,39,1,1,0,0,0,0,1,1,1,95.65,3759.05,1,79,0,0,4892,22920,True,False,False,False,False,False,False
0,0,35,1,0,0,0,0,0,0,0,0,19.25,617.65,0,31,0,0,4988,33177,False,True,False,False,False,False,False
0,1,53,1,0,0,1,1,1,1,1,1,108.25,5935.1,0,38,1,2,5989,20643,True,False,False,False,False,False,False
0,0,1,1,1,0,0,0,0,1,1,1,94.6,94.6,1,56,0,0,4033,2240,True,False,False,False,False,True,False
1,1,31,1,0,0,0,1,1,1,1,1,98.9,2911.3,1,70,1,0,4050,1458,True,False,False,False,False,True,False
0,0,48,1,0,0,0,0,0,0,0,0,20.15,982.95,0,41,0,0,4399,27906,False,True,False,True,True,False,False
1,0,30,1,1,0,0,0,1,1,1,1,101.3,2974.5,0,80,0,1,2440,26297,True,False,False,False,False,True,False
0,0,10,1,0,0,0,0,0,0,0,0,20.0,198.7,0,56,0,0,2411,26831,False,True,False,False,True,False,False
0,0,12,1,1,0,1,1,0,1,1,1,105.3,1275.65,0,62,0,2,5913,40137,True,False,False,False,False,True,False
1,0,57,1,0,1,0,1,1,1,0,0,69.85,4003.0,0,67,0,0,4759,16198,False,False,False,True,False,False,False
0,1,58,1,0,1,1,0,0,1,0,1,65.25,3791.6,0,47,1,0,5912,45499,False,False,False,False,True,False,False
0,0,37,1,0,0,0,0,0,0,0,0,19.8,813.3,0,49,0,0,5336,1723,False,True,False,True,False,False,True
0,1,44,1,0,0,0,0,0,0,0,0,19.6,780.25,0,21,1,2,5584,13386,False,True,False,False,False,False,True
0,0,27,1,0,0,0,0,0,0,0,0,20.05,552.9,0,26,0,3,2400,24492,False,True,True,False,True,False,False
0,0,8,1,0,0,0,0,1,0,0,0,49.4,408.25,0,52,0,0,2907,32488,False,False,False,False,False,True,False
1,0,3,1,1,0,0,0,0,0,0,1,76.05,231.8,1,71,0,0,2930,23393,True,False,False,False,False,True,False
1,1,25,1,0,0,1,1,0,0,1,0,88.4,2191.15,0,72,1,0,4849,37926,True,False,False,False,False,False,False
0,1,57,1,1,0,1,0,0,1,1,1,100.6,5611.7,0,37,1,3,6351,31882,True,False,False,False,False,True,False
0,0,12,1,0,0,0,0,0,0,0,0,19.45,246.25,0,38,0,0,4788,58555,False,True,False,False,False,False,True
0,1,62,1,0,0,0,0,0,0,0,0,20.3,1296.15,0,57,1,2,4574,13996,False,True,False,True,False,False,False
0,1,65,1,1,0,1,1,1,1,1,1,107.65,7082.85,0,25,1,0,4193,19777,True,False,False,True,False,False,False
0,1,71,1,1,0,0,1,1,1,1,1,80.45,5662.25,0,30,1,0,4518,15187,False,False,False,True,False,False,False
0,1,21,1,0,0,1,0,0,1,0,1,58.85,1215.45,0,63,1,3,2845,3641,False,False,True,False,True,False,False
0,1,71,1,1,1,1,1,0,1,1,1,109.6,7854.15,0,53,1,0,4564,90891,True,False,True,False,False,True,False
0,0,7,1,0,0,0,1,0,0,0,1,75.15,525.0,0,56,0,0,4216,25578,True,False,False,False,False,True,False
0,0,72,1,0,1,1,1,1,0,1,1,73.0,5265.2,0,23,0,0,5127,2379,False,False,False,True,True,False,False
0,0,1,1,0,0,0,0,0,0,0,0,70.1,70.1,0,53,0,0,2475,138,True,False,False,False,False,True,False
0,1,72,1,1,0,1,1,1,0,1,1,98.65,7129.45,0,61,1,2,4616,26577,True,False,False,True,False,False,False
0,1,64,1,1,0,1,1,1,1,1,1,111.45,7266.95,0,48,1,3,5129,10153,True,False,True,False,False,True,False
0,0,72,1,1,1,1,1,1,1,1,1,114.9,8496.7,0,56,0,0,4589,7384,True,False,False,True,False,True,False
0,0,29,1,1,0,0,1,0,1,1,0,100.55,2878.75,0,33,0,0,4847,14239,True,False,False,False,False,False,False
0,0,13,1,0,0,0,0,0,0,0,1,20.4,261.3,0,23,0,0,4883,27394,False,True,False,True,False,False,True
0,0,31,1,1,1,1,0,0,1,1,0,104.35,3205.6,0,23,0,0,5320,18650,True,False,False,False,False,True,False
1,0,1,1,0,0,0,0,0,0,0,1,69.75,69.75,1,69,0,0,5057,36186,True,False,False,False,False,True,False
0,1,7,0,0,1,0,0,1,0,0,1,34.5,279.25,1,61,1,6,3520,39888,False,False,False,False,False,True,False
0,1,61,1,1,0,1,1,0,1,1,1,105.55,6281.45,1,44,1,0,5011,32685,True,False,False,False,False,True,False
0,0,39,0,0,0,0,1,0,0,0,0,30.1,1131.3,1,56,0,2,3106,3193,False,False,False,False,True,False,False
0,1,10,1,0,0,0,0,0,0,0,1,70.3,738.2,1,36,1,0,2162,32873,True,False,False,False,False,True,False
0,1,14,1,1,0,1,0,1,1,1,0,80.45,1137.05,0,43,1,3,5772,23141,False,False,False,False,True,False,False
0,0,1,1,1,0,1,0,0,0,0,1,80.2,80.2,1,25,0,0,3056,77683,True,False,False,False,False,False,True
0,1,67,1,1,1,0,0,1,0,1,1,94.35,6341.45,1,41,1,0,4348,9978,True,False,True,False,True,False,False
0,0,72,1,1,1,1,1,1,1,1,1,91.35,6697.2,0,47,0,0,5378,66543,False,False,False,True,False,False,False
0,1,6,1,0,0,0,0,0,0,0,1,44.6,260.8,1,61,1,1,4525,56126,False,False,False,False,False,False,False
0,0,1,1,0,0,0,0,0,0,0,1,19.6,19.6,1,24,0,0,4205,46917,False,True,False,False,False,False,True
0,1,25,1,0,0,0,0,0,0,0,0,19.9,505.45,0,47,1,1,4134,60274,False,True,True,False,False,True,False
1,0,33,1,1,0,1,1,1,1,1,1,110.45,3655.45,1,70,0,0,3401,11147,True,False,False,False,False,True,False
0,0,18,1,0,1,0,1,1,1,0,1,68.35,1299.8,0,22,0,0,5993,72993,False,False,False,False,False,True,False
0,1,71,1,0,0,1,1,1,1,1,1,79.1,5564.85,0,21,1,0,5872,27311,False,False,False,True,True,False,False
1,1,28,1,1,0,0,0,0,0,0,1,51.0,1381.8,0,73,1,2,5195,41698,False,False,True,False,False,True,False
0,0,2,1,1,1,0,0,0,0,0,0,80.55,188.1,0,56,0,1,5346,22479,True,False,False,False,True,False,False
0,1,17,1,1,0,1,1,1,0,0,1,66.7,1077.05,0,48,1,3,2814,23996,False,False,False,False,False,False,True
0,0,56,1,1,1,1,0,0,0,0,1,86.4,4922.4,0,32,0,0,4449,75929,True,False,False,False,False,True,False
0,1,60,0,0,1,1,1,0,0,1,0,50.05,2911.5,0,31,1,0,5493,13212,False,False,True,False,False,True,False
0,0,33,1,1,0,0,0,0,0,0,0,25.7,826.1,0,60,0,0,3378,46677,False,True,False,True,True,False,False
0,0,1,1,0,1,1,0,1,0,0,1,83.4,83.4,0,49,0,0,5960,33883,True,False,False,False,False,False,True
0,0,2,1,0,0,0,0,0,0,0,0,70.7,140.7,1,21,0,0,5317,16510,True,False,False,False,True,False,False
0,1,63,1,1,1,0,0,1,0,0,1,84.65,5377.8,0,52,1,0,4604,63947,True,False,False,True,True,False,False
1,1,7,1,1,0,0,1,0,1,1,1,99.25,665.45,1,71,1,0,2487,26894,True,False,False,False,False,True,False
0,0,55,1,0,0,1,1,0,0,1,1,64.75,3617.1,0,63,0,0,4634,42491,False,False,False,True,False,False,True
0,1,65,1,1,1,1,0,1,1,0,1,100.15,6643.5,0,35,1,0,4915,27607,True,False,True,False,False,False,False
0,1,1,1,0,0,0,0,1,1,0,1,84.8,84.8,1,21,1,0,2627,17964,True,False,False,False,False,True,False
0,0,63,1,1,0,0,0,0,0,0,0,25.25,1559.3,0,28,0,0,4530,16717,False,True,False,True,False,False,True
1,1,70,1,1,1,1,1,1,1,1,1,113.0,7987.6,0,74,1,0,4588,78816,True,False,False,True,True,False,False
0,1,36,0,0,1,0,1,1,0,0,0,40.65,1547.35,0,19,1,3,2564,36669,False,False,False,True,True,False,False
0,0,52,1,0,0,1,1,1,1,1,1,105.0,5426.85,1,21,0,0,4630,494,True,False,True,False,False,False,False
0,0,22,1,1,1,0,0,0,0,0,1,54.45,1127.35,1,62,0,0,2445,29636,False,False,False,False,False,True,False
0,0,22,1,0,0,1,1,1,0,1,1,94.95,2142.8,0,37,0,0,4242,173,True,False,False,False,False,False,False
1,0,5,1,0,1,1,0,1,0,0,0,59.9,287.85,0,79,0,0,3662,5246,False,False,False,False,True,False,False
0,1,47,1,0,0,0,1,0,0,1,1,85.3,4045.65,1,40,1,0,3631,8506,True,False,False,False,False,True,False
0,0,33,1,1,0,0,0,0,0,1,1,83.35,2757.85,1,51,0,0,5456,9423,True,False,False,False,False,True,False
0,0,18,0,0,0,1,1,0,0,0,1,33.5,600.0,1,59,0,0,5474,223,False,False,False,False,True,False,False
0,0,1,1,0,0,0,0,0,0,0,0,19.8,19.8,0,50,0,0,3129,41871,False,True,False,False,True,False,False
0,0,56,1,0,0,1,1,1,1,1,1,81.8,4534.45,0,55,0,0,4399,36568,False,False,False,True,True,False,False
0,0,2,1,0,0,0,0,0,0,0,1,20.0,40.9,0,40,0,0,2237,19815,False,True,False,False,False,False,True
0,0,35,1,1,1,0,1,0,0,0,1,59.6,2094.9,0,48,0,0,2187,26240,False,False,False,False,False,True,False
0,1,64,1,1,0,0,0,0,0,0,0,25.0,1584.8,0,44,1,0,5538,44078,False,True,False,True,True,False,False
0,0,15,1,1,1,0,1,0,0,0,1,84.35,1302.65,0,44,0,0,3314,39279,True,False,False,False,True,False,False
0,0,24,1,0,0,0,0,0,1,1,1,90.35,2238.5,1,64,0,0,5546,790,True,False,False,False,False,True,False
0,0,1,1,0,0,0,0,0,0,1,0,55.55,55.55,0,23,0,0,2207,66472,False,False,False,False,False,False,True
0,1,70,1,0,1,0,0,1,1,1,0,75.35,5437.75,0,35,1,3,6477,28568,False,False,False,True,True,False,False
0,1,1,1,0,0,0,0,0,1,1,1,90.75,90.75,1,26,1,0,5460,42209,True,False,False,False,False,True,False
0,0,4,1,1,0,1,0,0,1,0,0,89.6,365.65,1,64,0,0,4689,37218,True,False,False,False,False,False,True
0,0,39,1,0,0,0,0,1,0,1,0,59.3,2209.15,0,62,0,0,5843,51665,False,False,True,False,False,True,False
0,0,29,1,1,1,0,0,0,0,1,1,66.1,1912.15,0,32,0,0,5590,159,False,False,False,False,False,True,False
0,1,14,1,0,0,0,0,0,0,0,0,18.8,255.55,0,38,1,3,5751,18024,False,True,False,True,False,False,True
0,0,61,1,1,1,0,1,1,1,1,0,86.45,5175.3,0,57,0,0,4471,40917,False,False,False,True,True,False,False
0,0,13,1,0,1,0,0,0,0,0,1,52.1,670.65,0,28,0,1,4929,26022,False,False,False,False,True,False,False
0,0,66,0,0,1,1,1,1,0,0,1,47.4,3177.25,0,64,0,0,6435,2873,False,False,False,True,False,False,True
0,0,2,0,0,0,0,1,0,1,1,1,49.25,90.35,1,21,0,0,5775,54876,False,False,False,False,False,True,False
0,1,59,1,1,1,1,1,0,1,1,1,109.15,6557.75,0,52,1,0,5186,28900,True,False,True,False,True,False,False
0,1,62,1,1,1,1,0,0,1,0,1,94.95,5791.85,0,19,1,3,4262,31392,True,False,True,False,True,False,False
1,1,33,1,0,1,1,0,1,0,1,1,93.55,3055.5,0,73,1,0,4414,42854,True,False,True,False,False,True,False
0,0,66,1,0,0,1,1,1,1,1,1,79.5,5196.1,0,48,0,2,4285,41876,False,False,False,True,True,False,False
0,0,72,1,1,1,1,1,1,1,1,0,115.05,8405.0,0,41,0,0,5905,21054,True,False,False,True,True,False,False
0,0,1,1,0,0,0,0,0,0,0,0,19.75,19.75,1,43,0,3,2611,24589,False,True,False,False,False,False,True
0,0,19,1,1,1,1,0,0,0,1,1,95.15,1789.25,1,64,0,0,5830,21097,True,False,False,False,False,True,False
0,1,51,1,1,1,0,0,1,1,0,1,95.15,5000.05,0,21,1,1,6492,29964,True,False,True,False,False,False,True
0,0,63,1,1,0,1,0,1,1,1,0,105.4,6713.2,0,25,0,0,4551,36517,True,False,False,False,False,True,False
0,0,27,1,0,0,0,0,0,0,0,0,20.1,562.6,0,31,0,0,3428,11702,False,True,True,False,False,False,False
0,0,22,1,1,1,0,0,0,1,1,1,101.35,2317.1,1,44,0,0,4694,15438,True,False,False,False,False,False,False
1,0,4,1,0,0,0,0,0,0,0,0,20.05,91.45,0,65,0,0,3460,24518,False,True,False,False,False,False,True
0,1,42,1,0,0,0,0,0,0,0,0,20.7,828.85,0,59,1,1,5320,30751,False,True,False,True,False,False,True
0,0,29,1,0,0,0,0,0,0,0,0,20.35,617.35,0,28,0,0,4840,15638,False,True,True,False,False,False,True
0,0,4,1,0,0,0,0,0,0,0,1,70.05,266.9,1,46,0,0,3600,19763,True,False,False,False,True,False,False
0,0,30,1,0,0,0,0,0,0,0,0,19.7,625.05,0,62,0,0,3302,21205,False,True,True,False,False,False,True
0,1,4,1,1,0,0,0,0,0,0,1,74.65,301.4,1,24,1,0,4013,12448,True,False,False,False,False,True,False
0,1,71,1,0,1,1,1,1,1,1,0,85.45,6029.9,0,35,1,3,5394,15882,False,False,False,True,False,False,False
0,1,46,0,0,1,0,1,1,0,0,0,40.4,1842.7,0,63,1,0,2519,11889,False,False,False,True,True,False,False
0,0,4,1,1,0,0,0,0,0,0,0,50.4,206.6,1,60,0,0,4399,10737,False,False,False,False,False,False,True
0,0,7,1,1,1,0,0,0,0,0,1,79.65,604.7,1,61,0,0,4513,10147,True,False,False,False,False,False,True
0,0,69,1,1,0,1,0,1,1,1,1,105.2,7386.05,0,48,0,0,6247,8157,True,False,True,False,False,False,False
0,1,72,1,1,1,1,1,0,1,0,0,100.65,7334.05,0,48,1,0,6380,28450,True,False,False,True,False,False,False
1,0,19,1,1,0,0,1,0,0,0,1,79.85,1471.75,1,67,0,0,3715,25399,True,False,False,False,False,True,False
0,0,28,1,0,0,0,1,1,0,1,0,91.0,2626.15,0,26,0,0,2448,39089,True,False,False,False,False,True,False
0,1,5,1,1,0,1,0,0,0,0,1,78.75,412.1,1,55,1,0,3401,13984,True,False,False,False,False,True,False
1,1,72,1,1,1,1,1,1,1,1,1,116.75,8277.05,0,79,1,0,5098,55720,True,False,False,True,True,False,False
1,1,8,1,0,0,0,0,0,1,0,1,80.45,583.45,1,67,1,0,3443,40239,True,False,False,False,True,False,False
0,0,7,1,0,1,0,0,0,0,1,1,59.1,369.25,0,32,0,0,4770,28403,False,False,True,False,False,True,False
0,0,22,1,0,1,0,0,0,0,0,1,49.8,1049.05,0,64,0,0,4667,12010,False,False,False,False,False,True,False
0,0,72,1,0,0,0,0,0,0,0,0,19.3,1414.8,0,57,0,0,4722,13065,False,True,False,True,False,False,False
0,1,8,1,0,0,0,0,0,0,0,0,19.65,169.75,0,58,1,3,4535,584,False,True,False,False,True,False,False
0,1,52,1,1,1,1,1,1,0,1,1,81.4,4354.45,0,64,1,0,4628,1785,False,False,True,False,True,False,False
0,0,68,0,0,1,0,1,1,0,0,0,38.9,2719.2,0,21,0,0,5278,1573,False,False,False,True,False,False,True
0,1,71,1,1,1,1,1,1,1,1,0,87.95,6365.35,0,46,1,0,4278,9038,False,False,False,True,False,False,False
0,0,2,1,0,0,0,0,0,0,0,0,19.85,51.6,0,27,0,0,3300,42544,False,True,False,False,False,False,True
1,0,34,1,1,0,1,0,1,1,0,1,96.35,3190.25,0,79,0,0,5425,330,True,False,False,False,False,True,False
0,0,35,0,0,0,0,0,0,0,0,0,24.15,812.5,0,54,0,0,5097,8486,False,False,False,False,False,True,False
0,1,61,1,0,0,0,0,0,0,0,0,19.1,1143.8,0,21,1,1,4376,7936,False,True,True,False,True,False,False
0,0,1,1,0,0,0,0,0,0,0,0,44.0,44.0,0,62,0,0,2785,1025,False,False,False,False,False,True,False
0,0,1,1,1,0,0,0,0,0,0,1,50.1,50.1,1,47,0,0,4778,1004,False,False,False,False,False,False,True
0,1,53,1,0,0,0,1,0,0,1,0,60.6,3297.0,0,29,1,5,4854,821,False,False,True,False,True,False,False
0,1,72,1,1,0,0,0,0,0,0,0,25.65,1887.0,0,37,1,0,5613,6773,False,True,False,True,False,False,False
0,1,2,1,0,0,0,1,0,0,0,0,76.4,151.8,1,19,1,0,4340,406,True,False,False,False,False,True,False
0,0,3,1,0,0,0,1,1,1,1,1,98.7,293.65,1,28,0,0,3916,28727,True,False,False,False,False,True,False
1,0,13,1,1,1,0,0,0,1,1,1,100.8,1308.1,1,69,0,0,3269,16429,True,False,False,False,False,True,False
1,1,41,0,0,0,1,1,0,1,1,1,53.95,2215.4,0,65,1,0,3920,607,False,False,False,False,False,True,False
0,1,24,1,0,0,0,0,0,0,0,0,20.4,482.8,0,44,1,0,3071,24741,False,True,True,False,True,False,False
0,1,28,1,0,0,0,0,0,1,1,1,90.1,2598.95,1,37,1,0,5958,13361,True,False,True,False,False,False,False
0,0,8,0,0,1,0,0,0,0,0,0,29.35,216.45,0,47,0,0,5369,248,False,False,False,False,False,False,True
0,0,1,1,0,0,0,0,0,0,0,1,20.45,20.45,0,28,0,0,2184,3777,False,True,False,False,False,False,True
0,0,54,1,1,0,0,1,1,0,1,1,95.1,5064.85,0,26,0,0,4825,31930,True,False,False,True,False,False,False
0,0,41,1,1,0,0,0,0,0,0,1,25.25,996.45,0,23,0,0,3461,35419,False,True,False,False,False,False,False
0,1,19,1,0,0,0,0,0,0,0,0,44.9,839.65,0,33,1,0,5842,1885,False,False,False,False,False,False,True
0,1,72,1,1,1,1,1,1,1,1,0,92.65,6733.0,0,35,1,1,6342,16849,False,False,False,True,False,False,False
0,0,62,0,0,1,1,1,1,0,0,1,43.7,2618.3,0,21,0,0,5254,548,False,False,False,True,False,False,False
1,1,56,1,0,1,0,0,1,1,1,1,72.6,4084.35,0,78,1,1,6357,6448,False,False,False,True,True,False,False
0,0,15,1,1,0,0,0,0,0,0,0,51.55,765.5,1,47,0,0,2087,11213,False,False,False,False,False,True,False
1,0,10,1,0,0,0,0,0,0,1,1,79.25,793.55,1,75,0,0,3856,781,True,False,False,False,False,True,False
0,1,32,1,0,0,0,0,0,0,0,0,18.95,613.95,0,39,1,1,4735,384,False,True,False,True,False,False,True
0,0,21,1,0,0,0,0,0,0,0,0,20.5,402.85,0,31,0,0,5654,66,False,True,False,False,True,False,False
0,1,62,1,0,0,0,0,0,0,0,0,19.95,1244.8,0,28,1,2,4803,1449,False,True,True,False,False,False,False
0,0,2,0,0,0,0,0,0,0,0,0,24.5,46.4,0,34,0,0,5786,2147,False,False,False,False,False,True,False
0,0,27,1,0,0,0,0,0,0,0,0,20.6,581.85,0,42,0,2,2924,24227,False,True,False,True,False,False,True
0,0,5,1,1,0,0,0,0,1,1,1,94.85,462.8,1,44,0,0,5701,3373,True,False,False,False,False,False,False
0,0,25,0,0,1,1,1,0,1,1,0,61.05,1540.2,0,31,0,0,3695,6407,False,False,True,False,False,True,False
0,0,2,1,1,0,0,0,0,0,1,1,85.7,169.8,1,39,0,0,2187,10520,True,False,False,False,False,True,False
0,0,49,1,1,0,1,0,1,1,1,1,106.65,5168.1,0,45,0,0,5154,1007,True,False,True,False,False,False,False
0,0,63,1,1,1,1,1,0,1,1,0,108.25,6780.1,0,46,0,0,5331,44976,True,False,False,False,True,False,False
0,0,4,1,0,0,0,0,0,0,0,0,20.4,94.5,0,51,0,3,4929,9673,False,True,False,False,True,False,False
0,1,1,1,0,0,0,0,0,1,0,1,55.3,55.3,0,27,1,0,2849,8582,False,False,False,False,False,False,True
0,0,11,1,0,0,0,0,0,0,0,0,20.25,208.0,0,46,0,0,4032,54431,False,True,False,False,False,False,True
1,0,52,1,1,0,0,0,0,0,0,1,72.95,3829.75,0,75,0,0,4368,857,True,False,False,False,False,False,False
1,1,60,1,1,0,1,0,0,0,1,0,89.45,5294.6,0,70,1,0,4340,8728,True,False,False,False,False,True,False
0,0,64,1,1,0,0,1,1,1,1,1,104.65,6889.8,0,47,0,0,6443,4753,True,False,True,False,True,False,False
0,1,43,1,0,1,0,1,0,1,1,0,75.2,3254.35,0,30,1,1,3976,49968,False,False,False,True,False,False,False
0,1,61,1,1,0,0,0,1,1,1,0,101.15,6383.9,0,35,1,0,5177,48690,True,False,True,False,False,False,False
0,0,1,1,0,0,0,0,0,0,0,0,44.4,44.4,1,58,0,0,3204,13290,False,False,False,False,False,False,True
1,0,5,1,0,0,0,0,0,1,1,1,89.5,477.7,1,67,0,0,2718,24443,True,False,False,False,False,True,False
0,0,66,1,1,1,1,1,1,0,0,0,68.75,4447.55,0,64,0,0,5454,10172,False,False,False,True,False,False,False
0,1,67,1,0,1,1,1,1,1,1,1,111.05,7321.05,0,51,1,0,6103,62848,True,False,False,True,False,True,False
0,1,42,1,0,0,0,1,1,1,1,1,99.0,4135.0,0,54,1,0,4545,41707,True,False,False,True,True,False,False
1,1,1,1,1,0,0,0,0,1,0,1,86.05,86.05,1,66,1,0,4843,899,True,False,False,False,False,True,False
0,1,31,1,0,0,0,0,0,0,0,0,21.0,697.7,0,60,1,3,5225,77,False,True,False,True,False,False,True
0,0,7,1,0,0,0,0,0,0,0,1,19.4,168.65,0,63,0,0,5873,813,False,True,False,False,False,False,True
0,0,4,0,0,0,0,0,0,1,1,1,44.55,174.3,1,44,0,0,5605,3402,False,False,False,False,False,True,False
0,1,34,1,1,0,0,1,0,1,1,0,77.2,2753.8,0,23,1,1,3997,5671,False,False,True,False,False,False,False
0,0,3,1,0,0,0,0,0,0,0,1,19.45,69.25,0,33,0,0,2787,36349,False,True,True,False,False,False,True
0,1,19,0,0,0,0,0,0,0,0,1,24.85,434.8,0,21,1,1,2958,52986,False,False,False,False,False,False,True
0,1,31,0,0,1,0,0,1,0,0,0,35.4,1077.5,1,41,1,3,2067,13031,False,False,False,False,False,False,False
0,0,1,1,1,0,0,0,0,1,1,0,95.65,95.65,1,45,0,0,3473,43192,True,False,False,False,False,False,True
0,0,3,0,0,1,0,1,1,0,0,0,41.35,107.25,0,32,0,0,5534,36631,False,False,False,False,False,False,True
0,1,46,1,0,0,0,0,0,0,0,0,19.6,851.2,0,59,1,0,5092,4563,False,True,False,False,False,True,False
0,0,1,1,0,0,0,0,0,0,0,0,20.95,20.95,1,19,0,0,4285,8365,False,True,False,False,False,False,True
0,1,69,1,1,1,0,1,0,0,0,0,84.45,5848.6,0,47,1,1,5629,14574,True,False,True,False,False,False,False
0,0,5,1,0,0,0,0,0,0,0,0,20.25,109.8,0,31,0,0,5064,30589,False,True,False,False,False,False,True
0,0,1,1,0,0,0,0,0,0,0,0,19.65,19.65,0,20,0,0,3625,9823,False,True,False,False,False,False,False
0,0,26,1,0,0,0,0,0,0,0,1,20.65,595.5,0,28,0,0,2194,81141,False,True,True,False,True,False,False
1,0,10,0,0,0,0,0,0,0,1,1,34.7,329.8,1,67,0,0,3244,18197,False,False,False,False,False,True,False
0,0,25,1,0,0,0,1,1,1,1,0,99.3,2513.5,0,21,0,0,3847,57748,True,False,False,True,False,False,False
0,1,64,1,0,1,1,0,0,0,0,0,81.05,5135.35,0,47,1,2,5168,52334,True,False,False,False,False,True,False
0,1,30,1,1,1,1,1,1,0,0,0,67.6,2000.2,0,31,1,1,4104,561,False,False,False,False,False,True,False
0,0,13,1,0,0,0,0,0,0,0,1,70.15,931.75,0,53,0,0,4599,51706,True,False,False,False,False,True,False
0,1,64,1,1,1,1,1,1,1,1,1,115.0,7396.15,0,37,1,0,5189,29914,True,False,True,False,False,True,False
0,0,46,1,1,0,0,1,1,0,0,1,84.8,3958.85,0,28,0,2,5756,31926,True,False,False,False,False,False,False
0,0,12,1,0,0,0,0,0,0,0,0,19.7,260.9,0,57,0,0,3423,10155,False,True,True,False,False,False,True
0,0,15,1,0,0,0,0,0,0,0,0,19.75,297.3,1,54,0,0,2428,37090,False,True,False,False,False,False,False
0,1,17,1,1,0,0,0,0,1,1,1,92.55,1515.1,1,42,1,0,5775,37127,True,False,False,False,False,True,False
0,1,13,1,0,1,0,1,0,0,1,1,63.15,816.8,0,40,1,3,5916,59841,False,False,False,False,False,False,True
0,1,67,1,1,1,1,0,1,1,0,0,74.0,4868.4,0,49,1,2,4188,59632,False,False,False,True,True,False,False
0,1,24,0,0,0,0,1,0,0,0,0,29.1,688.0,0,25,1,0,4636,45257,False,False,False,False,False,True,False
0,0,6,1,0,0,0,0,1,0,0,0,50.05,288.35,0,37,0,0,3929,46185,False,False,False,False,False,False,True
1,1,53,1,1,1,0,0,1,0,0,1,60.05,3229.65,1,71,1,0,5271,27023,False,False,True,False,False,True,False
1,1,16,1,0,0,1,0,0,0,0,1,74.3,1178.25,1,74,1,0,2076,60620,True,False,False,False,True,False,False
0,0,10,1,0,0,0,0,0,0,0,0,20.0,185.4,0,27,0,0,2706,32804,False,True,False,False,False,True,False
0,0,13,1,0,0,1,0,0,0,0,1,74.65,966.25,0,39,0,0,4172,37570,True,False,True,False,False,False,True
0,0,9,1,1,0,0,0,0,1,0,1,85.35,758.6,1,28,0,0,2752,13481,True,False,False,False,False,True,False
0,0,25,1,0,1,1,1,1,1,0,0,74.3,1863.8,1,48,0,0,5175,26389,False,False,True,False,False,False,True
1,0,7,0,0,0,1,0,1,0,1,1,44.4,265.8,0,75,0,0,3410,40568,False,False,False,False,False,True,False
0,1,38,1,1,1,0,1,1,1,1,1,85.4,3297.0,0,26,1,2,5292,26032,False,False,False,True,False,False,False
0,1,43,1,1,1,1,0,0,0,1,1,94.1,4107.3,0,33,1,0,4392,9657,True,False,False,False,False,True,False
0,0,4,1,0,0,0,1,1,1,1,1,98.1,396.3,1,34,0,0,2895,15798,True,False,False,False,False,False,False
0,0,25,1,1,0,1,1,1,1,1,0,108.9,2809.05,0,20,0,0,4398,36944,True,False,False,True,False,True,False
0,0,27,1,0,1,1,0,0,0,0,0,56.2,1567.55,0,19,0,2,5978,14792,False,False,True,False,False,False,True
0,1,72,1,1,0,0,0,0,0,0,0,26.1,1851.45,0,61,1,2,5475,7023,False,True,False,True,False,False,True
0,0,71,1,1,1,1,0,0,0,0,1,85.45,6028.95,0,19,0,1,4777,38,True,False,True,False,True,False,False
0,0,24,1,1,0,0,1,0,1,0,1,88.95,2072.75,0,63,0,0,5557,44103,True,False,False,False,True,False,False
0,0,50,1,1,1,1,0,1,1,1,1,109.65,5551.15,1,63,0,0,5855,7071,True,False,False,True,False,True,False
0,0,57,1,0,1,0,1,0,1,1,1,74.35,4317.35,0,30,0,0,5548,16357,False,False,False,True,False,False,False
0,0,15,1,0,0,1,0,0,0,0,0,48.85,736.8,0,34,0,0,5584,30476,False,False,False,False,False,True,False
0,0,4,1,1,1,0,0,0,0,0,1,80.1,336.15,0,27,0,0,2333,34138,True,False,False,False,False,True,False
0,0,28,1,0,1,1,0,0,0,0,0,56.05,1522.65,0,51,0,0,4468,49657,False,False,False,False,False,True,False
1,0,9,1,1,0,0,0,0,0,0,1,74.55,622.9,1,70,0,0,3145,49965,True,False,False,False,False,True,False
0,1,55,1,1,1,0,0,0,1,0,1,89.8,4959.6,0,37,1,0,5875,30814,True,False,False,False,False,False,False
0,0,3,1,1,0,0,1,0,1,1,1,100.95,329.95,1,32,0,0,5351,40611,True,False,False,False,False,True,False
0,0,10,1,0,0,0,1,0,1,1,1,94.9,1048.85,1,25,0,0,2832,6951,True,False,False,False,False,True,False
0,0,55,1,0,0,0,0,0,0,0,0,19.1,1001.5,0,53,0,2,4391,23789,False,True,True,False,False,False,False
0,1,20,1,0,0,0,0,0,0,0,0,20.35,442.6,0,58,1,3,2522,19109,False,True,False,False,False,False,True
0,1,62,1,1,0,1,0,1,1,1,1,106.05,6703.5,0,47,1,2,6361,6317,True,False,True,False,True,False,False
1,1,32,1,1,0,0,1,1,1,1,1,104.9,3351.55,1,76,1,0,3966,4264,True,False,False,False,False,True,False
0,0,43,1,0,0,0,0,0,0,0,1,19.65,779.25,0,44,0,0,3678,5159,False,True,False,True,False,False,False
0,1,9,0,0,0,0,0,0,0,0,0,24.1,259.8,1,53,1,0,3195,115,False,False,True,False,False,False,False
0,1,60,1,0,1,1,0,1,0,0,0,59.85,3483.45,0,49,1,0,4029,27,False,False,False,True,False,False,False
0,1,58,1,1,1,1,1,0,1,1,1,86.1,4890.5,0,38,1,0,5666,75,False,False,False,True,False,True,False
0,0,7,1,0,0,0,0,0,0,0,0,19.45,136.75,0,47,0,2,5084,722,False,True,True,False,False,False,True
0,1,2,1,0,1,0,0,0,1,1,0,97.1,184.15,0,40,1,1,5745,2633,True,False,False,False,False,True,False
1,0,37,0,0,0,1,1,0,0,0,0,36.65,1315.0,0,75,0,0,2494,596,False,False,False,False,False,True,False
1,1,65,1,1,0,0,1,1,1,1,1,103.9,6767.1,0,76,1,3,5669,5094,True,False,True,False,False,False,False
0,1,39,1,0,0,0,0,0,0,0,0,19.75,757.95,0,40,1,3,3944,21,False,True,False,True,False,False,True
0,1,66,1,1,0,1,0,1,1,1,1,104.05,6890.0,1,23,1,0,5504,335,True,False,True,False,False,True,False
0,0,68,1,1,0,0,0,0,0,0,0,24.55,1657.4,0,20,0,0,6042,3148,False,True,False,True,False,False,True
0,1,62,0,0,1,1,0,1,1,0,0,48.7,3008.55,0,32,1,2,5453,3205,False,False,False,True,False,False,False
0,0,3,1,0,0,0,1,1,1,0,1,88.35,262.05,1,33,0,0,5202,45755,True,False,False,False,False,False,True
0,1,72,1,1,1,1,1,0,1,1,1,109.55,8165.1,0,34,1,0,6452,22073,True,False,False,True,False,True,False
0,1,41,1,0,0,0,0,0,0,0,0,20.65,875.55,0,40,1,0,5062,2718,False,True,False,True,True,False,False
0,1,29,1,0,1,0,0,0,1,1,0,94.65,2649.15,1,43,1,0,5150,1692,True,False,False,False,True,False,False
0,0,4,1,0,1,1,0,0,0,0,0,55.2,220.65,0,64,0,0,4042,4353,False,False,False,False,False,True,False
0,0,53,1,1,0,0,0,0,0,0,0,24.05,1301.9,0,34,0,0,4865,3930,False,True,True,False,False,False,False
1,1,1,1,1,0,0,0,0,0,0,1,74.4,74.4,1,67,1,0,5429,460,True,False,False,False,False,True,False
0,1,41,1,1,1,1,1,1,0,1,0,79.9,3326.2,1,42,1,3,4734,460,False,False,False,False,True,False,False
0,1,39,1,0,0,0,0,0,0,0,1,20.45,790.0,0,39,1,0,2165,11266,False,True,False,True,False,False,False
0,1,63,1,0,0,0,0,0,0,0,0,19.25,1237.65,0,57,1,0,4538,304,False,True,False,True,False,False,True
0,0,15,1,1,0,0,0,0,0,0,1,26.35,378.6,0,48,0,0,2723,2198,False,True,False,False,False,True,False
0,1,13,1,0,0,0,0,0,0,0,0,43.8,592.65,0,34,1,0,4369,435,False,False,True,False,False,True,False
0,0,1,1,0,0,1,0,0,0,0,1,50.15,50.15,0,45,0,0,4014,4176,False,False,False,False,False,False,True
0,0,1,1,0,0,0,0,0,0,0,0,20.45,20.45,0,37,0,0,5925,27808,False,True,False,True,False,False,True
1,0,8,1,0,0,0,0,0,0,0,1,69.7,560.85,1,80,0,0,3068,809,True,False,False,False,False,True,False
0,0,60,1,0,1,1,1,0,0,0,0,61.4,3638.25,0,24,0,0,6209,167,False,False,False,True,False,True,False
1,1,12,1,1,0,1,1,0,1,0,1,98.1,1060.2,1,67,1,0,2709,986,True,False,False,False,False,True,False
0,1,40,1,1,0,1,0,1,1,0,0,70.75,2921.75,0,33,1,0,5507,32881,False,False,True,False,True,False,False
0,0,66,1,0,1,1,1,0,0,0,1,61.15,4017.45,0,25,0,0,5133,2144,False,False,False,True,False,False,False
0,1,42,1,0,0,0,0,0,0,0,0,20.25,854.9,0,57,1,2,4439,2271,False,True,True,False,False,False,True
1,0,66,1,1,1,1,0,1,0,0,1,63.85,4174.35,0,72,0,0,4657,55,False,False,True,False,True,False,False
0,0,49,1,1,0,1,0,0,1,1,0,98.7,4920.55,0,56,0,0,6148,1508,True,False,False,False,False,True,False
0,0,1,1,0,0,0,0,0,0,0,0,20.5,20.5,1,24,0,0,3820,10159,False,True,False,False,False,False,True
0,0,41,1,0,0,0,0,0,0,0,0,20.0,810.3,0,23,0,0,5913,5513,False,True,False,True,False,False,True
0,1,41,1,0,0,0,0,0,0,0,0,19.3,772.4,0,34,1,1,4180,808,False,True,False,True,False,False,False
0,1,23,1,0,1,1,0,1,0,0,0,84.4,1936.85,0,19,1,2,2177,579,True,False,False,False,False,False,True
0,0,3,0,0,0,0,0,0,0,0,0,25.1,79.8,0,28,0,0,2013,11474,False,False,False,False,False,True,False
0,0,4,0,0,1,0,1,1,0,1,0,48.25,202.25,0,19,0,0,2682,3680,False,False,False,False,False,False,True
0,1,52,1,0,0,0,0,0,0,0,0,19.85,1070.5,0,27,1,1,5432,7872,False,True,False,True,False,False,True
1,1,4,1,1,1,0,0,0,1,1,1,99.6,347.65,1,68,1,0,4708,1055,True,False,False,False,False,True,False
0,0,11,1,0,0,1,1,1,0,1,1,94.2,999.9,0,54,0,0,2405,7177,True,False,False,False,False,True,False
0,1,2,1,0,1,0,0,0,0,1,1,62.15,113.1,0,59,1,0,5766,128,False,False,False,False,False,False,True
0,1,26,1,1,0,1,0,0,0,0,0,79.3,2015.8,0,50,1,0,5168,6822,True,False,False,False,False,False,False
0,1,24,1,0,1,0,1,0,0,0,1,56.25,1454.25,0,33,1,3,3607,9559,False,False,True,False,True,False,False
0,0,12,1,0,0,0,0,0,0,0,0,20.3,246.7,0,26,0,0,4177,2130,False,True,False,False,False,False,True
1,1,60,1,1,0,0,0,1,1,1,1,99.0,6017.9,0,69,1,0,4763,1749,True,False,False,False,False,True,False
0,1,64,1,1,1,1,1,1,1,1,1,90.6,5817.45,0,44,1,1,5240,10834,False,False,False,True,False,False,True
0,1,66,1,0,1,1,1,1,1,1,1,85.9,5595.3,0,42,1,0,5137,3256,False,False,False,True,False,False,False
0,0,60,1,1,0,0,1,0,0,0,1,79.2,4765.0,0,24,0,0,5687,12672,True,False,True,False,False,False,False
0,1,17,1,1,1,0,1,0,1,0,1,70.35,1201.65,0,36,1,3,2704,683,False,False,True,False,False,False,False
0,1,42,1,0,0,0,0,0,0,0,0,19.35,867.3,0,63,1,2,3433,36738,False,True,False,True,False,False,True
0,0,1,1,1,0,0,0,0,0,0,1,50.15,50.15,0,42,0,0,3043,19867,False,False,False,False,False,True,False
0,1,47,1,0,0,1,0,1,0,1,0,63.8,3007.25,0,32,1,3,5144,10226,False,False,False,True,False,False,False
0,1,10,1,0,0,0,0,0,0,0,1,20.55,252.75,0,27,1,0,4907,59289,False,True,False,False,False,False,True
1,1,70,1,1,1,1,1,1,1,1,1,88.55,6306.5,0,69,1,0,4097,433,False,False,False,True,True,False,False
1,0,67,1,1,0,0,1,0,1,1,1,101.4,6841.05,0,76,0,0,5269,1278,True,False,False,False,True,False,False
0,0,1,1,0,0,0,0,0,0,1,1,81.95,81.95,1,44,0,0,5622,23100,True,False,False,False,False,True,False
0,1,7,1,0,0,0,0,0,0,0,1,69.35,451.1,1,39,1,0,4292,52872,True,False,False,False,False,True,False
0,0,1,1,0,0,0,0,0,0,0,0,44.6,44.6,0,45,0,0,4864,47536,False,False,False,False,False,False,True
0,0,4,1,0,0,1,0,1,1,0,1,63.75,226.2,0,53,0,0,2624,27135,False,False,False,False,False,False,False
0,1,66,1,1,1,1,1,0,1,1,0,109.25,7082.5,0,61,1,2,5865,47613,True,False,False,True,False,False,False
0,0,12,1,0,0,1,0,0,0,1,1,84.6,1017.35,0,31,0,0,4807,26055,True,False,False,False,False,True,False
0,0,24,1,0,0,0,0,0,0,0,0,20.45,527.35,0,25,0,0,4690,13343,False,True,True,False,True,False,False
0,0,26,1,0,0,1,0,0,1,0,1,85.75,2146.5,0,48,0,0,3178,30668,True,False,False,False,False,True,False
0,0,6,1,0,0,0,0,0,1,1,1,91.1,455.3,1,53,0,0,2266,8504,True,False,False,False,False,True,False
0,1,57,1,1,0,0,1,1,1,1,0,107.95,5969.85,0,31,1,0,4687,25384,True,False,False,True,False,True,False
0,1,14,1,1,0,0,0,0,1,0,1,86.1,1235.55,1,20,1,0,2177,15536,True,False,False,False,False,True,False
0,1,42,1,1,0,0,0,0,0,0,0,22.95,1014.25,0,47,1,3,4650,235,False,True,False,True,False,True,False
0,0,25,1,1,0,0,0,0,1,1,1,94.7,2362.1,1,41,0,0,5641,4150,True,False,False,False,False,False,False
0,1,64,1,0,0,0,0,0,0,0,0,19.45,1225.65,0,25,1,0,5113,12646,False,True,False,True,True,False,False
0,1,22,1,1,0,0,0,0,0,1,1,85.1,1873.7,1,40,1,0,5248,16525,True,False,False,False,False,True,False
0,0,19,1,0,0,0,0,0,0,0,1,19.7,386.5,0,62,0,0,4431,12466,False,True,True,False,True,False,False
0,1,61,1,1,0,1,0,0,1,1,1,99.15,6010.05,1,63,1,0,5612,1158,True,False,False,False,False,True,False
0,1,22,1,0,0,0,1,0,1,0,1,87.0,1850.65,0,56,1,0,5233,25340,True,False,False,False,False,False,False
1,1,70,1,1,0,1,1,0,1,1,1,102.95,7101.5,1,69,1,0,5005,1519,True,False,False,False,False,True,False
0,0,12,1,0,0,0,0,0,0,1,1,79.95,1043.4,0,23,0,0,2968,1960,True,False,False,False,False,False,False
0,1,31,1,0,1,0,0,1,0,1,1,64.0,1910.75,0,55,1,0,5191,69801,False,False,True,False,False,True,False
0,0,11,1,0,0,0,0,0,1,1,1,64.9,716.1,0,42,0,0,2775,3979,False,False,False,False,False,True,False
0,1,68,1,1,0,0,0,0,0,0,0,25.75,1686.15,0,36,1,1,5434,40545,False,True,False,True,False,False,True
1,1,72,1,1,1,1,1,1,1,1,1,90.15,6716.45,0,78,1,1,4606,24708,False,False,False,True,False,False,False
1,0,67,1,1,1,1,1,1,1,1,1,116.1,7839.85,0,68,0,0,5896,4848,True,False,False,True,True,False,False
0,0,60,1,0,1,0,1,1,1,1,1,104.95,6236.75,0,30,0,0,5926,274,True,False,False,False,False,False,False
0,0,1,1,0,0,0,0,0,0,0,1,45.05,45.05,1,31,0,0,2644,8308,False,False,False,False,False,False,True
1,0,1,1,0,0,0,0,0,0,0,1,71.0,71.0,1,80,0,0,5345,48690,True,False,False,False,False,True,False
0,1,58,0,0,1,1,1,0,1,0,0,50.0,2919.85,0,21,1,3,4704,11463,False,False,True,False,False,False,True
1,1,47,1,0,0,0,0,0,0,0,0,70.55,3309.25,1,73,1,0,4457,48690,True,False,False,False,False,False,False
0,0,1,1,0,0,0,0,0,0,1,1,79.7,79.7,1,39,0,0,2066,36125,True,False,False,False,False,True,False
0,0,1,1,0,0,0,0,0,0,0,0,20.45,20.45,0,32,0,0,2664,40270,False,True,False,False,False,False,True
0,0,22,1,1,1,1,0,0,0,0,0,59.0,1254.7,1,46,0,0,2195,35057,False,False,False,False,False,True,False
0,0,48,1,0,1,0,1,1,0,0,1,60.35,2896.4,1,51,0,0,2681,22250,False,False,True,False,True,False,False
0,1,37,1,0,0,0,0,0,0,0,1,19.85,717.5,0,54,1,0,5707,30876,False,True,True,False,False,False,False
0,0,13,1,0,0,0,0,0,0,0,1,19.95,253.8,0,34,0,0,2252,25718,False,True,True,False,False,True,False
0,0,43,1,1,0,0,0,0,0,0,0,26.45,1110.05,0,39,0,0,3881,1054,False,True,False,True,False,False,False
0,0,6,0,0,1,1,1,1,1,1,1,63.4,348.8,0,21,0,0,3909,747,False,False,False,True,False,False,True
0,0,71,0,0,1,1,1,1,1,0,0,53.95,3888.65,0,46,0,0,4094,1374,False,False,False,True,False,False,False
1,1,1,1,0,0,0,0,0,0,0,1,69.25,69.25,1,73,1,0,4568,176,True,False,False,False,False,True,False
0,1,72,1,1,1,1,0,0,1,0,1,95.1,6843.15,0,39,1,2,5584,333,True,False,False,True,False,True,False
1,0,6,1,0,1,0,0,0,0,0,1,74.1,450.9,0,65,0,0,4716,1575,True,False,False,False,False,True,False
0,1,12,0,0,0,1,0,1,0,0,0,35.5,432.25,0,19,1,3,2562,13485,False,False,False,False,False,False,True
0,0,25,1,0,0,0,0,0,0,0,0,70.95,1767.35,1,52,0,0,4881,3684,True,False,False,False,False,False,True
0,1,21,1,0,0,0,1,1,0,0,0,79.2,1742.45,0,49,1,0,4900,9210,True,False,True,False,False,True,False
0,1,6,1,0,0,0,0,1,0,0,1,48.8,297.35,0,39,1,2,4538,1591,False,False,False,False,False,False,True
0,1,20,1,0,0,0,0,0,1,1,1,89.0,1820.45,1,35,1,0,4594,371,True,False,False,False,False,False,True
0,1,18,1,1,1,0,0,0,1,1,1,99.4,1742.95,1,51,1,0,2421,2296,True,False,False,False,False,True,False
0,0,43,1,0,0,1,0,1,0,0,0,55.45,2444.25,0,38,0,0,3350,91,False,False,True,False,False,True,False
0,1,35,1,1,0,0,0,0,0,0,1,25.4,949.8,0,53,1,1,5070,187,False,True,False,True,True,False,False
0,0,1,1,0,0,0,1,0,0,0,0,73.5,73.5,1,50,0,0,4378,363,True,False,False,False,False,False,False
1,1,32,1,1,0,1,1,0,0,1,1,93.5,2970.8,0,78,1,0,5804,383,True,False,False,False,False,True,False
0,0,52,0,0,1,1,1,1,1,1,0,63.9,3334.95,0,57,0,0,5380,6216,False,False,False,True,True,False,False
0,0,32,1,0,0,0,0,0,1,1,1,64.85,2010.95,0,43,0,0,4895,14417,False,False,True,False,False,False,False
0,1,72,0,0,1,1,1,1,1,1,1,63.8,4684.3,0,61,1,3,6107,476,False,False,False,True,False,False,False
0,0,51,0,0,1,0,0,1,0,1,1,44.45,2181.55,0,31,0,0,6087,2349,False,False,False,False,True,False,False
0,1,68,1,0,0,0,0,0,0,0,1,19.95,1303.25,0,47,1,3,6492,4101,False,True,False,True,False,False,False
1,1,8,0,0,0,1,1,0,0,1,1,43.35,371.4,0,67,1,0,2560,175,False,False,False,False,False,False,True
0,1,49,0,0,0,1,0,0,1,1,0,49.65,2409.9,0,22,1,0,4283,390,False,False,False,True,True,False,False
0,1,72,1,0,1,1,1,1,1,1,0,85.1,6155.4,0,24,1,0,4147,1916,False,False,False,True,False,False,True
0,0,9,1,1,0,0,0,0,1,1,1,95.5,829.1,1,45,0,0,5007,4913,True,False,False,False,False,True,False
0,1,28,1,0,1,0,0,0,1,1,1,92.35,2602.9,1,47,1,0,2990,17979,True,False,False,False,False,False,True
0,0,54,1,0,1,0,1,0,1,0,0,89.8,4667.0,0,55,0,0,4980,1373,True,False,False,False,False,False,True
0,0,11,1,0,0,1,0,0,0,0,1,74.55,824.75,1,20,0,0,4601,438,True,False,False,False,False,True,False
0,1,50,1,0,0,0,1,1,1,1,0,103.05,5153.5,0,41,1,3,5905,9902,True,False,True,False,False,False,True
0,1,69,1,1,1,1,1,1,1,1,1,116.0,8182.85,0,55,1,0,4216,1653,True,False,False,True,False,True,False
0,0,1,1,0,0,0,0,0,0,0,1,69.9,69.9,0,46,0,0,3358,11180,True,False,False,False,False,True,False
0,1,68,1,0,1,1,0,1,0,1,0,95.1,6683.4,0,31,1,2,5748,2706,True,False,False,True,False,False,False
0,0,40,0,0,1,1,0,1,0,0,0,40.25,1564.05,0,62,0,3,4288,882,False,False,True,False,False,False,True
0,1,31,1,1,0,0,0,0,0,0,0,25.75,755.6,0,26,1,3,5472,2644,False,True,False,True,False,False,True
1,0,33,1,1,0,1,1,0,1,1,1,105.35,3465.05,0,73,0,2,4738,3002,True,False,False,False,False,False,False
1,1,55,1,1,0,1,1,1,1,1,1,113.6,6292.7,0,72,1,0,5754,586,True,False,False,True,False,True,False
0,1,68,1,1,0,0,0,0,0,0,1,24.0,1664.3,0,60,1,1,5440,2229,False,True,False,True,False,False,False
0,1,12,1,0,0,0,0,0,0,0,0,19.4,198.1,0,48,1,1,3713,7789,False,True,False,False,False,False,False
0,1,71,1,0,1,1,1,1,1,1,1,86.1,6045.9,0,39,1,0,6286,1537,False,False,False,True,False,False,False
0,0,40,1,1,0,1,1,0,1,1,1,102.65,4108.15,0,42,0,0,3655,148,True,False,False,False,False,False,True
0,1,64,1,1,0,1,1,0,0,1,1,92.85,5980.75,0,21,1,3,5206,2223,True,False,True,False,False,True,False
0,1,53,1,1,0,1,0,1,0,1,0,97.75,5043.2,0,44,1,0,4488,1880,True,False,True,False,False,False,False
1,0,12,1,0,0,1,1,1,0,0,1,83.8,1029.75,1,65,0,0,5565,1113,True,False,False,False,False,False,True
1,0,53,0,0,0,1,1,0,1,1,1,54.45,2854.55,1,73,0,0,6280,1352,False,False,False,False,False,True,False
0,1,72,1,1,1,1,1,0,1,0,1,97.95,7114.25,0,43,1,0,4256,1884,True,False,False,True,True,False,False
0,0,46,1,0,0,0,0,0,0,0,0,19.95,907.05,0,51,0,0,4006,5995,False,True,False,True,False,True,False
0,0,40,1,1,0,0,0,0,0,0,1,24.6,973.95,0,27,0,0,2601,298,False,True,False,True,False,False,True
0,0,12,0,0,1,1,0,1,1,0,1,50.95,605.75,0,45,0,0,2716,31266,False,False,False,False,False,False,False
0,0,9,1,0,1,0,0,0,0,0,0,75.6,661.55,0,58,0,0,4990,34314,True,False,False,False,False,True,False
0,1,51,1,1,0,0,0,1,0,0,1,80.75,4116.9,0,40,1,2,6032,30988,True,False,False,False,False,True,False
0,1,49,1,0,0,1,1,0,1,0,1,90.4,4494.65,0,62,1,3,5804,2344,True,False,False,False,True,False,False
1,1,41,1,1,0,0,1,0,1,1,1,99.8,4259.3,1,78,1,0,4726,309,True,False,False,False,False,True,False
0,0,56,1,0,1,0,1,1,0,0,1,60.25,3282.75,0,32,0,0,4835,13472,False,False,True,False,True,False,False
0,0,4,1,0,0,0,0,0,0,0,1,20.2,55.7,0,29,0,0,4267,23701,False,True,False,False,False,True,False
0,1,20,1,0,1,0,0,1,0,1,1,64.15,1274.45,0,45,1,0,5969,240,False,False,True,False,False,False,True
0,1,26,1,0,0,0,0,0,0,0,1,20.25,493.95,0,41,1,1,5158,335,False,True,False,False,True,False,False
0,1,20,1,1,0,1,1,0,1,1,1,105.85,2239.65,1,57,1,0,4223,752,True,False,False,False,False,False,False
0,0,7,1,1,0,0,0,0,0,0,0,75.45,480.75,1,35,0,0,2872,23224,True,False,False,False,False,False,True
0,0,7,1,1,0,0,0,0,1,1,1,93.85,635.6,1,60,0,0,3506,23570,True,False,False,False,False,True,False
0,0,51,1,0,0,1,1,0,1,1,1,99.0,5038.15,0,34,0,0,5787,261,True,False,False,False,False,True,False
0,0,4,1,1,0,1,0,0,0,0,1,80.3,324.2,0,26,0,0,3132,199,True,False,False,False,False,False,True
0,0,1,1,0,0,0,0,0,0,0,0,19.55,19.55,0,30,0,0,5537,15921,False,True,False,False,True,False,False
0,1,27,1,1,1,1,0,1,1,0,0,100.75,2793.55,0,39,1,1,3160,19596,True,False,False,False,False,True,False
0,0,22,1,1,1,0,0,0,1,1,1,100.75,2095.0,1,51,0,0,4152,1689,True,False,False,False,False,True,False
0,0,12,1,0,0,1,0,1,0,0,1,53.75,648.65,0,53,0,0,5385,1584,False,False,False,False,False,False,True
0,1,3,0,0,0,0,0,1,0,0,1,31.0,95.05,1,43,1,1,5122,695,False,False,False,False,False,False,True
0,1,34,1,1,0,0,0,0,0,0,1,25.6,917.15,0,57,1,1,5854,485,False,True,True,False,True,False,False
0,1,24,1,1,1,0,0,1,0,0,1,58.35,1346.9,0,50,1,0,5428,1072,False,False,True,False,False,True,False
0,0,51,1,1,0,0,1,0,0,0,0,80.0,4242.35,1,38,0,0,4769,42239,True,False,False,False,True,False,False
1,0,14,0,0,0,0,0,0,1,1,1,46.35,672.7,0,71,0,0,2056,2965,False,False,False,False,False,True,False
0,1,59,1,1,1,1,1,1,1,1,0,113.75,6561.25,0,34,1,0,6251,228,True,False,False,True,False,True,False
0,0,3,1,0,0,1,1,0,0,1,0,90.4,268.45,0,22,0,0,5625,12241,True,False,False,False,False,True,False
0,1,65,1,1,1,0,1,1,1,1,0,109.3,7337.55,0,22,1,2,6087,2423,True,False,False,True,False,True,False
1,0,5,1,0,0,0,0,0,0,0,1,70.25,331.9,1,68,0,0,3684,532,True,False,False,False,False,False,True
0,1,59,1,1,1,1,1,1,1,1,0,90.3,5194.05,0,50,1,2,4617,82,False,False,False,True,True,False,False
0,1,72,0,0,1,1,1,1,1,1,1,65.25,4478.85,0,24,1,3,6412,3041,False,False,False,True,True,False,False
0,1,62,1,0,0,1,1,0,1,1,1,100.15,6283.3,1,32,1,0,4120,1201,True,False,False,False,False,True,False
0,0,28,1,1,1,1,0,0,0,1,1,94.5,2659.4,1,52,0,0,5433,1215,True,False,False,False,True,False,False
0,0,3,1,0,0,0,0,1,0,1,0,60.65,196.9,0,43,0,0,2111,264,False,False,False,False,False,False,True
0,0,19,1,1,0,0,0,0,0,0,1,24.1,439.2,0,62,0,2,2378,155,False,True,False,False,True,False,False
0,0,1,1,0,0,0,0,0,0,0,1,19.5,19.5,0,54,0,0,3753,1447,False,True,False,False,False,False,True
0,0,24,1,0,0,1,1,1,0,0,1,85.95,2107.15,0,60,0,0,5421,265,True,False,False,False,False,True,False
1,0,57,1,0,0,0,1,1,0,0,1,53.5,3035.8,0,78,0,0,5521,867,False,False,True,False,False,True,False
0,0,72,1,1,0,0,0,0,0,0,0,25.45,1866.45,0,39,0,0,4118,644,False,True,False,True,True,False,False
0,0,67,1,0,0,0,0,0,0,0,0,20.5,1430.95,0,24,0,0,4416,494,False,True,False,True,False,False,False
0,1,52,1,0,0,0,0,0,0,0,1,20.85,1071.6,0,47,1,3,4886,574,False,True,True,False,True,False,False
0,1,71,1,1,1,1,1,1,1,1,0,89.9,6457.15,0,57,1,3,4444,300,False,False,False,True,True,False,False
0,1,26,1,1,0,0,0,0,0,0,0,26.0,684.05,0,56,1,0,2244,163,False,True,True,False,False,False,True
0,0,35,1,1,1,1,1,1,1,1,1,113.2,3914.05,0,49,0,0,5723,1851,True,False,False,True,False,False,True
0,1,55,1,0,0,0,0,0,0,0,1,69.05,3842.6,0,52,1,2,4318,3284,True,False,False,True,True,False,False
0,1,33,1,0,0,0,0,0,0,0,0,20.1,670.35,0,61,1,3,3700,660,False,True,False,True,False,False,True
0,1,72,1,1,1,1,1,0,1,1,1,109.65,7880.25,0,20,1,0,6181,395,True,False,False,True,False,True,False
0,0,1,1,0,0,0,0,0,0,0,1,19.2,19.2,0,37,0,3,3383,1125,False,True,False,False,False,False,True
0,0,10,0,0,0,0,0,0,0,1,1,33.9,298.45,1,42,0,0,2529,2020,False,False,False,False,False,False,True
1,1,37,1,0,0,0,1,1,1,0,0,90.0,3371.75,0,66,1,0,4048,202,True,False,False,False,False,True,False
0,0,12,0,0,0,1,0,1,0,0,0,34.0,442.45,0,35,0,0,3215,400,False,False,False,False,False,False,True
0,1,1,1,0,0,0,0,0,0,0,0,20.4,20.4,0,27,1,2,4540,2369,False,True,True,False,False,False,True
0,1,62,0,0,1,1,0,1,0,0,1,38.6,2345.55,0,56,1,0,4558,270,False,False,False,True,True,False,False
0,0,1,0,0,0,0,0,0,0,0,0,25.25,25.25,0,40,0,0,4831,1666,False,False,False,False,False,False,False
0,0,18,1,1,1,0,1,0,0,0,1,60.6,1156.35,0,64,0,0,4459,321,False,False,False,False,False,False,True
1,1,69,1,1,0,1,0,0,1,0,1,89.95,6143.15,1,65,1,0,6363,200,True,False,False,False,False,True,False
0,0,2,1,0,0,1,0,0,0,0,1,74.75,144.8,0,19,0,0,4545,42239,True,False,False,False,False,True,False
0,1,19,1,0,0,0,0,0,0,0,0,20.6,414.95,0,43,1,2,2276,259,False,True,False,False,False,False,True
0,0,12,1,1,0,0,0,0,1,0,1,84.45,1059.55,1,41,0,0,3330,222,True,False,False,False,False,True,False
0,0,9,1,0,0,0,0,0,0,0,0,20.4,181.8,0,36,0,0,5380,18197,False,True,False,False,False,False,True
0,0,27,1,0,1,0,1,1,1,1,0,81.7,2212.55,0,58,0,0,2445,24944,False,False,True,False,False,True,False
0,0,27,1,1,0,0,0,1,0,0,1,79.5,2180.55,1,35,0,0,2518,12756,True,False,False,False,False,True,False
0,1,1,1,0,0,0,0,0,1,1,0,89.15,89.15,1,44,1,0,3123,382,True,False,False,False,False,False,True
1,0,24,1,0,0,0,0,0,0,0,1,20.3,459.95,0,78,0,0,3740,262,False,True,False,False,False,False,True
1,0,14,1,1,0,0,0,0,0,0,1,74.95,1036.75,1,67,0,0,2075,58830,True,False,False,False,False,True,False
1,0,32,1,0,0,1,0,0,0,0,1,74.4,2276.95,1,70,0,0,2091,43718,True,False,False,False,False,True,False
0,0,11,1,0,0,0,0,0,0,0,0,20.0,211.95,0,31,0,0,3731,1417,False,True,True,False,False,False,True
0,0,1,1,1,0,0,0,0,0,0,1,25.0,25.0,0,41,0,0,2371,3674,False,True,False,False,False,False,True
1,0,38,1,1,1,0,0,0,0,0,1,80.45,3162.65,0,76,0,2,2926,699,True,False,False,False,False,False,True
0,1,9,1,0,0,0,0,0,0,0,0,19.75,210.65,0,45,1,2,2427,67411,False,True,False,True,False,False,True
0,1,54,1,1,1,1,0,1,0,0,1,65.65,3566.7,0,25,1,2,5725,648,False,False,False,True,True,False,False
0,0,29,1,1,0,0,0,0,1,1,1,71.0,2080.1,0,47,0,0,4226,4426,False,False,True,False,True,False,False
1,1,44,1,1,0,0,1,0,1,0,1,89.2,4040.2,0,72,1,0,2925,18529,True,False,False,False,False,True,False
0,1,59,1,0,1,1,1,1,1,1,1,86.75,5186.0,0,21,1,3,5020,41636,False,False,False,True,False,True,False
0,0,3,1,0,0,0,0,0,0,1,1,55.3,196.15,1,45,0,0,3190,4097,False,False,False,False,False,True,False
0,1,18,1,0,1,1,0,1,0,0,1,61.5,1087.45,0,22,1,2,3479,38534,False,False,True,False,False,False,True
1,0,67,1,1,0,0,0,0,0,0,0,25.1,1672.15,0,73,0,0,6388,171,False,True,False,True,True,False,False
0,1,22,1,0,0,1,0,1,0,0,0,55.15,1206.05,1,32,1,1,5115,6197,False,False,False,False,False,True,False
0,0,33,0,0,1,0,0,1,0,0,0,34.05,1113.95,0,64,0,2,3044,2756,False,False,True,False,True,False,False
0,0,5,1,0,0,0,0,0,0,0,0,19.95,107.05,0,31,0,0,4281,40750,False,True,False,False,False,False,True
0,0,2,1,0,0,0,0,0,0,0,0,19.95,38.15,0,33,0,0,4079,850,False,True,False,False,False,False,True
0,1,72,1,1,1,1,1,1,1,1,0,89.7,6339.3,0,25,1,1,4193,51855,False,False,False,True,True,False,False
0,0,9,1,0,0,0,0,0,0,0,0,20.4,184.1,0,34,0,2,4195,5714,False,True,False,False,False,False,True
0,1,67,1,1,0,0,0,0,0,0,0,26.3,1688.9,0,54,1,2,6066,24194,False,True,False,True,False,False,True
0,1,16,1,1,0,0,0,0,1,0,1,84.95,1378.25,1,34,1,0,3075,2536,True,False,False,False,False,True,False
0,0,8,1,0,0,0,0,0,0,0,1,20.7,137.6,0,59,0,0,3330,2723,False,True,False,False,False,False,True
0,0,5,0,0,1,1,1,1,0,0,1,43.25,219.0,1,30,0,0,5824,1140,False,False,False,False,False,False,True
0,1,23,1,1,0,0,0,0,0,0,1,48.35,1067.15,1,60,1,0,4580,659,False,False,True,False,True,False,False
0,0,1,1,0,0,0,0,0,1,0,1,79.55,79.55,1,59,0,0,5593,228,True,False,False,False,False,True,False
1,1,50,1,0,0,0,0,0,0,0,1,71.05,3444.85,1,69,1,0,5746,1745,True,False,False,False,False,True,False
0,0,17,1,0,0,0,0,0,0,0,0,19.45,369.05,0,50,0,0,5347,213,False,True,False,True,True,False,False
0,1,68,1,1,1,1,1,0,1,1,1,110.8,7553.6,0,61,1,0,4545,9752,True,False,False,True,False,False,False
0,0,1,1,1,0,0,0,0,1,0,0,84.5,84.5,1,31,0,0,4340,2010,True,False,False,False,False,True,False
1,1,25,1,0,0,0,0,0,0,0,1,69.3,1813.1,0,75,1,0,4442,6202,True,False,False,False,False,True,False
0,0,67,0,0,1,0,1,1,1,0,1,49.35,3321.35,0,30,0,0,5905,1793,False,False,True,False,False,False,False
0,0,32,1,0,0,0,0,0,0,0,0,20.35,707.5,0,20,0,0,2433,129,False,True,True,False,True,False,False
1,1,67,1,1,1,1,0,0,1,1,1,105.6,7112.15,0,74,1,0,5768,15286,True,False,True,False,False,True,False
1,1,72,0,0,1,1,1,1,1,1,1,64.45,4641.1,0,76,1,0,5295,11191,False,False,False,True,True,False,False
0,1,71,1,1,0,1,1,1,1,1,1,108.6,7690.9,1,57,1,0,4982,485,True,False,False,True,True,False,False
0,0,1,1,0,0,1,0,0,0,0,1,49.9,49.9,0,29,0,1,3239,844,False,False,False,False,False,True,False
0,0,46,0,0,0,1,0,0,0,0,0,30.3,1380.1,1,57,0,0,2243,929,False,False,False,False,False,False,False
1,0,2,0,0,0,0,1,0,0,0,1,30.4,78.65,1,73,0,0,4002,6096,False,False,False,False,False,True,False
0,0,1,1,0,0,0,0,0,0,0,1,45.4,45.4,1,32,0,0,2168,751,False,False,False,False,False,False,True
0,1,48,1,0,0,1,1,0,0,1,1,65.65,3094.65,0,27,1,0,5427,32202,False,False,True,False,False,True,False
0,1,61,1,1,0,0,1,1,1,1,1,103.3,6518.35,0,63,1,0,5401,25173,True,False,True,False,False,False,False
0,1,32,1,0,0,1,0,0,0,1,0,84.15,2585.95,1,53,1,0,4017,32040,True,False,False,False,False,False,False
0,0,2,1,0,0,0,0,0,0,0,0,44.45,82.7,0,22,0,0,5694,2048,False,False,False,False,False,True,False
0,0,3,1,0,0,0,0,0,0,0,0,19.75,58.85,1,41,0,0,2647,1173,False,True,False,False,False,True,False
0,0,5,1,0,0,0,0,1,0,1,1,85.4,425.9,1,62,0,0,3716,4354,True,False,False,False,True,False,False
0,1,71,1,1,1,1,1,1,1,1,0,89.9,6342.7,0,22,1,1,5835,5501,False,False,False,True,False,False,False
0,1,37,1,1,1,0,0,0,0,0,1,55.05,2030.75,0,57,1,0,3839,34146,False,False,False,False,False,False,True
0,1,65,1,1,0,0,1,1,1,1,1,104.1,6700.05,0,40,1,3,4024,901,True,False,False,True,False,False,False
0,0,67,1,1,0,1,0,1,1,1,1,106.6,7244.7,0,19,0,2,5895,2220,True,False,True,False,False,False,False
0,0,49,1,1,0,0,0,0,0,0,0,75.2,3678.3,1,62,0,0,5283,49729,True,False,False,False,True,False,False
0,1,50,1,1,1,0,0,1,1,0,1,70.5,3486.65,0,53,1,2,4022,3815,False,False,False,True,True,False,False
0,1,25,1,0,0,0,0,0,0,0,0,19.6,411.15,0,43,1,2,2888,14010,False,True,True,False,False,True,False
0,0,17,1,1,0,0,1,0,0,0,1,55.85,937.5,1,50,0,0,5472,947,False,False,True,False,False,False,True
0,1,64,1,1,0,0,0,0,0,0,1,24.05,1559.15,0,45,1,3,4582,364,False,True,False,True,False,False,True
0,1,25,0,0,0,0,1,0,1,0,1,38.1,970.4,0,37,1,0,2315,21510,False,False,True,False,True,False,False
1,0,23,1,1,0,1,1,0,1,1,1,106.4,2483.5,1,74,0,0,5507,30614,True,False,False,False,False,True,False
1,1,24,0,0,0,0,1,1,0,0,0,34.25,828.2,0,68,1,0,2525,1219,False,False,False,False,False,False,True
0,0,37,1,1,0,0,1,0,1,1,1,100.05,3810.55,0,64,0,0,2904,24738,True,False,False,False,False,True,False
0,0,21,1,0,0,0,0,0,0,0,1,68.65,1493.2,0,60,0,0,2006,4731,True,False,False,False,False,True,False
0,0,1,1,0,0,0,0,0,0,0,1,45.8,45.8,0,34,0,0,2614,2958,False,False,False,False,False,False,True
0,0,10,1,1,0,0,0,0,0,0,1,75.75,777.3,0,37,0,0,4525,4610,True,False,False,False,False,False,True
0,0,6,1,0,0,1,0,0,0,1,1,84.4,556.35,1,53,0,0,4539,1472,True,False,False,False,False,True,False
0,1,51,1,1,1,1,0,0,0,1,1,96.4,4911.05,0,63,1,0,4745,63157,True,False,True,False,True,False,False
0,0,10,1,0,0,0,0,0,0,0,1,20.55,187.35,0,63,0,0,3595,32564,False,True,False,False,False,False,True
0,0,6,0,0,1,1,0,1,0,1,0,50.95,307.6,0,43,0,0,3474,1273,False,False,False,False,True,False,False
0,1,47,1,1,1,1,1,1,1,1,1,90.5,4318.35,0,30,1,3,3413,2344,False,False,False,True,False,False,True
0,1,61,1,1,1,1,1,1,0,1,1,79.4,4820.55,0,52,1,2,4666,19050,False,False,True,False,False,True,False
0,0,52,0,0,1,1,1,0,1,1,1,58.75,3038.55,0,40,0,0,5122,3600,False,False,False,True,False,False,False
0,1,35,1,1,1,1,0,0,0,0,1,59.45,2136.9,0,42,1,3,3682,5889,False,False,False,False,True,False,False
0,1,71,1,1,0,1,1,0,1,1,1,105.7,7472.15,0,52,1,0,4420,8406,True,False,True,False,False,False,False
0,0,6,1,0,1,1,0,0,0,0,0,56.25,389.1,1,44,0,0,4110,38547,False,False,False,False,False,True,False
0,1,45,1,0,1,0,1,0,0,0,0,53.3,2296.25,0,37,1,0,2929,751,False,False,False,True,True,False,False
1,0,2,1,1,0,0,0,0,1,0,1,85.55,187.45,1,78,0,0,5512,1526,True,False,False,False,False,True,False
0,0,4,1,0,0,1,0,0,1,1,1,68.65,261.25,1,51,0,0,5274,4829,False,False,False,False,False,False,False
0,0,2,0,0,0,0,0,0,0,0,0,24.3,38.45,0,19,0,0,2515,8525,False,False,False,False,False,False,True
0,0,4,1,0,0,0,0,0,1,0,0,77.85,299.2,1,48,0,0,2140,350,True,False,False,False,False,True,False
0,0,51,1,1,1,0,0,1,0,0,0,59.9,3043.6,0,59,0,0,5233,185,False,False,True,False,True,False,False
0,1,60,1,1,0,0,0,0,0,0,0,23.95,1506.4,0,37,1,2,5449,407,False,True,True,False,True,False,False
0,0,9,1,0,0,0,0,0,0,0,1,20.15,163.7,0,40,0,0,4004,183,False,True,True,False,False,False,True
0,0,3,1,1,0,1,1,0,1,1,1,105.35,323.25,1,50,0,0,3662,69,True,False,False,False,False,False,False
0,0,17,1,1,0,0,1,1,0,1,1,95.65,1640.0,0,58,0,0,3139,3747,True,False,False,False,False,False,False
0,0,8,1,1,0,0,0,0,1,0,1,87.05,762.1,1,48,0,0,2545,8577,True,False,False,False,False,True,False
0,1,46,1,0,1,0,1,1,1,1,0,81.0,3846.35,0,37,1,1,4280,88,False,False,False,True,False,False,True
0,0,68,1,0,1,1,1,1,1,1,1,82.45,5646.6,0,21,0,0,5308,25,False,False,False,True,True,False,False
0,0,1,1,0,0,0,0,0,1,0,1,53.5,53.5,1,22,0,0,5094,31,False,False,False,False,False,False,True
0,1,4,1,0,0,0,0,0,0,0,0,20.5,79.05,0,52,1,0,3233,299,False,True,True,False,False,False,False
0,0,1,0,0,0,0,0,0,0,0,1,25.1,25.1,1,35,0,0,4769,20675,False,False,False,False,False,False,True
0,0,28,1,0,0,1,0,1,0,0,1,54.4,1516.6,0,55,0,1,4711,25418,False,False,True,False,True,False,False
0,0,39,1,0,0,1,0,0,1,0,1,58.6,2224.5,0,23,0,0,5662,47065,False,False,True,False,True,False,False
0,0,11,1,0,0,0,1,0,0,1,0,84.8,888.75,0,54,0,0,4924,22028,True,False,False,False,False,True,False
0,1,71,0,0,0,1,1,1,1,1,1,61.4,4310.35,0,46,1,0,5119,15494,False,False,False,True,True,False,False
0,0,2,1,0,0,0,0,0,0,0,0,20.4,42.9,0,42,0,2,3000,15022,False,True,False,False,False,False,True
1,1,30,1,0,0,1,1,0,0,0,1,79.65,2365.15,1,77,1,0,2174,16599,True,False,False,False,False,False,True
0,0,17,1,0,0,0,0,0,0,0,0,20.15,353.65,0,35,0,0,4650,25355,False,True,True,False,False,False,True
0,1,55,1,1,0,1,1,0,1,0,1,94.45,5073.1,0,64,1,0,5577,16164,True,False,False,False,True,False,False
0,0,58,1,1,1,0,0,0,0,0,1,79.8,4526.85,0,47,0,0,5709,14966,True,False,False,False,False,False,False
0,0,5,1,0,1,0,0,1,0,0,0,54.2,308.25,1,21,0,0,5476,21313,False,False,False,False,False,True,False
1,0,1,1,0,0,0,0,0,0,0,1,19.45,19.45,1,70,0,0,3848,15975,False,True,False,False,False,True,False
1,0,9,1,1,0,0,0,0,0,0,1,74.05,678.45,0,66,0,0,2003,37031,True,False,False,False,False,True,False
0,0,26,1,0,0,0,0,1,0,0,0,49.15,1237.3,0,36,0,0,2752,35426,False,False,False,False,False,False,False
0,0,50,1,0,0,0,0,0,0,0,0,19.4,1023.95,0,36,0,0,6233,44683,False,True,False,True,True,False,False
0,1,72,1,1,1,1,1,1,1,1,1,113.65,8182.75,0,35,1,0,5411,72199,True,False,False,True,False,False,False
0,0,43,1,0,1,1,0,1,1,1,1,106.0,4532.3,0,47,0,2,3528,30580,True,False,True,False,True,False,False
0,0,56,1,1,0,0,0,0,0,0,1,25.95,1444.05,0,52,0,0,4246,30715,False,True,False,True,False,False,False
0,0,1,1,0,0,0,0,0,0,0,0,19.1,19.1,0,28,0,0,3313,38818,False,True,False,False,False,False,True
0,1,72,1,1,0,1,1,0,1,1,1,103.4,7372.65,1,47,1,0,5055,19611,True,False,False,True,False,True,False
0,1,72,1,1,1,1,0,1,0,1,1,100.55,7325.1,0,62,1,0,6082,54880,True,False,False,True,False,False,False
0,1,36,1,1,0,0,0,0,1,1,1,95.4,3474.2,0,58,1,0,5111,11396,True,False,False,False,False,True,False
0,0,5,1,0,0,0,1,1,1,1,0,75.15,392.65,0,51,0,0,5900,592,False,False,False,False,False,False,False
0,0,13,1,1,0,1,1,0,0,0,1,84.45,1058.6,1,60,0,0,5801,42832,True,False,False,False,False,True,False
1,0,44,1,0,0,1,1,0,0,1,0,89.15,3990.75,0,70,0,0,4368,9063,True,False,True,False,True,False,False
1,1,70,1,1,0,1,1,1,1,1,1,107.9,7475.85,0,65,1,2,5899,31422,True,False,True,False,False,True,False
0,0,44,1,0,0,0,0,0,0,0,0,19.5,835.5,0,60,0,0,4220,8403,False,True,True,False,True,False,False
1,1,32,1,1,0,0,0,0,1,0,1,85.95,2628.6,1,78,1,0,2431,854,True,False,False,False,True,False,False
0,1,69,1,1,0,0,0,0,0,0,1,24.95,1718.35,0,23,1,0,4106,264,False,True,False,True,True,False,False
1,0,16,1,0,0,0,0,1,1,0,0,59.4,1023.9,1,75,0,0,5556,34894,False,False,False,False,False,True,False
1,1,68,1,0,0,0,0,0,0,0,0,19.5,1193.55,0,73,1,1,5443,20993,False,True,True,False,False,False,False
0,0,16,1,0,0,0,0,0,0,0,1,69.95,1205.5,0,43,0,0,5596,31373,True,False,False,False,True,False,False
0,1,68,1,0,1,1,0,1,1,1,0,82.85,5776.45,0,52,1,1,5184,36432,False,False,False,True,False,False,False
0,0,4,1,0,0,0,0,0,0,0,0,19.0,78.9,0,31,0,0,3022,23362,False,True,False,False,False,False,True
0,1,26,0,0,1,1,0,1,0,0,0,38.85,1025.15,0,40,1,3,3970,38091,False,False,False,False,True,False,False
0,0,29,0,0,0,1,0,0,0,0,1,30.6,856.35,1,53,0,0,3615,5654,False,False,False,False,False,True,False
0,0,5,1,0,0,0,0,0,0,0,0,20.35,122.0,0,39,0,1,3161,118,False,True,False,False,True,False,False
0,1,70,1,1,0,1,1,0,1,0,1,95.0,6602.9,0,48,1,0,6259,4796,True,False,True,False,False,False,False
0,1,24,1,0,1,0,0,1,1,1,0,74.4,1712.9,0,61,1,0,4310,626,False,False,True,False,False,False,False
1,1,72,1,1,1,1,1,1,0,1,0,78.45,5682.25,0,68,1,0,4032,1279,False,False,False,True,False,False,False
0,0,1,1,0,0,0,0,1,0,0,1,74.3,74.3,0,37,0,0,3063,3169,True,False,False,False,False,False,True
0,1,70,0,0,0,1,1,1,0,1,1,51.05,3635.15,0,19,1,0,4042,1477,False,False,True,False,False,False,False
0,1,36,1,0,0,0,0,0,0,0,0,19.2,702.9,0,56,1,2,3043,1237,False,True,False,False,False,False,False
1,0,38,1,1,0,0,0,1,1,1,1,99.55,3734.25,1,75,0,0,3474,303,True,False,False,False,False,True,False
0,0,17,1,0,0,0,0,0,0,0,1,70.0,1144.5,1,51,0,0,4390,632,True,False,False,False,False,True,False
0,1,41,1,1,0,1,1,1,1,1,1,109.1,4454.25,0,28,1,2,4854,86,True,False,True,False,False,False,False
0,0,1,1,0,0,0,0,0,0,0,1,45.3,45.3,1,37,0,0,2293,262,False,False,False,False,False,True,False
0,0,2,0,0,0,0,0,1,0,0,0,29.85,75.6,1,64,0,0,4268,35808,False,False,False,False,False,False,False
0,0,14,1,0,0,0,1,0,0,0,0,76.45,1117.55,0,20,0,0,2292,32848,True,False,False,False,False,True,False
1,0,2,1,0,0,1,1,1,0,1,1,95.1,180.25,1,76,0,0,4486,282,True,False,False,False,True,False,False
0,0,1,1,0,0,0,0,0,0,0,0,19.8,19.8,1,40,0,0,5600,7503,False,True,False,False,False,False,True
0,1,13,1,1,0,1,1,1,1,0,1,72.8,930.05,0,33,1,2,2862,178,False,False,False,False,False,True,False
0,0,6,1,0,0,0,0,0,0,0,0,18.95,110.15,0,24,0,0,5920,614,False,True,False,False,False,False,True
0,0,4,1,0,0,1,0,0,0,0,1,76.65,333.6,1,36,0,0,4580,404,True,False,False,False,False,False,False
0,1,5,1,0,0,1,0,1,1,1,1,99.15,465.05,1,45,1,0,2283,19,True,False,False,False,False,False,True
0,1,15,1,0,1,0,1,0,1,1,0,101.75,1669.4,0,55,1,0,2919,3524,True,False,False,False,False,True,False
0,0,47,1,0,1,0,0,0,0,0,0,75.45,3545.1,0,19,0,0,4995,587,True,False,False,False,True,False,False
0,0,8,1,0,0,0,1,1,0,1,0,64.1,504.05,0,19,0,0,2804,452,False,False,False,False,False,False,True
0,0,17,0,0,0,0,0,0,0,0,1,25.65,440.2,0,63,0,0,3090,1351,False,False,False,False,False,False,True
0,1,15,1,0,1,0,0,0,0,0,0,75.1,1151.55,0,39,1,1,4634,1454,True,False,False,False,False,False,True
0,0,26,1,0,1,0,1,1,0,1,1,95.85,2475.35,0,60,0,0,3834,76,True,False,True,False,False,False,False
0,0,23,1,1,1,0,0,0,0,0,0,54.4,1249.25,0,40,0,0,2989,23990,False,False,False,False,False,True,False
1,0,4,1,0,0,1,0,0,0,0,0,72.75,317.75,0,76,0,0,4503,9752,True,False,False,False,False,True,False
0,0,29,1,0,0,0,0,0,0,0,0,19.85,535.05,0,54,0,3,2941,2064,False,True,True,False,False,False,True
0,0,25,1,0,0,0,0,0,0,0,0,19.05,461.3,0,50,0,0,2692,9763,False,True,False,False,False,False,True
0,0,9,1,0,0,0,0,0,0,0,0,44.95,431.0,1,57,0,0,5023,17922,False,False,False,False,False,False,True
0,1,18,1,0,0,0,1,0,0,0,1,49.55,878.35,1,53,1,0,2815,531,False,False,False,False,False,False,True
1,0,3,1,1,0,0,0,0,1,1,1,94.85,335.75,0,65,0,0,4496,1931,True,False,False,False,False,True,False
0,1,69,0,0,1,1,1,1,0,0,0,46.25,3121.4,0,29,1,2,4180,8695,False,False,False,True,False,False,False
0,0,14,1,0,0,0,0,0,0,0,0,19.35,324.8,0,24,0,0,2400,11168,False,True,True,False,False,False,True
0,0,19,1,1,0,0,0,0,1,1,0,69.6,1394.55,0,54,0,0,3349,1146,False,False,False,False,False,False,True
1,0,39,1,1,0,1,0,0,0,1,0,90.7,3413.25,0,76,0,0,5028,301,True,False,False,False,False,True,False
0,0,31,1,0,0,1,1,0,1,1,1,101.4,3143.65,0,20,0,0,2025,776,True,False,False,False,False,True,False
0,1,24,1,0,0,0,0,0,0,0,0,20.25,439.75,0,61,1,2,3000,17269,False,True,True,False,False,False,True
0,1,14,1,0,0,0,0,1,0,0,0,48.8,664.4,0,39,1,0,2168,565,False,False,False,False,False,False,False
0,1,64,1,0,1,1,1,1,0,1,1,74.35,4759.55,0,23,1,0,4781,6439,False,False,False,True,False,False,True
0,0,50,1,0,0,0,0,0,0,0,1,19.35,1033.0,0,29,0,0,5247,1519,False,True,True,False,False,False,True
0,1,52,1,0,0,1,1,1,1,0,1,68.75,3482.85,0,45,1,2,4172,13706,False,False,True,False,False,True,False
0,0,28,1,1,0,1,0,0,1,1,0,100.2,2688.45,0,31,0,0,5137,17782,True,False,True,False,False,True,False
0,0,21,1,0,0,0,0,0,0,0,1,20.85,435.25,0,40,0,0,5422,28382,False,True,False,True,True,False,False
0,0,25,1,0,0,1,0,0,1,1,1,95.9,2448.75,1,55,0,0,2241,1254,True,False,False,False,False,True,False
0,1,17,1,0,0,0,0,0,0,0,0,19.35,307.0,0,33,1,0,2185,28318,False,True,True,False,False,False,True
0,1,58,0,0,0,0,0,0,1,1,1,45.0,2689.35,0,53,1,0,5006,495,False,False,True,False,True,False,False
1,1,17,1,0,0,0,0,0,0,1,0,81.5,1329.2,1,70,1,0,3443,6189,True,False,False,False,False,False,False
0,1,51,1,1,0,0,0,0,0,0,0,25.5,1281.25,0,59,1,0,5447,26971,False,True,False,True,False,False,True
0,1,72,0,0,1,0,1,1,1,0,0,48.9,3527.0,0,53,1,3,5415,74,False,False,False,True,False,False,True
0,1,52,1,0,1,0,0,0,1,0,0,84.1,4348.65,1,40,1,0,6216,1601,True,False,False,False,False,True,False
0,0,27,1,0,0,0,0,0,0,0,1,19.6,561.15,0,62,0,0,2896,963,False,True,False,True,False,False,True
0,0,3,1,0,0,0,0,0,0,0,0,20.0,63.6,0,38,0,0,4258,28,False,True,False,False,False,False,True
0,1,64,1,1,1,1,1,1,0,1,1,81.3,5129.3,0,33,1,0,5254,844,False,False,False,True,False,False,True
0,1,45,1,0,0,0,0,1,1,1,1,95.2,4285.8,0,51,1,0,3363,101,True,False,False,True,True,False,False
1,1,3,0,0,0,0,0,0,1,0,1,36.45,93.7,1,67,1,0,3766,3193,False,False,False,False,False,False,True
0,1,71,1,1,0,1,1,1,1,1,1,83.3,5894.5,0,56,1,0,4264,513,False,False,False,True,True,False,False
1,0,1,0,0,0,0,0,0,0,0,0,25.05,25.05,1,69,0,0,4842,73,False,False,False,False,False,False,True
0,1,58,1,0,0,0,0,0,0,0,0,20.3,1160.75,0,35,1,1,4424,145,False,True,False,True,True,False,False
0,1,34,1,0,0,1,1,0,1,0,1,89.85,3091.75,0,25,1,3,3096,4579,True,False,False,False,False,True,False
0,0,8,1,0,1,0,0,0,0,0,1,49.85,365.55,1,48,0,0,2269,8812,False,False,False,False,False,True,False
0,1,15,1,0,0,0,0,0,0,0,0,19.8,272.95,0,49,1,1,4167,34967,False,True,False,False,False,False,True
0,1,66,0,0,0,0,1,1,1,1,0,54.65,3632.0,0,49,1,3,4051,27786,False,False,False,True,False,False,False
1,0,12,0,0,0,1,0,0,0,0,1,29.35,381.2,0,79,0,0,3606,31586,False,False,False,False,True,False,False
0,0,58,1,0,0,0,0,0,0,0,1,19.15,1035.5,0,49,0,0,6339,30338,False,True,False,True,False,False,False
0,1,3,1,0,0,0,0,0,0,0,0,19.1,52.0,0,32,1,2,3863,41476,False,True,False,True,False,False,True
1,1,43,0,0,0,1,1,0,1,1,0,55.55,2342.2,1,70,1,0,2573,615,False,False,False,False,True,False,False
0,0,9,1,0,0,1,1,0,0,0,0,80.55,653.9,0,38,0,0,3581,21418,True,False,False,False,False,True,False
0,0,3,1,0,0,0,0,0,0,0,0,20.25,71.2,0,60,0,0,4331,899,False,True,True,False,False,False,True
0,1,22,1,0,0,1,0,0,1,1,1,69.5,1498.2,1,22,1,0,5922,595,False,False,True,False,False,False,False
0,1,40,1,1,0,1,1,0,1,1,1,106.0,4178.65,0,37,1,0,5118,269,True,False,True,False,False,False,False
0,0,68,1,1,0,0,0,0,0,0,0,25.5,1821.8,0,50,0,0,5182,265,False,True,False,True,False,False,False
0,1,54,1,1,0,1,1,0,1,1,1,104.3,5278.15,1,47,1,0,4019,4552,True,False,False,False,False,True,False
0,0,50,1,1,0,1,0,1,1,1,1,79.6,4024.2,0,39,0,0,5592,290,False,False,False,True,False,False,True
0,0,1,1,0,0,0,0,0,0,1,1,55.25,55.25,0,21,0,0,3255,417,False,False,False,False,False,True,False
0,1,72,1,1,1,1,1,1,1,1,0,88.05,6520.8,0,49,1,0,6247,344,False,False,False,True,False,False,False
0,0,40,1,0,0,0,0,0,0,0,1,20.4,854.9,0,58,0,3,3200,228,False,True,True,False,False,False,False
0,1,72,1,1,1,1,1,1,1,1,1,117.6,8308.9,0,28,1,1,6173,6277,True,False,False,True,False,False,False
0,0,6,1,0,0,0,0,0,0,0,0,20.0,109.2,0,60,0,0,3142,2664,False,True,False,False,False,False,True
0,0,5,1,0,0,0,0,0,0,0,1,19.65,92.05,0,62,0,0,2878,13840,False,True,False,False,True,False,False
0,1,48,1,1,0,1,1,0,0,1,1,70.55,3420.5,0,41,1,0,3997,12348,False,False,True,False,True,False,False
0,0,1,1,1,0,0,0,0,1,1,1,93.85,93.85,1,49,0,0,3014,1162,True,False,False,False,False,True,False
0,1,64,1,0,1,0,0,1,1,0,0,65.8,4068.0,0,39,1,2,4754,960,False,False,True,False,False,False,True
0,0,17,1,0,0,0,0,0,0,0,0,20.05,337.9,0,63,0,0,4828,2602,False,True,True,False,True,False,False
0,1,40,1,0,0,1,1,0,0,0,1,80.0,3168.75,0,41,1,0,2478,2156,True,False,False,False,False,True,False
0,1,41,0,0,1,0,1,0,0,0,0,35.4,1412.4,0,37,1,2,4375,1902,False,False,True,False,True,False,False
1,0,51,1,1,0,1,0,0,0,0,1,79.6,3974.7,0,69,0,0,4673,84,True,False,True,False,False,False,False
0,1,41,1,1,0,1,0,0,0,0,1,80.25,3439.0,0,36,1,0,5757,170,True,False,False,False,False,True,False
0,1,1,1,0,0,0,1,0,0,0,0,50.45,50.45,1,47,1,2,2426,48690,False,False,False,False,False,False,True
0,0,2,1,0,0,0,0,0,0,0,1,20.45,42.45,0,31,0,0,2606,373,False,True,False,False,False,False,True
0,0,68,1,0,0,1,1,0,0,0,0,79.6,5461.45,0,50,0,0,5210,392,True,False,True,False,True,False,False
0,1,24,1,1,0,0,0,0,0,0,0,24.7,571.75,0,42,1,3,5302,3357,False,True,False,True,False,False,True
0,1,70,1,1,1,0,1,1,0,1,0,77.3,5498.2,0,22,1,0,6252,295,False,False,False,True,True,False,False
0,0,3,0,0,0,0,0,1,0,0,1,29.75,96.85,0,58,0,0,3425,616,False,False,False,False,False,True,False
0,0,2,1,0,0,0,0,0,0,0,0,44.9,111.05,0,56,0,0,4370,1294,False,False,False,False,False,False,False
0,1,3,0,0,0,1,0,0,0,0,0,29.8,94.4,0,62,1,0,5614,397,False,False,False,False,True,False,False
0,0,7,1,1,0,0,0,1,1,1,1,74.65,521.1,1,33,0,0,4612,42239,False,False,False,False,False,True,False
0,0,13,1,0,1,0,0,0,1,1,1,71.95,923.85,0,54,0,0,3605,1026,False,False,False,False,False,True,False
0,0,7,1,0,0,0,0,0,0,0,0,20.75,141.1,0,44,0,0,4476,268,False,True,False,False,False,False,True
0,1,12,1,0,0,0,0,0,1,0,1,56.3,628.65,0,49,1,2,2047,911,False,False,False,False,False,False,True
0,1,53,1,1,0,1,1,0,1,1,1,105.25,5576.3,0,40,1,1,6365,734,True,False,True,False,False,True,False
0,0,12,1,1,0,0,0,0,1,1,1,94.2,1046.1,1,53,0,0,3975,482,True,False,False,False,False,True,False
0,1,63,1,0,0,0,0,0,0,0,0,19.55,1245.6,0,48,1,2,6002,1236,False,True,False,True,False,False,True
0,0,15,1,0,1,1,1,1,1,1,0,84.45,1287.85,0,58,0,0,4653,1845,False,False,False,False,False,False,True
0,1,36,1,0,1,1,0,0,0,0,0,53.65,1939.35,0,40,1,1,4113,386,False,False,True,False,False,False,True
1,1,4,0,0,0,0,1,0,0,0,1,29.9,118.25,0,78,1,0,2914,3756,False,False,False,False,False,True,False
0,1,24,1,0,0,0,0,0,0,0,0,19.7,452.55,0,51,1,1,4642,1554,False,True,False,True,False,False,True
0,0,61,0,0,1,1,1,1,0,0,0,43.7,2696.55,0,59,0,0,4051,1586,False,False,True,False,True,False,False
0,0,16,1,1,0,1,0,0,0,0,0,55.3,875.35,0,43,0,0,3771,816,False,False,False,False,False,True,False
0,1,65,1,0,0,0,0,0,0,0,1,19.85,1267.05,0,55,1,1,6009,598,False,True,False,True,True,False,False
0,1,26,1,0,0,0,0,0,0,0,0,19.65,494.9,0,40,1,2,4184,78,False,True,False,True,True,False,False
0,0,16,1,0,0,0,0,1,0,0,1,49.45,799.0,0,29,0,0,3446,830,False,False,False,False,False,False,True
0,1,54,1,1,1,1,0,0,1,1,0,106.55,5763.3,1,59,1,0,4893,124,True,False,True,False,False,False,False
0,0,1,1,0,0,0,0,0,0,0,0,20.1,20.1,1,33,0,0,5747,42239,False,True,False,False,False,False,True
0,0,5,1,0,0,0,0,0,0,0,0,20.45,106.9,0,19,0,1,3353,431,False,True,False,True,False,False,True
0,0,19,0,0,0,1,0,0,0,1,1,39.7,710.05,0,19,0,0,4034,7309,False,False,False,False,False,True,False
0,0,10,1,1,1,0,0,0,0,0,1,54.5,568.2,0,29,0,0,4163,240,False,False,False,False,True,False,False
0,1,23,1,0,0,1,1,1,0,0,0,83.8,1900.25,1,45,1,0,5737,829,True,False,False,False,False,True,False
0,0,3,1,0,0,0,0,0,1,0,0,55.15,159.15,1,25,0,0,5698,182,False,False,False,False,False,False,True
0,0,72,1,1,0,1,1,1,1,1,1,111.6,8012.75,0,42,0,0,5425,4931,True,False,False,True,False,False,False
1,1,10,1,1,0,0,0,0,0,1,1,86.65,856.65,1,74,1,0,4990,263,True,False,False,False,False,True,False
0,1,10,1,0,0,1,1,0,0,0,1,55.55,551.3,0,30,1,2,2530,433,False,False,False,False,False,False,True
0,1,11,1,0,0,0,0,0,0,0,1,20.55,184.95,0,34,1,0,3971,215,False,True,True,False,False,False,True
1,0,37,1,1,1,1,0,0,1,1,1,106.75,4056.75,1,77,0,0,5849,26438,True,False,False,False,False,False,False
0,1,17,1,1,1,0,0,1,0,0,1,62.1,1096.65,0,58,1,3,3937,459,False,False,True,False,False,False,True
0,1,36,1,1,1,0,1,0,1,1,1,104.5,3684.95,0,39,1,1,4102,88,True,False,False,False,True,False,False
1,0,17,1,0,0,1,1,0,1,1,1,101.8,1752.45,0,77,0,0,3296,332,True,False,False,False,False,True,False
1,1,66,1,1,1,1,0,1,1,1,1,110.6,7210.85,0,70,1,2,5418,528,True,False,True,False,True,False,False
0,1,61,1,0,1,1,1,1,1,1,0,84.9,5264.5,0,21,1,2,4413,4231,False,False,True,False,False,False,False
0,0,22,1,0,0,1,0,0,1,1,1,93.2,2157.3,0,50,0,0,4093,405,True,False,False,False,False,False,True
0,0,1,0,0,0,0,0,0,0,0,1,24.4,24.4,0,40,0,0,3145,734,False,False,False,False,False,True,False
0,0,6,1,0,0,0,0,0,0,0,0,70.55,433.95,0,52,0,0,4059,439,True,False,False,False,True,False,False
0,0,31,1,0,0,1,0,1,0,0,1,78.45,2435.15,1,46,0,0,3091,3749,True,False,False,False,False,True,False
0,1,68,1,0,1,1,1,1,1,1,1,85.0,5607.75,0,61,1,1,6221,5896,False,False,False,True,True,False,False
0,1,34,1,1,0,0,1,0,1,0,0,87.45,2874.15,1,39,1,0,3358,843,True,False,False,False,False,True,False
0,1,52,1,0,0,1,1,1,0,0,0,85.8,4433.3,0,61,1,1,5494,9538,True,False,False,False,False,False,False
0,0,10,1,0,0,0,1,1,1,0,1,91.1,964.35,0,43,0,3,3857,5096,True,False,False,False,False,True,False
0,1,29,1,0,0,0,0,0,0,0,1,70.75,1974.8,1,36,1,0,2663,1839,True,False,False,False,False,True,False
0,1,72,1,0,0,0,0,0,0,0,0,20.1,1460.85,0,39,1,2,4598,857,False,True,False,True,False,False,False
0,1,47,1,0,0,0,0,0,0,0,0,20.05,951.55,0,28,1,1,5183,650,False,True,True,False,False,False,True
0,1,24,1,1,1,0,0,0,1,1,0,74.8,1821.2,0,57,1,1,5535,88,False,False,True,False,False,False,True
0,0,65,1,1,0,0,0,0,0,0,0,24.8,1600.95,0,50,0,0,5826,1332,False,True,True,False,True,False,False
0,0,4,1,1,0,0,0,1,1,1,1,100.85,399.25,0,31,0,0,5354,104,True,False,False,False,False,False,True
1,1,12,1,1,0,1,0,0,1,1,1,101.35,1218.55,1,66,1,0,3967,1177,True,False,False,False,False,True,False
0,0,1,1,1,1,0,0,0,0,0,1,81.7,81.7,1,31,0,0,5574,132,True,False,False,False,False,True,False
0,0,33,1,0,0,0,0,0,0,0,0,68.25,2171.15,1,37,0,0,5647,231,True,False,False,False,False,True,False
0,0,34,1,0,0,1,1,1,1,1,1,105.1,3634.8,0,38,0,0,3941,946,True,False,False,False,False,True,False
0,1,14,1,0,0,0,0,0,0,0,0,20.4,292.4,0,46,1,0,4556,3093,False,True,False,True,False,False,True
0,0,4,1,0,0,0,0,0,0,1,1,79.15,317.25,1,41,0,0,5762,42239,True,False,False,False,False,True,False
0,1,13,1,0,0,0,0,0,0,0,0,20.0,218.55,0,54,1,2,5651,277,False,True,True,False,False,False,True
0,1,65,1,1,0,1,0,1,1,1,1,79.4,5071.9,0,42,1,1,4023,385,False,False,False,True,False,False,False
0,1,23,1,0,1,0,0,1,0,0,0,57.2,1423.35,0,59,1,2,4021,1822,False,False,True,False,True,False,False
0,1,55,1,0,1,1,1,0,0,0,0,58.6,3068.6,0,38,1,0,6231,85,False,False,False,True,False,True,False
0,1,49,1,0,0,1,0,0,1,1,1,94.8,4690.65,0,58,1,0,4252,957,True,False,False,True,False,True,False
0,1,60,1,1,0,1,1,0,1,1,0,102.5,6157.6,0,48,1,0,4968,481,True,False,True,False,False,False,False
0,1,69,1,0,0,0,0,0,0,0,1,20.35,1442.65,0,24,1,2,5188,4236,False,True,True,False,True,False,False
0,0,40,1,1,0,0,0,0,1,0,1,84.9,3369.05,0,59,0,0,2904,61,True,False,False,False,False,True,False
0,1,67,1,0,1,1,0,1,0,1,1,69.2,4671.65,0,59,1,0,4323,322,False,False,False,True,True,False,False
1,0,35,1,1,0,0,0,0,1,1,1,95.45,3474.05,1,70,0,0,2080,348,True,False,False,False,False,True,False
0,1,19,1,1,0,0,0,1,1,1,1,100.95,1875.55,1,29,1,0,4072,227,True,False,True,False,False,True,False
0,1,13,1,0,0,0,0,0,0,0,0,20.85,272.35,0,56,1,3,3163,408,False,True,False,True,False,False,True
0,0,41,1,1,0,1,0,0,1,0,1,88.5,3645.05,0,33,0,2,5984,19440,True,False,False,False,False,False,False
0,0,4,0,0,1,0,1,0,0,0,0,35.0,135.75,0,46,0,0,3523,72,False,False,False,False,False,False,True
0,1,24,1,0,1,0,0,1,0,0,0,55.15,1319.85,0,29,1,3,2200,116,False,False,False,False,False,True,False
0,0,5,0,0,0,1,0,0,1,1,1,50.95,229.4,0,46,0,0,3573,2595,False,False,False,False,True,False,False
0,0,5,1,1,0,1,0,0,0,1,1,64.0,370.25,0,37,0,0,4421,162,False,False,False,False,False,True,False
0,1,1,1,0,0,0,0,0,0,0,1,69.1,69.1,1,46,1,0,4779,4158,True,False,False,False,False,False,True
0,1,72,1,1,1,1,1,1,1,0,0,80.2,5714.2,0,39,1,3,6087,1943,False,False,False,True,False,False,False
0,0,24,1,0,0,0,1,0,0,0,1,49.3,1233.25,0,34,0,0,5394,858,False,False,False,False,True,False,False
0,1,42,1,1,1,0,1,1,1,1,0,84.35,3571.6,0,25,1,0,3363,1291,False,False,False,True,True,False,False
0,0,4,1,0,0,0,0,0,0,0,0,20.05,83.3,0,33,0,0,4596,4806,False,True,False,False,False,False,True
0,0,68,1,1,1,1,1,1,1,1,1,117.2,8035.95,0,39,0,0,4629,4002,True,False,True,False,True,False,False
0,1,33,1,0,0,0,0,0,0,0,0,20.1,579.4,0,23,1,3,3342,942,False,True,True,False,False,False,True
1,0,1,1,0,0,0,0,0,0,0,1,69.6,69.6,1,68,0,0,2151,678,True,False,False,False,False,True,False
0,0,31,1,1,0,1,1,0,1,1,1,103.45,3066.45,1,53,0,0,5387,33038,True,False,True,False,False,True,False
0,0,4,1,1,0,1,0,0,0,0,0,77.95,305.55,1,31,0,0,5365,28201,True,False,False,False,False,False,False
1,1,69,1,1,0,1,1,1,1,1,1,109.95,7634.25,0,71,1,0,4297,54492,True,False,False,True,False,True,False
1,0,38,1,1,0,0,0,0,1,1,0,94.75,3653.0,0,68,0,0,3654,44586,True,False,False,False,False,True,False
0,1,3,1,0,0,1,0,1,0,0,1,80.0,241.3,0,49,1,3,4264,58198,True,False,False,False,False,True,False
0,1,48,1,1,0,1,0,1,1,1,0,79.65,3870.3,0,44,1,1,3246,67852,False,False,False,True,False,True,False
0,1,15,1,1,0,0,0,0,0,0,0,25.2,387.9,0,35,1,0,4411,43019,False,True,False,True,False,False,True
0,0,25,1,0,0,0,0,0,0,0,0,19.9,527.5,0,50,0,0,3048,62784,False,True,True,False,True,False,False
1,0,1,1,0,0,0,0,0,1,0,0,78.45,78.45,1,65,0,0,2139,45025,True,False,False,False,False,True,False
0,0,48,0,0,1,1,0,0,1,0,1,44.8,2104.55,0,62,0,0,2469,30852,False,False,False,False,False,True,False
0,0,1,1,0,0,0,0,0,0,0,0,20.3,20.3,0,29,0,0,4270,1957,False,True,False,False,False,False,True
0,0,1,1,0,0,0,0,0,0,0,0,19.2,19.2,0,22,0,0,2716,101215,False,True,False,False,False,True,False
0,0,37,1,0,0,1,1,0,0,0,0,80.05,3019.1,0,48,0,0,3364,30596,True,False,True,False,False,True,False
1,1,66,1,1,0,1,1,1,1,1,1,107.35,7051.95,0,71,1,0,4138,9732,True,False,True,False,False,False,False
0,1,26,0,0,1,1,1,0,1,0,0,47.85,1190.5,0,34,1,0,4362,3524,False,False,True,False,False,False,False
0,1,63,1,0,1,1,0,1,1,0,0,70.8,4448.8,0,59,1,0,5114,15140,False,False,True,False,True,False,False
0,0,10,0,0,0,0,1,0,0,0,0,29.5,255.25,1,46,0,0,3797,46984,False,False,False,False,False,False,True
0,0,2,1,0,1,0,0,0,1,1,1,70.75,146.9,1,64,0,0,3257,20692,False,False,False,False,False,True,False
1,1,18,1,0,1,0,0,0,0,1,1,59.1,1011.05,0,74,1,0,2422,47143,False,False,False,False,True,False,False
0,1,64,1,1,0,0,0,0,0,0,0,25.55,1714.95,0,40,1,0,4312,67520,False,True,False,True,False,False,True
1,0,9,1,1,0,0,0,0,0,1,1,84.45,762.5,1,76,0,0,3543,4258,True,False,False,False,False,True,False
0,0,28,1,0,0,0,0,0,0,0,0,20.25,535.35,0,27,0,3,4476,3012,False,True,False,False,False,False,True
0,0,1,1,0,0,0,1,0,0,0,0,75.55,75.55,0,32,0,0,3503,68701,True,False,False,False,False,True,False
0,0,4,1,1,0,0,0,0,0,1,1,85.65,338.9,1,19,0,0,2330,47487,True,False,False,False,False,True,False
1,0,38,1,0,0,1,1,1,1,0,1,70.15,2497.35,1,73,0,0,2645,44150,False,False,True,False,True,False,False
0,1,66,1,1,0,1,1,0,0,1,0,95.3,6273.4,0,36,1,0,5706,41175,True,False,True,False,False,True,False
0,0,1,1,0,0,0,0,0,0,0,1,70.25,70.25,0,20,0,0,4063,73686,True,False,False,False,False,True,False
0,1,18,1,0,0,0,0,1,0,0,1,50.3,908.75,0,42,1,0,3740,48727,False,False,False,False,False,False,True
1,0,51,1,1,0,0,1,0,1,1,1,97.8,4913.3,1,70,0,0,6204,30568,True,False,False,False,False,True,False
0,1,0,1,0,0,0,0,0,0,0,0,19.85,0.0,0,56,1,1,2019,41713,False,True,False,True,False,False,True
0,0,1,1,0,0,0,0,0,0,0,0,46.3,46.3,1,39,0,0,3017,38415,False,False,False,False,False,False,True
0,0,12,1,0,0,0,0,0,0,0,0,19.35,212.3,0,44,0,3,2558,46960,False,True,False,True,False,False,False
0,0,41,1,1,0,1,1,0,1,1,1,106.3,4443.45,1,63,0,0,5383,49431,True,False,False,False,False,True,False
0,0,12,1,1,0,0,0,0,0,0,0,25.0,316.2,0,37,0,0,4408,58218,False,True,False,False,False,True,False
0,1,55,1,0,0,0,0,0,0,0,0,20.3,1079.05,0,62,1,1,5153,27799,False,True,False,True,False,False,True
0,0,7,1,1,0,0,0,0,0,0,1,75.35,564.65,0,63,0,0,4989,32901,True,False,False,False,False,True,False
0,0,12,1,0,0,0,1,1,0,1,1,89.4,1095.65,1,36,0,0,5047,56709,True,False,False,False,False,True,False
0,1,68,1,1,1,1,1,1,1,1,0,88.0,6161.9,0,49,1,1,5436,32562,False,False,False,True,True,False,False
1,0,5,1,1,0,0,0,0,1,0,1,83.15,446.05,1,68,0,0,2516,29310,True,False,False,False,True,False,False
1,0,49,1,0,0,0,0,0,0,0,0,43.8,2106.05,0,78,0,0,5651,9805,False,False,False,False,False,False,True
0,0,40,0,0,1,1,1,0,1,1,0,62.05,2511.55,0,38,0,0,2290,27866,False,False,True,False,True,False,False
0,0,16,1,0,0,0,0,0,0,0,0,20.1,318.6,0,23,0,0,4545,64672,False,True,True,False,False,False,False
0,0,10,1,1,0,0,0,0,0,0,1,74.15,811.8,1,28,0,0,4231,44764,True,False,False,False,False,False,True
0,1,72,1,1,0,1,1,0,1,1,1,101.35,7323.15,0,49,1,0,4497,87383,True,False,True,False,False,True,False
1,0,2,1,1,0,0,0,0,0,1,1,84.05,186.05,0,70,0,0,5039,39334,True,False,False,False,False,True,False
0,1,23,1,0,0,0,0,0,0,0,0,20.9,454.0,0,32,1,1,4076,49839,False,True,False,True,False,False,True
1,0,71,1,1,0,1,1,0,1,1,1,105.9,7521.95,0,65,0,0,5479,47107,True,False,True,False,False,True,False
0,1,11,1,1,0,0,1,0,1,1,1,99.5,1056.95,1,43,1,0,5286,21739,True,False,False,False,False,True,False
0,0,1,1,0,0,0,0,0,0,0,1,44.15,44.15,1,44,0,0,4773,33523,False,False,False,False,False,False,True
0,0,16,1,0,0,1,0,1,0,0,1,53.9,834.15,1,36,0,0,5091,8115,False,False,False,False,False,False,True
0,0,1,1,1,0,0,0,0,0,1,1,85.45,85.45,1,22,0,0,2318,44004,True,False,False,False,False,False,True
0,1,12,1,0,0,1,0,0,0,1,1,85.05,999.8,0,44,1,0,2540,3642,True,False,False,False,True,False,False
0,0,54,0,0,1,0,0,1,0,1,0,44.1,2369.7,0,52,0,0,6205,38128,False,False,True,False,False,False,False
0,1,68,1,1,0,1,1,1,0,0,0,90.2,6297.65,0,27,1,0,4095,24511,True,False,False,True,True,False,False
0,1,4,1,1,0,0,0,0,0,0,0,50.85,239.55,1,36,1,1,5386,29299,False,False,False,False,False,False,True
0,0,1,1,0,0,0,1,0,0,1,0,59.2,59.2,1,40,0,3,5020,55668,False,False,False,False,False,True,False
0,0,27,1,0,1,0,0,1,0,0,0,53.45,1461.45,0,53,0,0,2191,24505,False,False,False,False,False,False,True
0,0,21,1,0,0,0,0,0,0,0,1,19.95,416.4,0,34,0,0,3632,47534,False,True,False,False,False,False,True
0,0,13,1,0,0,0,1,0,1,0,1,83.2,1060.6,1,42,0,0,4028,55204,True,False,False,False,False,True,False
1,0,64,1,1,0,1,1,1,0,1,0,74.65,4869.35,0,68,0,0,5113,2527,False,False,False,False,True,False,False
0,0,1,1,0,1,1,0,0,0,0,1,54.9,54.9,1,19,0,0,2833,21728,False,False,False,False,False,True,False
0,1,57,0,0,0,1,1,1,1,1,1,57.5,3265.95,0,27,1,0,4133,20408,False,False,False,True,False,False,False
0,1,21,1,1,1,0,1,0,1,1,1,103.9,2254.2,1,57,1,0,3769,21,True,False,False,False,False,True,False
0,0,19,1,0,0,0,0,0,0,0,0,19.65,358.15,0,25,0,0,5596,10470,False,True,False,True,False,False,True
0,1,31,1,0,0,0,1,0,1,1,1,93.8,2939.8,0,27,1,0,2510,105285,True,False,True,False,False,True,False
0,0,52,1,1,1,1,1,1,1,1,1,89.25,4652.4,0,34,0,0,4624,21397,False,False,False,True,False,False,True
0,0,46,1,1,0,1,1,0,0,1,1,94.15,4408.45,0,55,0,0,3924,8321,True,False,True,False,False,True,False
1,0,11,1,1,1,0,0,0,0,0,1,55.6,580.8,0,73,0,0,5014,11355,False,False,False,False,False,True,False
0,1,53,0,0,1,1,1,0,0,1,1,48.7,2495.2,0,40,1,3,4116,47305,False,False,False,False,False,False,False
0,1,11,1,0,0,0,0,0,0,0,1,19.25,180.3,1,35,1,3,5638,51387,False,True,False,False,False,False,True
1,0,57,1,1,0,1,0,1,1,1,1,104.9,5913.95,0,68,0,0,5838,29825,True,False,False,False,False,False,False
1,0,2,1,1,0,0,0,0,0,0,1,75.45,158.4,1,77,0,0,3350,31963,True,False,False,False,False,False,True
1,0,2,1,0,1,1,0,0,0,0,0,54.85,104.2,1,73,0,0,3016,15195,False,False,False,False,False,False,True
0,1,71,1,0,0,0,0,0,0,0,0,19.9,1389.35,0,34,1,1,5789,24908,False,True,False,True,False,False,False
0,1,1,1,0,0,0,0,0,0,0,1,19.4,19.4,0,58,1,2,3160,40152,False,True,False,False,False,False,True
0,1,68,1,1,0,0,0,0,0,0,0,25.05,1629.2,0,19,1,0,4187,42459,False,True,False,True,True,False,False
0,1,72,1,0,1,1,1,1,1,1,0,84.45,6033.1,0,35,1,0,6297,16041,False,False,False,True,False,False,True
0,0,2,1,0,0,0,0,0,0,0,0,19.3,44.4,0,34,0,0,3009,47758,False,True,False,False,False,False,True
1,1,1,1,1,0,0,0,0,1,1,1,95.1,95.1,1,71,1,0,5795,9960,True,False,False,False,False,True,False
0,0,41,1,0,1,0,1,1,1,1,1,79.85,3320.75,0,57,0,0,5556,26442,False,False,True,False,False,False,False
0,1,72,1,1,0,0,0,0,0,0,0,25.55,1867.7,0,53,1,3,6425,93315,False,True,False,True,True,False,False
0,1,6,1,1,0,0,0,0,0,0,1,75.5,438.0,1,33,1,0,5838,18693,True,False,False,False,False,True,False
0,1,4,1,0,0,0,1,0,0,0,1,73.75,325.45,1,25,1,0,5026,78114,True,False,False,False,False,True,False
0,0,12,1,1,0,0,0,0,1,1,1,96.05,1148.1,1,39,0,0,2577,33300,True,False,False,False,False,True,False
0,1,58,1,1,1,0,0,1,0,1,1,68.4,3972.25,0,24,1,0,5269,69850,False,False,True,False,False,True,False
0,0,7,1,0,0,0,0,0,0,0,0,20.65,155.9,0,55,0,0,2100,11,False,True,False,False,False,False,True
0,1,65,1,0,1,0,1,0,0,0,1,55.15,3673.15,0,63,1,0,6205,19630,False,False,False,False,False,False,True
0,0,1,1,0,0,0,0,0,0,0,1,70.6,70.6,0,31,0,0,3530,33758,True,False,False,False,False,False,True
0,1,56,1,0,0,0,0,0,0,0,0,19.95,1126.75,0,29,1,0,4838,28094,False,True,True,False,True,False,False
0,0,4,1,0,0,0,0,0,0,0,0,19.0,73.45,0,21,0,0,4345,22548,False,True,False,False,False,False,True
0,1,58,1,0,0,0,0,0,0,0,1,44.1,2413.05,0,44,1,3,5040,24979,False,False,True,False,False,False,True
0,1,62,1,1,0,0,1,1,1,1,1,107.6,6912.7,0,54,1,0,4697,41263,True,False,False,True,False,False,False
0,0,26,1,1,1,1,0,0,0,0,0,61.55,1581.95,0,23,0,0,5156,34191,False,False,True,False,False,True,False
0,0,62,1,1,1,1,1,0,0,0,0,90.7,5586.45,0,44,0,0,5496,37322,True,False,False,False,False,False,False
0,1,58,1,0,1,1,0,0,1,1,0,99.25,5846.65,0,20,1,2,4098,96267,True,False,True,False,True,False,False
0,1,68,1,1,1,1,1,1,1,1,1,91.7,6424.7,0,45,1,0,4113,5451,False,False,False,True,False,True,False
0,1,61,1,1,1,1,1,0,0,1,1,100.7,6018.65,0,60,1,1,4804,31021,True,False,True,False,True,False,False
0,0,42,1,1,0,0,1,1,1,1,1,78.45,3373.4,0,56,0,0,3192,18058,False,False,False,True,True,False,False
0,0,18,1,1,0,0,0,0,1,0,0,84.3,1537.9,0,19,0,0,4612,11264,True,False,False,False,False,False,False
0,0,56,1,0,0,0,0,0,0,0,1,19.55,1080.55,0,57,0,0,5764,37527,False,True,False,True,False,False,False
0,0,4,1,1,0,1,0,0,0,1,1,88.95,355.2,1,30,0,0,5948,30779,True,False,False,False,False,True,False
0,0,4,1,0,0,0,0,0,0,0,0,20.45,82.85,0,31,0,0,4344,27778,False,True,False,False,True,False,False
0,0,35,1,0,1,1,0,0,0,0,0,55.6,2016.45,0,46,0,3,5964,28680,False,False,True,False,True,False,False
0,1,64,1,1,1,0,0,1,0,0,1,86.8,5327.25,0,31,1,2,4915,13779,True,False,False,False,False,False,False
0,0,31,1,0,0,0,0,0,0,0,0,20.95,683.25,0,23,0,0,5772,5221,False,True,True,False,False,False,True
1,1,67,1,0,0,0,0,0,0,0,1,20.05,1263.05,0,65,1,0,4934,11509,False,True,False,True,False,False,False
0,0,4,1,0,0,1,0,0,0,0,0,50.7,151.3,1,42,0,0,4930,23559,False,False,False,False,True,False,False
1,1,70,1,1,1,1,1,1,1,1,1,113.65,7714.65,0,77,1,0,6146,19975,True,False,False,True,False,True,False
0,0,3,1,0,0,0,0,0,1,0,0,53.4,188.7,1,23,0,0,2755,26099,False,False,False,False,True,False,False
1,1,53,1,1,0,1,0,0,1,1,1,101.9,5549.4,1,69,1,0,5884,40705,True,False,False,False,False,True,False
0,1,2,1,0,1,1,0,1,0,0,0,59.5,130.5,0,49,1,4,5613,17058,False,False,False,True,False,False,True
0,1,29,1,0,0,0,0,0,1,1,1,87.8,2621.75,0,32,1,2,4780,41979,True,False,False,False,True,False,False
0,0,47,0,0,1,0,1,1,0,0,0,41.9,1875.25,0,54,0,0,2540,31678,False,False,False,True,False,False,True
0,1,68,1,1,0,0,0,0,1,0,1,83.0,5685.8,1,42,1,0,4714,34873,True,False,True,False,False,True,False
0,0,12,1,0,1,0,0,0,1,1,1,69.85,837.5,0,41,0,1,5796,32050,False,False,False,False,False,False,True
0,1,8,1,0,0,1,0,1,0,0,0,56.3,401.5,0,24,1,1,3135,26265,False,False,False,False,False,False,False
0,1,54,1,1,1,1,1,0,1,1,0,109.55,6118.95,0,35,1,0,6130,19109,True,False,False,False,False,True,False
0,1,69,1,0,0,1,0,1,1,0,1,92.15,6480.9,0,56,1,3,5817,37887,True,False,False,True,False,False,True
0,0,26,1,1,1,1,0,0,1,0,1,69.5,1800.05,0,54,0,0,3866,38181,False,False,False,False,False,False,False
0,1,72,1,1,1,1,1,1,0,0,1,97.0,7104.2,0,27,1,0,6302,32148,True,False,False,True,False,False,False
0,0,70,0,0,1,0,1,1,1,1,1,58.35,4214.25,0,54,0,0,4093,44442,False,False,False,True,False,False,False
0,0,1,1,0,1,0,0,0,0,0,0,50.6,50.6,1,47,0,2,3677,33528,False,False,False,False,False,False,True
0,0,10,1,0,0,0,0,0,1,1,1,89.5,863.1,1,55,0,0,4206,15505,True,False,False,False,False,True,False
0,1,28,1,0,0,0,0,0,0,0,1,70.4,1992.2,0,56,1,2,5195,47344,True,False,True,False,False,False,False
0,0,1,1,0,0,0,0,0,0,0,1,69.8,69.8,1,50,0,0,4154,67354,True,False,False,False,False,True,False
0,1,21,1,1,0,0,0,0,1,1,1,94.3,1948.35,0,60,1,0,2058,47568,True,False,False,False,False,True,False
1,1,51,1,1,1,0,1,0,1,0,1,93.8,4750.95,1,80,1,0,4788,62425,True,False,False,False,False,False,False
0,1,53,1,0,0,0,0,0,0,0,0,19.55,1007.9,0,49,1,1,4670,103214,False,True,True,False,False,False,False
0,0,53,1,0,1,1,1,0,0,1,0,95.95,5036.9,0,38,0,3,4523,63288,True,False,True,False,False,True,False
0,1,24,1,1,0,0,1,0,1,1,1,101.05,2391.8,1,44,1,0,4766,16271,True,False,False,False,False,True,False
0,1,70,1,1,1,1,1,1,1,1,1,94.8,6859.05,0,30,1,0,5072,29694,False,False,False,True,True,False,False
0,0,61,1,1,1,1,1,0,1,1,1,107.75,6521.9,0,30,0,0,5364,16398,True,False,True,False,False,True,False
0,0,11,1,0,1,0,0,1,0,0,1,54.6,617.85,0,21,0,0,2573,51556,False,False,True,False,False,False,True
0,0,2,1,0,0,0,0,0,0,0,1,71.3,157.75,0,53,0,0,2274,3699,True,False,False,False,True,False,False
0,0,25,1,0,0,0,0,0,0,0,1,19.5,516.3,0,29,0,0,4761,72893,False,True,True,False,False,False,False
0,0,41,1,1,0,1,0,0,0,0,1,56.3,2364.0,0,40,0,0,2994,24660,False,False,True,False,True,False,False
0,1,18,1,1,0,0,0,0,1,1,1,94.7,1687.95,1,53,1,0,2206,30173,True,False,False,False,False,True,False
1,1,72,1,1,0,1,1,0,1,1,1,104.15,7689.95,1,66,1,0,5925,27563,True,False,False,True,False,False,False
0,1,71,1,1,1,1,1,1,1,1,1,90.55,6239.05,0,43,1,3,6009,20890,False,False,False,True,True,False,False
0,1,34,1,0,1,1,1,0,0,0,1,60.8,2042.05,0,34,1,1,4522,14852,False,False,True,False,False,False,True
0,0,29,1,0,0,0,1,1,1,1,1,98.8,2807.1,0,62,0,0,4580,21065,True,False,False,False,True,False,False
1,1,40,1,0,1,1,1,1,1,0,1,98.15,4116.8,0,68,1,0,4332,21343,True,False,True,False,True,False,False
0,1,36,0,0,1,0,1,0,0,0,0,35.35,1317.95,0,37,1,0,3314,55306,False,False,True,False,False,False,True
0,1,46,1,1,0,1,0,1,1,1,1,103.15,4594.65,0,41,1,0,3517,58639,True,False,True,False,False,True,False
0,0,58,1,1,1,1,1,0,1,1,1,107.75,6332.75,0,51,0,0,5121,21279,True,False,True,False,False,True,False
0,0,39,1,1,0,1,0,0,0,0,0,81.4,3213.75,0,54,0,0,4104,24180,True,False,True,False,True,False,False
0,1,4,1,0,0,0,0,1,0,1,0,61.45,229.55,1,44,1,1,2131,1107,False,False,False,False,True,False,False
0,1,52,1,1,0,1,1,0,1,0,1,95.7,4976.15,0,53,1,3,4415,174,True,False,True,False,True,False,False
1,1,70,1,1,0,1,1,0,1,1,1,104.8,7308.95,0,66,1,0,5291,53323,True,False,True,False,False,True,False
1,1,65,1,0,0,0,0,0,0,0,1,70.95,4555.2,0,76,1,0,4871,55486,True,False,True,False,False,False,False
0,0,1,1,0,0,0,0,0,0,0,1,44.95,44.95,0,61,0,0,3256,25566,False,False,False,False,False,False,True
0,1,70,1,1,0,0,1,0,1,1,1,97.65,6982.5,0,21,1,0,4252,38427,True,False,True,False,False,True,False
1,1,29,0,0,0,1,1,0,0,0,1,35.65,1025.15,0,67,1,1,4107,31352,False,False,False,False,False,False,True
0,0,1,1,0,0,0,0,0,1,1,1,90.55,90.55,1,20,0,0,3898,43467,True,False,False,False,False,True,False
0,0,67,1,1,1,0,1,1,1,1,1,85.25,5714.2,0,21,0,0,6322,91664,False,False,False,True,False,False,True
0,0,1,1,0,0,0,0,0,0,0,1,19.5,19.5,0,57,0,0,5279,49647,False,True,False,False,False,False,True
0,0,26,1,0,0,0,0,0,1,1,1,88.8,2274.35,1,58,0,0,4910,31556,True,False,False,False,False,False,False
0,1,30,1,1,0,0,0,0,0,0,1,25.1,789.55,0,39,1,2,5851,37417,False,True,False,True,False,False,True
0,1,48,1,0,0,0,1,1,1,1,1,100.05,4834.0,0,58,1,0,3468,35656,True,False,False,False,True,False,False
0,1,55,1,0,1,1,0,0,0,0,0,55.7,3131.8,0,49,1,2,4149,63136,False,False,False,False,False,True,False
0,0,7,1,1,0,0,0,0,0,1,1,85.2,602.55,1,23,0,0,3905,19034,True,False,False,False,False,False,True
0,0,37,1,1,1,0,0,0,1,0,1,91.15,3369.25,0,29,0,0,3194,38902,True,False,False,False,False,True,False
0,1,31,1,0,0,1,0,0,0,1,1,83.85,2674.15,0,64,1,0,4283,425,True,False,False,False,False,False,False
0,0,4,1,0,0,0,0,0,0,0,1,45.9,199.75,0,46,0,0,3200,36243,False,False,False,False,False,True,False
0,1,72,1,1,0,0,0,0,0,0,1,25.1,1790.8,0,49,1,2,4185,30028,False,True,False,True,True,False,False
1,0,5,1,0,0,0,0,0,1,1,1,91.4,449.75,1,79,0,0,2834,30933,True,False,False,False,False,True,False
0,1,1,1,0,0,0,0,0,0,0,0,19.7,19.7,0,37,1,3,2004,27414,False,True,False,False,False,False,True
1,0,15,1,0,0,0,0,0,1,1,1,91.5,1400.3,0,80,0,0,4173,20200,True,False,False,False,False,True,False
0,1,8,1,0,1,0,0,0,0,0,1,51.3,411.6,0,47,1,1,2545,41067,False,False,False,False,True,False,False
0,0,35,1,0,0,0,0,0,0,0,0,21.1,741.0,0,61,0,0,5707,7527,False,True,True,False,False,False,True
1,0,56,1,1,0,1,1,0,1,1,0,104.75,5841.35,0,67,0,0,5128,10558,True,False,False,False,False,True,False
0,1,42,1,1,0,0,1,1,1,1,1,106.15,4512.7,1,54,1,0,2265,23984,True,False,False,False,False,False,False
1,1,65,1,1,1,1,0,0,0,0,1,85.75,5688.45,0,78,1,1,4978,18752,True,False,False,False,False,True,False
0,1,2,1,0,0,0,0,0,0,0,0,20.3,31.9,0,57,1,2,2843,26753,False,True,True,False,False,False,True
1,1,65,1,1,1,0,0,0,1,1,1,100.75,6674.65,0,66,1,0,4368,16812,True,False,True,False,False,True,False
0,0,18,1,1,0,0,0,0,0,0,1,74.15,1345.75,0,43,0,0,5033,27891,True,False,False,False,False,True,False
0,0,23,1,1,1,0,1,0,1,1,1,78.55,1843.05,0,43,0,0,3127,38460,False,False,True,False,False,True,False
0,0,4,1,0,0,0,0,0,0,0,1,45.3,196.95,1,36,0,0,3443,10253,False,False,False,False,False,False,True
0,1,70,1,0,0,0,0,0,0,0,0,19.85,1433.8,0,30,1,0,4442,23742,False,True,False,True,True,False,False
0,0,4,1,1,0,0,0,0,0,0,0,50.7,214.55,0,24,0,0,4288,32369,False,False,False,False,False,True,False
0,0,19,1,0,0,0,0,0,0,0,1,45.0,865.85,0,53,0,0,4519,13158,False,False,False,False,False,False,False
0,0,18,1,0,0,1,1,0,0,0,0,77.8,1358.6,0,61,0,0,4228,23981,True,False,False,False,False,True,False
1,1,38,1,0,1,0,0,0,0,1,1,83.45,3147.15,0,76,1,0,2768,21990,True,False,False,False,False,True,False
0,0,2,1,1,0,0,0,0,0,0,1,73.25,131.05,1,37,0,0,2919,14493,True,False,False,False,True,False,False
0,0,47,1,1,1,1,0,0,1,0,0,94.8,4535.85,0,51,0,0,5022,17015,True,False,True,False,False,False,False
0,1,52,1,0,0,0,0,0,0,0,0,20.1,1078.75,0,22,1,1,4529,41390,False,True,False,True,False,False,False
0,0,9,1,1,0,0,0,0,0,1,0,59.9,542.4,0,46,0,0,5414,31297,False,False,False,False,False,False,True
0,1,26,1,1,1,1,1,1,1,1,1,90.1,2312.55,0,46,1,0,2068,9864,False,False,True,False,True,False,False
0,1,8,1,0,0,0,1,0,0,0,1,51.05,415.05,1,47,1,1,3758,16910,False,False,False,False,False,True,False
0,1,44,1,0,0,1,1,1,1,0,1,70.95,3250.45,0,19,1,0,3678,29110,False,False,True,False,False,True,False
0,0,3,0,0,0,1,0,0,0,0,0,29.2,98.5,0,34,0,0,4699,25303,False,False,False,False,False,False,True
0,0,2,1,0,0,0,0,0,0,0,1,46.6,87.9,0,45,0,0,5096,23661,False,False,False,False,False,False,False
0,1,9,1,1,0,0,0,0,1,0,1,85.35,754.65,1,63,1,0,2445,23519,True,False,False,False,False,False,False
1,0,1,1,1,0,0,0,0,0,0,1,75.35,75.35,1,80,0,0,4403,49242,True,False,False,False,False,True,False
0,0,25,1,0,1,0,0,0,0,0,0,74.3,1952.25,0,53,0,0,4815,43857,True,False,False,False,False,False,False
1,1,2,1,0,0,0,0,0,0,0,1,69.3,153.8,0,79,1,0,2901,23637,True,False,False,False,False,True,False
0,0,43,1,0,1,0,0,0,0,0,1,75.2,3198.6,1,63,0,0,4673,35325,True,False,False,False,False,True,False
0,0,1,1,0,0,0,0,0,0,0,0,20.9,20.9,1,54,0,0,5527,27614,False,True,False,False,False,False,True
0,1,58,1,1,0,1,1,0,0,1,1,94.3,5610.15,0,49,1,0,6166,37779,True,False,True,False,False,True,False
0,1,59,1,1,1,0,1,1,1,0,1,76.45,4519.5,0,33,1,1,5978,30742,False,False,False,True,False,False,True
0,0,44,0,0,1,0,1,0,1,1,1,54.0,2440.25,0,55,0,0,4256,25751,False,False,True,False,False,True,False
0,0,66,1,1,0,1,0,1,1,1,1,104.25,6860.6,0,43,0,0,4915,32307,True,False,True,False,False,True,False
0,1,68,1,0,0,0,0,0,0,0,0,19.95,1377.7,0,45,1,3,4165,28067,False,True,False,True,False,False,False
0,0,9,0,0,0,0,0,0,0,0,1,24.95,190.25,0,61,0,0,5473,97318,False,False,False,False,False,True,False
0,0,19,1,1,1,0,1,0,0,0,1,84.75,1651.95,0,29,0,0,5157,68018,True,False,False,False,False,True,False
0,0,4,1,0,0,0,0,0,0,0,0,19.75,78.3,0,20,0,0,4987,33389,False,True,False,False,False,False,True
0,0,70,1,1,1,1,1,1,1,1,1,113.65,7939.25,0,28,0,0,6424,81986,True,False,False,True,False,False,False
0,0,1,1,0,0,0,0,0,0,0,1,44.9,44.9,0,44,0,0,2451,57017,False,False,False,False,False,False,True
0,0,8,1,1,0,0,0,0,0,0,1,75.25,576.7,0,51,0,0,2332,48867,True,False,False,False,False,True,False
0,0,53,1,1,0,0,0,0,0,0,0,24.6,1279.0,0,24,0,0,4610,17112,False,True,False,True,False,False,True
1,0,51,1,1,0,0,0,0,0,0,0,25.0,1260.7,0,67,0,0,5896,40077,False,True,True,False,False,False,False
0,1,11,1,0,0,0,0,0,0,0,0,20.95,267.35,0,33,1,2,4075,59259,False,True,False,False,False,False,False
0,1,60,1,1,1,0,1,1,1,1,1,110.6,6586.85,0,48,1,3,5756,46639,True,False,False,True,False,True,False
0,0,17,1,0,1,1,0,0,0,0,1,55.5,934.15,0,64,0,0,3190,17846,False,False,False,False,True,False,False
0,0,3,1,0,0,0,0,0,0,0,1,43.3,123.65,1,23,0,0,4849,24977,False,False,False,False,False,True,False
0,1,70,1,0,1,1,1,1,1,1,1,109.5,7534.65,1,38,1,0,6136,27424,True,False,True,False,False,False,False
0,0,1,1,0,0,0,0,0,0,0,0,19.45,19.45,0,34,0,0,2133,42526,False,True,False,False,False,False,True
1,0,43,1,1,0,0,0,0,1,0,1,84.85,3645.6,0,74,0,0,4556,18735,True,False,False,False,False,True,False
0,1,16,1,0,0,0,0,0,0,0,0,19.6,314.45,0,48,1,0,4298,33057,False,True,False,False,False,False,True
0,1,57,1,0,1,1,0,0,0,0,0,53.45,3053.0,0,33,1,2,5660,25988,False,False,True,False,False,True,False
0,1,37,1,0,0,0,0,0,0,0,0,19.8,677.05,0,31,1,1,5137,36123,False,True,True,False,True,False,False
0,1,72,1,1,1,1,1,1,1,1,0,112.1,7965.95,0,56,1,0,4272,14814,True,False,False,True,True,False,False
1,0,11,1,1,0,0,0,0,0,1,1,84.8,906.85,1,78,0,0,5118,9937,True,False,False,False,True,False,False
1,1,50,1,1,0,1,1,0,1,0,1,95.05,4888.7,1,67,1,0,5863,22177,True,False,False,False,False,True,False
1,0,5,1,0,0,0,1,0,0,0,0,50.35,237.25,1,73,0,0,4618,40376,False,False,False,False,False,True,False
0,1,1,1,1,0,0,0,0,0,0,1,74.6,74.6,1,63,1,0,5861,42239,True,False,False,False,False,False,False
0,0,16,1,0,0,0,0,0,0,0,1,19.7,342.4,1,35,0,0,3438,22085,False,True,False,False,False,False,True
1,1,2,1,0,0,0,1,0,0,0,1,74.2,140.1,0,69,1,0,3170,51348,True,False,False,False,False,True,False
0,0,17,1,1,0,0,1,1,1,0,1,69.0,1108.0,0,53,0,0,4439,50047,False,False,False,False,False,False,True
0,0,16,1,0,0,0,0,0,0,0,0,19.35,295.55,0,63,0,0,2017,23646,False,True,True,False,True,False,False
0,0,15,1,0,0,0,1,0,0,1,1,59.45,892.65,1,25,0,0,5129,29387,False,False,False,False,False,True,False
0,0,10,1,0,0,0,0,0,0,0,1,19.8,198.25,0,57,0,0,5270,13129,False,True,True,False,False,False,True
0,0,46,1,0,1,1,0,1,1,1,1,105.2,4822.85,1,23,0,0,3322,18112,True,False,True,False,False,False,False
0,1,64,1,1,0,1,1,1,1,1,1,109.2,6741.15,0,53,1,1,5543,11517,True,False,False,True,True,False,False
0,0,1,1,1,0,1,0,0,0,0,1,79.15,79.15,0,33,0,0,2742,25882,True,False,False,False,False,False,True
0,1,25,1,0,0,1,1,0,0,0,0,53.65,1355.45,0,63,1,3,5854,29245,False,False,True,False,False,False,True
0,1,71,1,0,1,1,1,1,1,0,0,100.2,7209.0,0,22,1,1,5502,18539,True,False,False,True,True,False,False
0,0,8,1,0,0,0,0,0,0,0,1,45.15,438.4,1,59,0,0,3721,30568,False,False,False,False,False,False,True
0,1,72,1,0,1,1,1,1,1,1,1,108.65,7726.35,0,63,1,1,5730,16996,True,False,False,True,False,False,False
0,1,49,0,0,1,0,0,0,1,0,0,40.65,2070.75,0,57,1,0,5565,26157,False,False,False,False,False,False,False
0,1,29,0,0,1,1,1,1,0,1,1,55.35,1636.95,0,62,1,3,5138,57146,False,False,True,False,True,False,False
0,1,72,1,1,1,1,1,1,0,1,0,105.6,7581.5,0,59,1,0,5981,45358,True,False,False,True,False,False,False
0,1,31,1,1,0,1,1,0,1,0,0,93.8,3019.5,1,62,1,0,4115,27453,True,False,False,False,False,True,False
0,0,50,1,1,0,0,0,0,1,1,1,95.7,4729.75,0,42,0,0,4164,39064,True,False,False,False,False,True,False
0,1,71,1,1,1,0,1,1,1,1,0,83.2,6126.1,0,47,1,0,5350,57775,False,False,False,True,False,True,False
1,1,70,1,1,1,1,1,1,1,1,0,90.05,6333.4,0,65,1,0,4666,76890,False,False,False,True,True,False,False
0,0,71,1,1,1,0,0,1,0,1,0,97.65,6687.85,0,47,0,0,5319,66754,True,False,True,False,True,False,False
0,1,61,1,0,1,1,1,1,0,0,1,68.05,4158.25,0,23,1,2,4436,75319,False,False,False,True,False,False,False
0,0,32,1,0,0,0,0,1,1,1,1,96.2,3183.4,1,45,0,0,3606,34716,True,False,False,False,False,True,False
0,0,1,1,0,0,0,0,0,0,1,1,79.6,79.6,1,20,0,0,3108,33817,True,False,False,False,False,True,False
0,0,68,1,1,1,1,1,0,0,1,1,102.1,7149.35,0,40,0,0,5228,17554,True,False,False,True,False,False,False
0,0,62,1,1,0,0,0,0,0,0,0,23.4,1429.65,0,43,0,0,5822,25068,False,True,False,True,False,False,False
0,0,7,1,0,0,0,0,0,0,0,1,71.05,472.65,0,48,0,1,4668,51970,True,False,False,False,False,True,False
0,0,20,1,1,0,0,0,0,1,0,1,85.25,1734.5,1,49,0,0,2414,30211,True,False,False,False,False,True,False
0,1,6,1,0,0,0,0,0,0,0,0,19.45,113.5,0,53,1,3,3461,62660,False,True,True,False,False,False,True
1,0,33,0,0,1,1,1,0,1,1,1,59.45,1884.65,0,80,0,0,3116,45645,False,False,False,False,False,False,False
0,1,28,1,1,0,0,0,0,1,1,0,92.2,2568.15,0,37,1,3,5116,23079,True,False,True,False,False,False,False
0,0,27,1,0,0,0,0,0,0,0,0,19.85,470.0,0,27,0,0,2176,12937,False,True,False,True,True,False,False
0,0,7,1,0,0,0,0,0,0,0,0,43.9,278.4,0,41,0,0,3565,25135,False,False,False,False,False,False,True
0,0,26,1,1,0,0,0,1,0,0,1,80.5,2088.8,1,34,0,0,2729,24973,True,False,False,False,False,True,False
1,0,5,1,1,0,1,0,0,0,1,1,89.8,502.6,1,75,0,0,2960,57146,True,False,False,False,False,True,False
1,0,30,1,1,1,0,0,0,0,1,1,90.5,2595.85,0,69,0,0,5983,53686,True,False,False,False,True,False,False
0,0,63,1,1,0,1,0,0,0,1,0,90.45,5825.5,0,33,0,0,4616,30802,True,False,True,False,True,False,False
0,0,1,1,0,0,1,0,0,0,0,1,50.75,50.75,1,61,0,0,5355,46342,False,False,False,False,False,True,False
0,0,53,1,1,0,1,1,1,1,1,1,84.6,4449.75,0,55,0,2,4733,35530,False,False,True,False,False,True,False
0,1,14,1,0,0,1,0,1,0,1,1,89.65,1208.35,1,57,1,0,2504,18980,True,False,False,False,True,False,False
0,0,21,1,0,0,1,0,1,1,1,1,99.15,1956.4,0,22,0,0,5324,33280,True,False,False,False,False,False,False
0,0,17,1,0,0,0,0,0,0,0,0,19.95,310.6,0,23,0,0,2221,26933,False,True,True,False,False,False,True
0,1,16,1,0,0,0,0,0,0,0,0,20.5,290.55,0,30,1,2,2856,47,False,True,False,True,False,False,True
0,0,35,1,0,0,0,1,0,0,1,1,62.1,2096.1,0,61,0,0,5315,56280,False,False,False,False,False,True,False
1,0,32,1,0,0,0,0,0,0,1,1,79.5,2665.0,0,74,0,0,3041,54254,True,False,False,False,False,True,False
0,1,28,1,0,0,0,0,0,0,0,1,19.55,543.8,0,27,1,3,3948,34447,False,True,False,False,False,False,False
0,0,1,1,0,0,0,0,0,0,0,1,20.35,20.35,0,30,0,0,2183,49474,False,True,False,False,False,False,True
0,0,59,0,0,0,0,0,1,1,1,1,51.7,3005.8,0,43,0,0,6107,46532,False,False,False,False,False,True,False
0,1,72,1,1,0,0,0,0,0,0,1,23.3,1623.15,0,26,1,2,4152,69974,False,True,True,False,False,False,False
0,0,36,1,0,0,1,0,1,0,1,1,65.4,2498.4,1,25,0,0,5220,46626,False,False,True,False,False,False,True
0,0,40,1,0,1,1,0,0,1,0,0,65.1,2586.0,0,32,0,0,3885,36057,False,False,False,False,False,False,True
0,1,40,1,1,0,0,1,0,0,0,1,81.2,3292.3,0,55,1,3,5370,61623,True,False,False,False,False,True,False
0,0,9,1,0,0,0,1,1,1,1,1,72.9,651.4,1,50,0,2,3585,33878,False,False,False,False,False,False,True
0,1,63,1,0,1,1,1,1,1,0,0,74.5,4674.55,0,22,1,2,6382,23444,False,False,False,True,True,False,False
0,0,3,1,0,0,0,0,0,1,0,1,80.5,232.35,0,48,0,0,2032,38041,True,False,False,False,False,True,False
0,1,40,0,0,0,1,1,1,1,1,0,60.3,2448.5,0,19,1,2,3724,32718,False,False,True,False,False,False,True
0,1,8,1,0,1,0,0,0,0,0,1,75.0,658.1,0,57,1,0,5413,23331,True,False,False,False,False,False,True
1,1,34,1,0,1,0,0,1,1,0,0,90.15,3128.8,0,71,1,0,3202,48827,True,False,True,False,False,False,True
0,0,5,0,0,1,0,1,1,0,0,0,40.0,223.45,1,25,0,0,3125,45118,False,False,False,False,False,False,True
1,0,9,1,1,0,1,0,0,1,1,1,99.45,919.4,1,67,0,0,2313,44099,True,False,False,False,True,False,False
0,1,9,1,1,0,1,1,0,0,1,1,69.05,653.95,0,27,1,0,2907,30458,False,False,False,False,True,False,False
0,1,31,1,1,0,0,0,0,0,1,0,59.7,1825.5,0,21,1,1,2425,31622,False,False,False,False,False,False,False
0,1,50,1,0,0,0,0,0,0,0,1,19.85,943.1,0,30,1,0,4358,54382,False,True,True,False,False,False,False
0,0,2,1,0,1,1,0,1,0,0,1,86.25,181.65,1,40,0,0,3529,30635,True,False,False,False,False,True,False
0,0,1,1,0,0,0,0,0,0,0,1,45.65,45.65,1,43,0,0,4689,16486,False,False,False,False,False,True,False
0,0,8,1,0,0,0,0,0,0,0,1,70.1,551.35,1,30,0,0,2899,17389,True,False,False,False,False,False,True
0,0,9,0,0,0,1,0,0,0,1,0,40.75,359.4,0,45,0,0,2973,1509,False,False,False,False,False,True,False
1,0,2,1,0,0,0,0,0,0,0,1,70.2,115.95,1,75,0,0,2767,3133,True,False,False,False,False,False,False
0,0,3,1,0,1,1,0,0,0,0,0,55.35,165.2,1,19,0,0,5787,74025,False,False,False,False,False,True,False
0,1,25,1,0,0,0,0,1,1,1,1,95.7,2338.35,0,51,1,0,4535,71126,True,False,False,False,True,False,False
1,0,1,1,0,0,0,0,0,0,0,0,46.3,46.3,0,71,0,0,2546,12884,False,False,False,False,False,True,False
0,1,45,1,1,1,1,1,1,1,0,0,81.3,3541.1,0,51,1,2,3111,2606,False,False,False,False,False,False,True
1,1,51,1,1,0,1,1,0,0,0,1,84.2,4146.05,1,80,1,0,6245,9278,True,False,False,False,False,True,False
0,1,55,1,0,0,0,0,0,0,0,0,20.0,1087.25,0,31,1,1,4277,1587,False,True,False,False,True,False,False
0,0,38,1,1,1,1,1,0,0,0,1,66.15,2522.4,0,39,0,0,4933,727,False,False,False,False,False,False,False
0,0,2,1,0,0,0,0,0,0,0,0,45.85,81.0,1,34,0,0,3843,796,False,False,False,False,False,False,True
0,1,38,1,0,0,0,0,0,0,0,0,19.6,717.3,0,40,1,2,3854,26662,False,True,False,False,False,True,False
0,0,34,1,0,0,1,0,0,0,0,1,49.8,1734.2,0,34,0,0,2711,699,False,False,False,False,False,True,False
0,1,70,1,1,0,0,1,0,1,1,1,101.75,7069.3,0,19,1,0,5596,8759,True,False,True,False,False,True,False
0,0,13,1,0,1,0,0,1,0,0,0,55.15,742.9,0,20,0,0,3161,44652,False,False,True,False,False,False,True
0,0,39,1,1,0,0,0,0,0,0,0,75.25,3017.65,1,64,0,0,4696,24005,True,False,False,False,False,True,False
0,0,61,1,1,0,1,1,0,1,1,1,103.95,6423.0,0,21,0,0,4148,24961,True,False,True,False,False,True,False
0,0,12,1,1,0,0,1,0,1,1,1,100.15,1164.3,1,24,0,0,3682,81,True,False,False,False,False,False,False
0,0,41,1,0,0,1,0,1,1,1,1,99.65,4220.35,0,29,0,0,2640,62355,True,False,False,True,True,False,False
0,0,21,1,1,0,0,0,0,0,0,1,73.7,1558.7,0,28,0,0,2071,1604,True,False,False,False,False,True,False
1,0,55,0,0,0,0,1,0,1,1,1,50.05,2743.45,0,71,0,0,4932,905,False,False,True,False,False,False,False
0,1,69,0,0,1,0,1,1,1,1,0,60.25,4055.5,0,22,1,0,5717,56100,False,False,False,True,False,False,False
1,1,26,1,1,0,1,1,0,1,1,0,105.75,2710.25,1,72,1,0,3157,7863,True,False,False,False,False,True,False
1,1,69,1,0,1,1,0,0,0,1,0,87.3,6055.55,0,67,1,0,4148,91,True,False,True,False,True,False,False
1,1,18,0,0,0,0,1,0,1,1,1,48.35,810.7,1,70,1,0,2167,3849,False,False,False,False,False,True,False
0,1,47,1,1,0,1,0,0,0,0,0,54.25,2538.2,0,28,1,1,2320,2863,False,False,False,False,False,True,False
0,1,72,1,0,1,1,1,1,1,1,0,85.3,6129.2,0,46,1,1,4456,10375,False,False,False,True,False,False,False
1,1,33,0,0,0,1,1,1,1,0,1,50.0,1750.85,0,80,1,0,5600,35582,False,False,False,False,False,True,False
0,1,2,0,0,0,0,0,0,0,0,1,24.4,36.55,1,53,1,3,2635,43161,False,False,False,False,False,False,True
0,1,72,1,1,1,1,1,1,1,1,0,90.95,6652.45,0,20,1,1,5096,13945,False,False,False,True,True,False,False
1,1,37,1,0,0,0,0,0,0,0,1,72.25,2575.45,0,75,1,0,4121,40995,True,False,False,False,False,False,False
1,1,62,1,1,0,1,1,0,0,1,1,96.1,6019.35,0,67,1,2,5868,55277,True,False,False,False,True,False,False
0,1,71,1,0,0,0,0,0,0,0,0,19.85,1379.6,0,44,1,0,4121,61872,False,True,False,True,True,False,False
0,0,23,1,0,0,1,0,1,0,0,1,55.3,1284.2,0,25,0,3,4028,47126,False,False,False,False,False,False,False
0,0,16,1,0,0,0,0,0,0,0,0,20.1,296.15,0,35,0,0,5052,49281,False,True,True,False,False,False,True
0,0,9,1,0,1,0,1,1,1,0,1,69.5,653.25,0,24,0,0,3628,43436,False,False,False,False,False,False,True
0,1,17,1,1,0,0,0,0,0,0,1,25.15,412.6,0,33,1,3,3931,48690,False,True,False,True,False,False,True
0,0,4,1,0,0,0,0,0,0,0,0,20.95,85.5,1,36,0,0,5822,42239,False,True,False,False,False,False,False
1,1,1,1,0,1,0,0,0,0,0,1,49.55,49.55,1,73,1,0,4989,17944,False,False,False,False,False,True,False
0,1,24,1,1,0,0,1,0,0,0,1,79.65,1928.7,0,24,1,0,3816,3577,True,False,False,False,False,False,True
1,0,1,1,0,0,0,0,0,0,0,1,71.25,71.25,0,68,0,0,5033,42617,True,False,False,False,False,True,False
1,0,72,1,1,1,1,1,1,1,1,0,113.8,7845.8,0,75,0,0,4598,42277,True,False,False,True,False,False,False
0,1,72,1,1,0,0,0,0,0,0,0,24.55,1750.7,0,41,1,0,4169,98239,False,True,False,True,False,True,False
0,0,11,1,0,0,0,0,0,0,0,0,19.7,216.2,0,57,0,1,3838,52895,False,True,False,False,True,False,False
0,0,9,1,0,0,0,0,0,0,0,0,20.25,178.5,1,37,0,0,3361,46893,False,True,False,False,False,False,True
1,1,2,1,0,0,1,0,0,0,0,0,50.15,115.1,1,75,1,0,5461,1831,False,False,False,False,True,False,False
1,1,60,1,1,0,0,1,0,1,1,1,100.5,6029.0,0,74,1,0,6442,234,True,False,True,False,True,False,False
1,1,29,1,1,0,1,1,0,0,1,1,95.9,2745.2,1,70,1,0,2151,2615,True,False,False,False,False,True,False
0,0,49,1,0,0,0,1,1,1,1,1,74.45,3721.9,0,58,0,0,4517,47969,False,False,False,True,False,False,False
1,0,30,1,1,0,1,1,0,1,1,1,104.1,3121.1,0,80,0,0,5655,33104,True,False,False,False,False,True,False
0,1,53,1,0,0,0,0,0,0,0,0,19.05,990.45,0,50,1,0,6160,339,False,True,True,False,True,False,False
0,0,39,1,1,0,0,0,0,0,0,0,25.0,1004.35,0,52,0,3,4295,7615,False,True,False,True,False,False,True
0,0,9,1,0,0,0,0,0,0,0,0,19.05,157.65,0,45,0,0,3248,52664,False,True,False,False,False,False,True
0,0,39,1,0,0,0,1,1,0,0,0,81.9,3219.75,0,47,0,0,3446,1143,True,False,True,False,False,True,False
1,0,8,1,0,0,0,0,0,0,0,1,69.7,572.85,0,66,0,0,5242,53510,True,False,False,False,False,True,False
0,1,51,1,1,0,0,1,0,0,1,1,90.15,4554.85,0,21,1,3,5692,12173,True,False,True,False,False,True,False
0,1,71,1,1,0,0,0,0,0,0,0,25.35,1847.55,0,21,1,2,5747,6760,False,True,False,True,True,False,False
1,0,71,1,1,0,0,0,0,0,0,1,24.65,1766.75,0,79,0,0,4788,14575,False,True,False,True,False,False,True
1,1,70,1,0,0,0,0,0,0,0,1,19.55,1462.05,0,73,1,0,5209,62036,False,True,False,True,True,False,False
1,0,1,0,0,0,0,0,0,0,0,0,25.25,25.25,1,77,0,0,4628,44692,False,False,False,False,False,True,False
0,1,38,0,0,1,1,0,1,1,1,1,60.0,2193.2,0,47,1,0,2187,1205,False,False,False,True,False,False,False
0,1,28,1,0,0,1,1,0,0,1,0,89.9,2433.5,0,56,1,0,3676,1072,True,False,False,False,True,False,False
0,1,32,1,0,0,0,0,0,0,0,0,19.4,641.15,0,57,1,0,3846,27505,False,True,False,False,False,False,False
1,1,49,1,0,0,1,0,0,0,0,0,49.8,2398.4,0,74,1,0,4306,47140,False,False,False,True,False,False,True
0,1,37,1,1,0,0,0,0,0,0,1,24.1,861.85,0,40,1,1,3753,30202,False,True,False,True,False,False,False
0,0,10,1,0,0,0,1,1,0,0,0,54.25,583.0,0,41,0,0,2253,47689,False,False,False,False,False,True,False
0,1,67,1,1,1,1,1,0,1,1,0,109.9,7332.4,0,36,1,0,5416,73006,True,False,True,False,True,False,False
0,0,7,0,0,0,0,1,1,0,0,1,35.5,249.55,0,28,0,0,5124,18525,False,False,True,False,True,False,False
0,0,51,1,0,0,0,0,0,1,1,0,87.55,4475.9,0,36,0,0,6021,27959,True,False,True,False,True,False,False
0,0,9,1,0,0,0,0,0,0,0,0,45.15,416.45,1,38,0,0,3757,11650,False,False,False,False,False,True,False
0,0,9,1,0,0,0,0,0,1,1,1,88.4,788.6,0,23,0,0,2952,46086,True,False,False,False,False,False,True
0,0,4,1,0,0,0,0,1,0,0,1,50.8,202.3,0,58,0,0,4521,24169,False,False,False,False,False,False,True
0,1,71,1,1,1,1,1,0,1,0,1,99.0,6994.6,0,50,1,0,5295,46828,True,False,False,True,False,True,False
0,1,50,1,1,0,0,0,0,1,0,1,84.4,4116.15,1,59,1,0,5135,47431,True,False,False,False,False,False,False
1,1,24,1,0,0,0,1,0,1,1,1,96.55,2263.45,0,69,1,1,4309,66838,True,False,False,True,False,True,False
0,1,22,1,0,1,0,0,0,1,0,1,59.75,1374.35,0,22,1,0,3947,56887,False,False,True,False,False,False,False
0,0,44,1,1,1,1,1,0,1,1,1,111.5,4915.15,0,48,0,0,2827,33083,True,False,False,False,False,True,False
0,1,33,1,1,0,0,0,0,0,0,0,24.25,838.5,0,49,1,2,5531,51213,False,True,False,False,False,False,False
0,0,1,1,1,0,0,0,0,0,0,1,75.1,75.1,1,36,0,0,4335,24093,True,False,False,False,False,True,False
0,1,54,1,1,0,0,0,0,1,1,1,70.15,3715.65,1,50,1,0,4596,21866,False,False,True,False,True,False,False
0,0,42,1,1,0,1,0,0,1,1,1,101.75,4273.45,1,64,0,0,5545,25569,True,False,False,False,False,True,False
0,0,1,1,0,0,0,0,0,0,0,0,45.8,45.8,1,41,0,0,5973,4258,False,False,False,False,False,True,False
0,0,1,1,0,0,0,0,0,0,0,0,20.5,20.5,0,54,0,0,4454,34902,False,True,False,False,False,False,True
0,0,30,1,0,1,1,0,1,1,0,0,70.4,2044.75,0,47,0,0,3380,25232,False,False,True,False,False,True,False
0,0,1,0,0,0,0,0,1,0,0,0,30.55,30.55,0,60,0,0,5565,30206,False,False,False,False,False,False,True
0,1,16,1,1,1,1,0,1,1,1,0,84.9,1398.25,0,22,1,2,2269,74232,False,False,False,False,False,True,False
0,0,1,1,0,0,0,0,0,0,0,1,20.1,20.1,1,63,0,0,4933,20046,False,True,False,False,False,False,True
0,1,9,0,0,0,0,0,1,1,0,0,40.65,328.95,1,64,1,0,4800,42733,False,False,False,False,False,False,True
1,1,46,1,1,0,0,1,0,1,1,1,101.0,4680.05,1,80,1,0,2436,47224,True,False,False,False,False,True,False
0,0,1,1,0,0,0,0,0,0,0,1,69.1,69.1,1,62,0,0,5795,28201,True,False,False,False,False,True,False
0,1,71,1,0,1,0,0,1,0,0,0,54.5,3778.2,0,21,1,0,4957,29283,False,False,False,True,False,False,False
0,0,43,1,1,0,0,0,0,0,0,1,75.35,3161.4,0,39,0,0,4898,36351,True,False,False,False,True,False,False
0,1,50,0,0,1,0,0,1,1,0,1,44.45,2188.45,0,20,1,0,5363,68776,False,False,True,False,False,False,False
0,0,13,1,1,0,0,0,0,0,0,1,75.0,999.45,1,25,0,0,2189,28488,True,False,False,False,False,False,True
0,1,19,1,0,0,1,0,1,1,1,0,100.0,1888.65,1,56,1,0,2608,56307,True,False,True,False,False,False,False
0,0,41,1,1,0,0,1,0,1,1,0,98.05,3990.6,0,43,0,0,5614,2743,True,False,False,False,False,False,False
1,0,1,1,0,0,0,0,0,0,0,1,71.15,71.15,1,78,0,0,5287,3873,True,False,False,False,False,True,False
0,0,24,0,0,0,1,1,0,1,1,1,54.15,1240.25,1,25,0,0,5153,19702,False,False,False,False,True,False,False
0,1,40,1,1,0,1,0,0,1,0,0,63.9,2635.0,0,27,1,0,2654,25859,False,False,True,False,False,False,False
0,1,3,1,1,0,1,1,0,1,0,1,69.15,235.0,0,23,1,3,2301,17721,False,False,False,False,False,False,False
0,0,37,1,1,1,0,0,0,1,0,0,64.65,2347.85,0,42,0,0,5255,24659,False,False,True,False,False,False,False
0,1,67,1,1,1,0,1,1,1,1,1,108.75,7156.2,1,59,1,0,5516,23394,True,False,False,True,True,False,False
0,1,32,1,1,0,1,0,0,1,1,1,98.85,3089.6,0,59,1,1,3149,2355,True,False,False,False,False,True,False
0,1,6,1,0,0,0,0,1,0,0,1,49.15,270.8,1,59,1,0,5271,27804,False,False,False,False,False,True,False
0,1,32,1,1,1,0,0,0,1,0,0,89.6,2901.8,0,25,1,3,4444,7857,True,False,False,False,False,True,False
0,0,59,1,1,0,1,1,0,0,0,1,83.25,4949.1,0,48,0,0,4094,43141,True,False,False,False,False,True,False
0,1,30,1,0,0,1,1,1,0,1,0,70.25,2198.9,0,53,1,0,5417,23170,False,False,True,False,False,False,False
0,0,20,1,0,0,0,0,0,0,0,1,19.4,374.5,1,30,0,3,3785,964,False,True,False,False,False,True,False
0,1,27,1,1,0,0,0,0,0,0,0,24.5,761.95,0,51,1,1,2645,22796,False,True,False,True,False,True,False
1,0,20,1,1,1,0,0,0,0,0,1,79.15,1520.9,1,69,0,0,4997,5529,True,False,False,False,False,True,False
0,0,9,1,0,0,0,0,0,0,0,0,20.1,190.25,0,60,0,3,3444,1564,False,True,True,False,False,False,True
0,1,68,1,1,1,1,1,0,1,0,1,73.0,5163.0,0,47,1,2,4156,43712,False,False,True,False,True,False,False
0,1,69,1,1,1,0,0,1,0,0,0,61.4,4059.85,0,56,1,2,5266,3535,False,False,False,True,True,False,False
0,0,26,1,1,0,0,1,1,0,0,1,84.3,2281.6,0,62,0,0,5471,8062,True,False,False,False,False,False,True
0,1,69,1,0,0,0,0,0,0,0,0,19.9,1356.7,0,49,1,2,6058,14546,False,True,False,True,False,False,False
0,0,11,1,0,0,0,0,0,0,0,0,20.4,231.45,0,60,0,0,5397,8141,False,True,False,True,False,False,True
0,0,1,1,1,0,0,0,0,0,0,0,50.75,50.75,0,19,0,0,3631,23971,False,False,False,False,False,False,True
0,1,10,1,0,0,0,0,0,0,0,0,20.45,242.4,0,37,1,1,4613,8768,False,True,True,False,False,False,True
0,1,55,1,1,1,1,0,1,0,1,1,75.75,4264.25,0,41,1,3,4489,3499,False,False,True,False,False,False,False
0,0,44,1,0,1,0,0,1,1,0,0,65.4,2774.55,0,42,0,0,5827,2753,False,False,True,False,False,True,False
1,1,46,1,0,0,0,0,0,0,1,1,80.4,3605.2,1,71,1,0,4876,732,True,False,False,False,False,True,False
0,1,69,1,0,1,1,1,0,0,0,1,59.75,4069.9,0,32,1,1,4665,471,False,False,False,True,False,False,False
1,0,11,1,0,0,0,0,0,0,1,1,78.5,874.2,0,71,0,0,4333,29340,True,False,False,False,False,True,False
0,1,11,1,1,0,1,0,0,1,1,1,102.0,1145.35,1,36,1,0,5750,24924,True,False,False,False,False,True,False
0,0,29,1,0,0,0,1,0,0,0,0,48.95,1323.7,0,34,0,0,4825,18884,False,False,False,False,False,False,False
0,1,57,1,1,1,0,0,0,1,1,1,99.65,5497.05,0,32,1,0,5106,291,True,False,False,False,False,True,False
0,0,28,1,0,0,0,0,0,0,0,0,18.25,534.7,0,58,0,0,5327,131,False,True,True,False,True,False,False
0,0,42,1,0,1,0,1,0,0,0,0,54.55,2455.05,0,42,0,0,5387,354,False,False,False,False,True,False,False
0,0,2,1,0,0,0,0,0,0,0,0,20.65,38.7,1,60,0,0,3845,12465,False,True,False,False,False,False,True
0,0,23,0,0,1,1,0,1,0,0,0,40.65,947.4,0,61,0,1,5230,1632,False,False,True,False,False,False,False
0,1,18,1,0,0,0,0,0,0,0,0,20.45,357.0,0,39,1,2,2047,17018,False,True,False,False,False,False,True
0,1,62,1,1,0,0,0,0,0,0,0,24.8,1476.25,0,60,1,1,5105,799,False,True,True,False,False,False,False
0,0,1,1,0,0,0,0,0,0,0,1,70.8,70.8,1,23,0,0,3901,6242,True,False,False,False,False,False,True
0,0,16,1,1,0,0,0,1,0,1,1,89.05,1448.6,1,37,0,0,5953,48690,True,False,False,False,True,False,False
0,0,3,1,1,0,0,0,0,1,1,1,96.6,291.9,1,48,0,0,3260,14104,True,False,False,False,False,True,False
0,0,67,1,1,1,1,1,1,1,1,1,88.8,5903.15,0,19,0,0,4081,48690,False,False,True,False,False,False,False
0,0,62,1,0,0,0,0,0,0,0,1,20.05,1201.65,0,19,0,0,4568,2388,False,True,False,True,True,False,False
0,1,57,1,1,0,1,1,0,1,1,1,104.5,5921.35,1,47,1,0,4471,805,True,False,False,False,True,False,False
0,0,2,1,0,0,0,0,0,0,0,1,69.8,146.65,0,31,0,0,3527,3663,True,False,False,False,False,True,False
0,1,23,1,1,1,0,1,1,1,0,1,77.15,1759.4,0,62,1,2,2572,20486,False,False,False,True,False,False,False
0,0,25,0,0,1,0,0,1,0,0,0,35.05,844.45,0,32,0,3,2754,2182,False,False,False,True,False,False,False
1,0,72,1,1,0,1,1,1,1,1,1,108.1,7774.05,0,65,0,0,4474,18980,True,False,False,True,False,False,False
0,1,2,1,1,0,0,0,0,1,0,1,84.05,134.05,0,40,1,0,2115,42,True,False,False,False,False,True,False
0,0,8,1,0,0,0,0,0,0,0,1,20.2,140.95,0,26,0,0,5066,301,False,True,True,False,False,False,False
0,0,5,1,1,0,0,0,0,0,0,1,50.6,249.95,1,54,0,0,2353,42239,False,False,False,False,False,False,True
0,0,35,0,0,0,0,1,0,1,1,0,49.2,1701.65,0,47,0,0,2782,28819,False,False,False,False,False,True,False
0,0,24,1,1,0,0,0,0,0,0,0,24.6,592.65,0,60,0,0,5448,904,False,True,True,False,False,True,False
0,1,2,1,0,0,0,0,0,0,0,1,71.65,135.75,0,33,1,1,3916,9465,True,False,False,False,False,True,False
0,1,72,1,1,1,1,1,1,0,1,1,104.9,7732.65,0,38,1,3,6378,31293,True,False,False,True,True,False,False
0,0,41,1,1,1,1,1,1,1,0,1,106.5,4282.4,0,20,0,0,4434,11024,True,False,False,False,False,True,False
0,0,4,1,0,1,0,0,0,0,0,0,49.35,219.65,1,40,0,1,5858,9899,False,False,False,False,False,True,False
0,0,26,1,0,0,1,0,0,0,0,0,75.5,2018.1,0,59,0,0,5184,5447,True,False,True,False,False,False,False
0,0,7,1,0,0,1,0,0,1,1,1,94.25,669.0,1,22,0,0,5267,25995,True,False,False,False,False,True,False
0,1,1,1,0,0,0,0,0,0,0,1,68.95,68.95,1,64,1,0,5644,7334,True,False,False,False,False,True,False
0,1,4,1,1,0,1,0,1,0,0,1,58.5,224.85,0,28,1,3,5605,455,False,False,False,False,False,False,True
0,0,48,1,0,0,1,1,1,1,1,0,78.9,3771.5,0,45,0,0,4063,52202,False,False,False,True,True,False,False
1,0,2,1,1,0,0,0,0,1,1,1,93.85,196.75,1,70,0,0,4998,10484,True,False,False,False,False,True,False
1,1,12,1,0,1,0,1,1,1,1,1,79.2,943.85,0,73,1,0,3355,678,False,False,True,False,False,True,False
0,1,60,1,1,1,0,1,1,1,1,1,109.45,6572.85,0,36,1,0,4350,443,True,False,False,False,False,False,False
0,0,55,1,0,1,0,1,1,0,0,1,59.2,3175.85,0,20,0,0,5162,115,False,False,False,True,False,True,False
0,0,1,0,0,0,0,0,1,0,0,0,29.15,29.15,0,34,0,0,3923,414,False,False,False,False,False,False,True
0,0,1,1,0,0,0,0,0,0,0,0,20.05,20.05,0,30,0,0,2313,82630,False,True,False,False,False,False,True
0,0,4,1,1,0,0,0,0,0,0,1,76.05,318.9,1,62,0,0,3685,54586,True,False,False,False,False,True,False
0,0,1,0,0,0,0,0,0,0,0,1,24.45,24.45,1,44,0,0,2121,29847,False,False,False,False,False,False,True
0,0,42,1,0,0,0,1,1,0,1,0,66.5,2762.75,0,33,0,0,4668,23,False,False,False,True,True,False,False
0,0,1,1,0,1,0,0,0,0,0,0,49.55,49.55,0,45,0,0,5277,958,False,False,False,False,False,False,False
0,0,7,1,1,0,0,1,0,1,0,1,89.35,631.85,1,35,0,0,4154,317,True,False,False,False,True,False,False
0,0,3,1,0,0,0,1,0,0,0,1,73.6,232.5,0,29,0,0,5510,4948,True,False,False,False,True,False,False
0,1,72,1,1,1,1,1,0,1,1,1,82.65,5919.35,0,53,1,0,4324,68515,False,False,False,True,True,False,False
0,0,15,1,1,0,0,0,0,0,0,1,49.0,749.25,0,40,0,0,2597,48245,False,False,False,False,False,True,False
0,1,4,1,0,0,0,0,0,1,0,1,80.35,307.4,1,60,1,0,4167,1933,True,False,False,False,False,True,False
0,0,11,1,1,0,0,0,0,0,0,0,25.2,245.15,0,50,0,0,4998,9793,False,True,True,False,False,True,False
0,0,5,1,1,0,0,0,0,0,0,0,25.45,134.75,0,63,0,0,4855,18068,False,True,False,False,False,False,True
1,0,1,1,0,1,0,1,0,0,0,1,55.8,55.8,1,66,0,0,5527,5256,False,False,False,False,False,True,False
0,1,72,1,1,1,0,1,1,1,1,1,110.9,8240.85,0,37,1,0,4938,1090,True,False,False,True,True,False,False
0,1,55,1,1,0,1,0,0,0,0,1,77.75,4266.4,0,20,1,0,4621,7324,True,False,False,False,True,False,False
0,1,40,1,1,0,0,0,0,0,0,1,26.2,1077.5,0,49,1,4,2211,5488,False,True,False,False,False,True,False
0,1,57,1,0,0,0,0,0,0,0,0,19.9,1115.6,0,43,1,0,4408,162,False,True,False,True,False,False,False
0,0,1,1,0,0,0,0,0,1,0,1,79.05,79.05,1,24,0,0,3555,46171,True,False,False,False,False,True,False
0,1,1,1,0,1,0,0,0,1,1,1,95.0,95.0,1,42,1,0,4489,909,True,False,False,False,False,True,False
0,0,1,0,0,0,0,0,0,0,0,0,25.2,25.2,1,29,0,0,3196,12463,False,False,False,False,False,False,True
1,1,52,1,1,0,1,1,0,1,1,1,80.85,4079.55,0,72,1,1,6090,4280,False,False,True,False,False,True,False
1,0,41,1,1,0,0,1,0,1,1,1,98.4,4187.75,1,77,0,0,2169,31230,True,False,False,False,False,True,False
0,1,43,1,0,0,0,0,0,1,0,1,56.35,2391.15,0,50,1,0,4928,36675,False,False,True,False,False,False,True
0,1,47,1,0,0,0,0,0,0,0,0,19.3,890.5,0,24,1,3,5829,75882,False,True,False,True,False,False,False
0,0,3,1,1,0,0,0,0,0,0,0,50.4,137.25,0,28,0,0,4639,18518,False,False,False,False,False,False,False
1,1,66,1,1,1,1,1,1,1,0,0,79.4,5154.6,1,71,1,0,5910,5395,False,False,False,True,True,False,False
0,1,55,1,0,0,0,1,1,0,0,1,55.25,3119.9,0,24,1,1,5821,87,False,False,False,True,True,False,False
0,0,29,1,0,0,0,0,0,0,0,0,19.1,529.5,0,40,0,0,5880,1834,False,True,True,False,False,False,True
0,0,12,1,1,0,0,0,0,1,0,1,84.05,966.55,0,56,0,1,4621,42239,True,False,False,False,False,True,False
0,1,66,1,1,0,1,1,0,1,1,1,105.2,6936.85,0,39,1,0,4016,63235,True,False,False,False,False,True,False
1,0,35,1,1,0,0,1,0,1,1,1,101.4,3496.3,1,68,0,0,3689,12083,True,False,False,False,False,True,False
1,1,10,1,1,0,0,1,0,0,1,1,89.8,914.3,1,71,1,0,5124,4253,True,False,False,False,False,True,False
0,1,27,1,1,0,0,0,0,0,0,1,75.75,1929.0,0,60,1,3,4994,1195,True,False,False,False,False,False,False
0,0,58,1,0,0,0,0,1,1,1,1,95.3,5817.7,0,20,0,0,6460,41575,True,False,False,False,False,True,False
0,1,54,1,0,1,1,1,1,1,1,0,109.75,6110.2,1,34,1,0,6274,1779,True,False,False,True,False,False,False
0,0,9,1,0,0,0,0,0,0,0,0,19.85,178.8,0,56,0,0,2788,53636,False,True,False,False,False,False,True
0,0,2,1,0,0,0,0,0,0,0,0,19.3,28.3,1,56,0,0,2279,24644,False,True,True,False,True,False,False
0,0,6,1,0,0,0,0,0,0,0,1,69.1,435.0,0,59,0,0,5741,49355,True,False,False,False,False,True,False
1,0,26,1,0,0,0,0,0,1,1,1,91.25,2351.8,1,79,0,0,5154,12149,True,False,False,False,False,True,False
0,0,9,1,0,0,0,0,0,0,0,0,20.25,186.15,0,57,0,0,5546,44556,False,True,False,False,False,False,True
0,1,8,1,0,0,1,1,0,0,0,1,54.75,445.85,0,36,1,0,4099,23146,False,False,False,False,False,False,True
0,0,12,1,0,0,0,0,0,1,0,1,81.45,912.0,0,32,0,0,2916,18999,True,False,False,False,False,True,False
0,0,15,1,1,0,0,0,0,0,0,1,49.1,679.55,1,33,0,0,5209,71678,False,False,False,False,False,True,False
0,1,43,1,1,1,0,1,0,1,1,1,80.2,3581.6,0,30,1,0,5888,46550,False,False,True,False,False,True,False
0,0,42,1,1,0,0,0,1,1,1,1,100.3,4222.95,0,48,0,0,3286,38446,True,False,False,False,False,True,False
0,0,31,1,1,1,0,1,1,0,0,0,65.25,1994.3,1,29,0,0,4403,42425,False,False,False,False,True,False,False
0,0,66,1,1,1,0,1,1,0,0,1,90.95,5930.05,0,20,0,1,6204,48649,True,False,False,True,True,False,False
1,0,18,1,1,0,1,0,1,0,0,1,85.45,1505.85,1,80,0,0,5145,17147,True,False,False,False,False,True,False
0,0,1,1,0,0,0,0,0,0,0,0,20.0,20.0,0,55,0,0,5650,63999,False,True,False,False,False,False,True
0,1,61,1,1,0,1,0,1,1,0,1,94.1,5638.3,1,46,1,0,6295,1005,True,False,False,True,False,True,False
0,0,10,1,1,0,1,0,0,0,0,0,79.85,797.25,0,43,0,0,5739,38519,True,False,False,False,False,True,False
1,0,1,1,0,0,0,0,0,0,0,1,71.65,71.65,1,65,0,0,5674,4546,True,False,False,False,False,True,False
1,0,18,1,0,0,1,0,0,0,0,1,73.55,1359.45,0,71,0,0,5313,2433,True,False,False,False,False,True,False
0,1,24,1,1,0,1,1,0,1,1,1,104.65,2542.45,1,51,1,0,4734,3745,True,False,False,False,False,True,False
0,1,3,1,0,0,0,0,0,0,0,0,19.3,54.7,0,53,1,2,5722,29687,False,True,False,False,False,False,True
0,0,50,1,0,0,0,0,0,0,0,0,20.15,989.05,0,24,0,0,5249,39264,False,True,True,False,True,False,False
0,1,1,1,0,0,0,0,0,0,0,0,44.55,44.55,0,48,1,2,3408,25694,False,False,False,False,False,True,False
0,0,2,1,0,1,0,0,1,0,0,1,54.45,87.3,0,32,0,0,5753,4283,False,False,False,False,False,False,True
0,0,17,1,0,0,0,0,0,0,0,1,19.65,351.55,0,27,0,0,4774,3588,False,True,True,False,False,False,False
0,1,69,1,1,0,1,1,0,1,1,1,105.0,7297.75,0,47,1,2,5436,22983,True,False,False,True,False,True,False
0,1,72,1,1,1,1,1,1,1,1,1,88.7,6301.7,0,63,1,0,5764,61205,False,False,False,True,True,False,False
0,0,3,1,1,0,0,0,0,0,0,1,74.25,210.3,1,44,0,0,3207,12743,True,False,False,False,False,True,False
1,1,50,1,1,1,1,1,0,0,1,1,75.15,3822.45,0,74,1,2,6084,46214,False,False,False,True,False,False,False
0,0,53,1,0,0,0,0,0,0,0,0,20.25,1048.45,0,28,0,0,4218,1500,False,True,False,True,False,False,True
0,1,58,1,1,1,1,0,1,1,1,1,109.1,6393.65,0,51,1,0,4935,36149,True,False,False,True,True,False,False
0,0,46,0,0,1,0,0,0,0,0,1,30.75,1489.3,0,44,0,0,5646,18311,False,False,True,False,False,False,False
1,1,72,1,1,1,1,1,1,1,1,1,112.9,8061.5,0,69,1,0,5569,7344,True,False,False,False,True,False,False
1,0,1,1,1,0,0,0,0,0,0,1,74.2,74.2,1,70,0,0,4684,36817,True,False,False,False,False,True,False
0,1,6,1,1,0,1,1,0,1,0,1,94.05,518.75,0,39,1,2,3083,26357,True,False,False,False,False,False,True
0,1,72,1,1,1,1,1,1,0,1,0,78.85,5763.15,0,24,1,0,5091,4456,False,False,False,True,False,False,False
0,0,4,1,0,0,0,0,0,0,1,1,55.3,238.5,0,33,0,0,3684,21349,False,False,False,False,False,False,True
0,1,52,1,0,0,0,0,0,0,0,0,19.35,1031.7,0,44,1,2,5699,14068,False,True,False,True,False,False,True
0,1,0,1,1,0,0,0,0,0,0,0,25.35,0.0,0,22,1,2,2299,8692,False,True,False,True,False,False,True
0,0,2,1,0,0,0,0,0,0,0,0,20.45,34.8,0,23,0,0,4196,18161,False,True,True,False,False,False,True
0,1,65,1,0,0,0,0,0,0,0,0,19.35,1319.95,0,29,1,0,5076,13151,False,True,False,True,False,False,False
1,1,43,1,1,0,1,0,0,1,1,1,101.0,4388.4,1,68,1,0,3123,3070,True,False,False,False,False,True,False
0,1,4,1,1,0,1,0,0,1,1,1,100.2,420.2,1,57,1,0,2650,25655,True,False,False,False,False,True,False
1,1,25,1,1,1,0,0,0,0,1,1,89.05,2177.45,1,80,1,0,2673,46171,True,False,True,False,False,True,False
0,1,51,1,1,0,1,0,1,1,1,1,78.65,3950.85,0,35,1,0,5408,19368,False,False,True,False,True,False,False
0,0,12,1,1,0,0,1,0,1,1,0,74.75,827.05,0,21,0,0,3521,4093,False,False,False,False,False,False,False
0,1,57,1,0,1,0,0,0,1,1,1,70.1,3913.3,1,46,1,0,4669,2762,False,False,True,False,False,False,False
0,1,24,1,0,0,0,0,0,0,0,0,19.9,533.5,0,38,1,3,4158,27369,False,True,True,False,False,False,True
0,1,64,1,1,0,0,1,1,0,0,0,58.35,3756.45,0,27,1,0,5331,17621,False,False,True,False,False,False,False
0,0,4,1,0,0,1,1,1,1,1,1,105.65,443.9,1,29,0,0,4663,10936,True,False,True,False,False,True,False
0,0,26,1,1,0,0,1,0,1,1,1,100.5,2599.95,0,60,0,0,2921,41062,True,False,False,False,False,False,False
0,1,15,1,0,0,0,0,0,0,0,0,20.05,284.3,0,57,1,1,3591,22499,False,True,False,False,False,False,True
1,1,64,1,1,0,0,0,0,0,0,0,25.65,1740.8,0,76,1,0,6469,6301,False,True,False,True,True,False,False
1,1,36,1,1,0,1,0,0,1,1,1,96.5,3436.1,1,77,1,0,4652,26419,True,False,False,False,False,True,False
0,1,27,1,1,0,0,0,0,1,1,0,95.0,2462.55,0,21,1,0,4235,7465,True,False,False,False,True,False,False
1,1,1,1,0,0,0,0,0,0,0,0,70.85,70.85,1,65,1,0,3022,13422,True,False,False,False,False,False,True
0,0,35,1,1,1,0,1,1,1,1,1,85.95,3110.1,1,27,0,0,3833,48207,False,False,True,False,True,False,False
0,0,4,1,0,0,0,1,0,0,0,1,73.9,280.85,1,50,0,0,4479,62069,True,False,False,False,False,True,False
0,1,8,1,0,0,0,0,0,0,0,1,45.45,411.75,0,30,1,2,4651,27730,False,False,False,False,False,True,False
0,0,10,1,0,0,0,0,0,0,0,1,20.0,198.6,0,51,0,0,4802,59176,False,True,False,False,True,False,False
0,0,2,1,0,0,1,0,0,0,0,0,49.2,103.7,0,44,0,0,2342,56517,False,False,False,False,False,False,True
0,1,58,1,1,1,1,1,0,1,1,1,109.45,6144.55,1,39,1,0,6424,58764,True,False,False,True,False,False,False
0,1,51,1,0,1,1,1,1,1,1,1,83.25,4089.45,0,33,1,0,5340,42663,False,False,False,True,True,False,False
0,1,46,1,0,0,0,0,0,0,0,1,19.25,864.2,0,52,1,2,5596,32304,False,True,False,True,False,False,True
0,0,1,1,0,0,0,0,0,0,0,1,19.65,19.65,0,40,0,0,3075,25206,False,True,False,False,False,False,False
0,0,46,1,1,0,0,0,0,0,0,0,72.8,3249.4,0,38,0,0,2642,48273,True,False,False,False,False,False,False
0,1,50,1,1,1,1,0,1,1,1,1,109.65,5405.8,0,62,1,0,4676,8660,True,False,False,False,False,False,False
0,1,53,1,0,0,1,0,1,1,0,0,65.0,3363.8,0,31,1,1,5534,41237,False,False,False,False,True,False,False
0,1,61,1,1,0,1,1,1,1,1,1,114.1,7132.15,0,48,1,0,5239,5597,True,False,False,False,False,True,False
0,0,5,1,0,0,0,0,0,0,0,0,20.65,93.55,0,40,0,0,5597,28687,False,True,False,False,False,False,False
0,0,47,1,0,1,1,1,1,1,1,1,86.95,4138.9,0,33,0,0,5631,4242,False,False,True,False,False,False,False
0,0,54,1,1,0,1,1,0,1,0,1,94.75,5121.75,0,30,0,0,5665,3124,True,False,True,False,False,False,False
0,0,19,0,0,0,0,0,0,0,0,1,25.35,566.1,0,19,0,2,3072,22133,False,False,False,False,True,False,False
0,0,26,1,0,0,1,1,1,1,1,1,105.45,2715.3,0,63,0,1,5980,34946,True,False,False,True,False,True,False
0,1,70,1,1,0,0,0,0,0,0,0,25.4,1782.05,0,31,1,1,4954,15297,False,True,False,True,False,False,True
0,1,17,1,1,0,1,1,0,1,1,1,102.55,1742.5,0,58,1,0,3803,34321,True,False,False,False,False,True,False
0,0,30,1,1,0,1,0,0,1,1,1,100.2,2983.8,1,21,0,0,3598,1859,True,False,False,False,False,True,False
0,0,1,1,1,0,0,0,0,0,0,0,24.0,24.0,0,45,0,1,2559,62103,False,True,False,False,False,False,True
0,1,19,1,1,0,0,0,0,0,0,0,25.6,485.9,0,50,1,2,5038,32268,False,True,False,True,False,False,True
0,1,26,1,0,0,1,1,0,1,1,1,73.5,1905.7,0,23,1,0,3596,88230,False,False,False,True,True,False,False
0,1,21,1,0,0,1,0,0,0,0,1,74.05,1565.7,1,32,1,0,5630,42193,True,False,False,False,False,False,False
0,1,50,1,1,0,1,0,0,1,1,1,98.25,4858.7,0,46,1,0,5154,46371,True,False,True,False,False,True,False
0,1,68,0,0,1,0,1,0,1,1,1,54.4,3723.65,0,58,1,0,4897,46227,False,False,True,False,False,True,False
0,0,3,1,1,0,0,1,0,1,1,1,101.55,298.35,1,57,0,0,4480,350,True,False,False,False,False,False,False
0,1,9,1,0,0,0,1,1,1,1,0,103.1,970.45,0,32,1,3,4171,58157,True,False,False,False,False,True,False
0,1,51,0,0,1,0,0,1,0,0,0,34.2,1782.0,0,23,1,2,6404,70011,False,False,False,True,False,False,False
0,0,9,1,0,0,0,0,0,0,0,1,43.75,405.7,0,48,0,0,5644,91188,False,False,False,False,False,True,False
1,1,41,1,1,0,1,1,1,1,1,1,111.95,4534.9,1,66,1,0,3711,44117,True,False,True,False,False,True,False
0,0,22,1,1,0,1,0,0,1,1,1,100.65,2415.95,0,26,0,0,4094,37879,True,False,False,False,False,True,False
0,1,21,0,0,1,0,1,0,1,1,1,55.95,1157.05,1,30,1,0,5531,62634,False,False,True,False,False,True,False
0,1,71,1,1,1,1,1,1,1,1,1,116.05,8297.5,0,41,1,1,6481,54548,True,False,False,True,False,False,False
0,0,1,1,0,0,0,0,0,0,0,0,45.75,45.75,1,36,0,0,3531,55062,False,False,False,False,False,True,False
0,1,26,1,1,0,0,1,1,1,1,1,82.0,2083.1,0,51,1,3,3973,17494,False,False,True,False,True,False,False
0,1,71,1,1,1,1,0,1,0,0,0,65.15,4681.75,0,29,1,0,4384,60553,False,False,False,True,False,False,False
0,0,4,1,0,0,0,0,0,0,0,1,44.8,176.2,0,28,0,0,5565,45086,False,False,False,False,True,False,False
0,0,12,1,1,1,0,0,0,0,0,1,79.8,1001.2,0,61,0,0,5906,81333,True,False,False,False,False,True,False
0,1,18,1,1,0,0,0,1,1,0,1,88.85,1594.75,0,23,1,0,3127,68802,True,False,False,False,False,True,False
0,0,3,1,1,0,0,0,0,0,0,1,74.95,212.4,0,42,0,0,3641,34398,True,False,False,False,False,True,False
1,1,72,1,1,1,1,0,0,1,1,1,106.85,7677.4,0,69,1,0,4768,36301,True,False,True,False,False,False,False
0,0,11,1,0,0,1,0,0,0,0,0,74.95,815.5,1,41,0,0,4251,19629,True,False,False,False,False,True,False
0,0,1,1,0,0,0,0,0,0,1,0,80.15,80.15,1,53,0,0,3947,34055,True,False,False,False,True,False,False
0,0,13,1,0,0,0,0,0,0,0,0,19.3,259.65,0,44,0,0,2823,1408,False,True,True,False,True,False,False
0,1,72,1,1,0,1,1,1,1,1,1,109.25,8109.8,1,57,1,0,4261,34592,True,False,True,False,False,True,False
0,1,42,1,1,1,0,0,0,0,0,0,56.1,2386.85,0,56,1,0,5904,24502,False,False,True,False,True,False,False
0,0,17,1,0,0,0,0,0,0,0,0,19.7,340.35,0,27,0,0,4222,46105,False,True,False,False,True,False,False
1,0,7,1,0,0,1,0,0,0,0,1,51.3,419.35,0,73,0,0,3660,21157,False,False,False,False,False,False,True
0,1,68,1,1,1,1,1,1,1,1,0,118.6,7990.05,0,27,1,0,4175,50641,True,False,False,True,False,False,True
0,1,56,1,1,0,0,0,0,0,0,0,24.15,1402.25,0,54,1,2,5137,31428,False,True,False,True,False,False,False
0,1,38,1,0,0,0,0,0,0,0,0,20.3,749.35,0,52,1,3,4686,43491,False,True,True,False,False,False,True
0,1,72,1,1,1,1,1,1,1,1,1,115.5,8425.15,0,53,1,1,4017,23481,True,False,False,True,False,True,False
0,0,48,1,1,0,0,0,0,0,0,0,25.05,1171.5,0,44,0,0,3642,15878,False,True,True,False,True,False,False
1,1,52,1,1,1,1,1,0,1,1,1,109.1,5647.95,0,67,1,0,4428,22443,True,False,False,False,False,True,False
0,1,35,1,0,0,0,0,0,0,0,0,19.65,708.8,0,30,1,2,3739,5935,False,True,True,False,False,False,True
0,1,67,1,1,0,1,1,1,1,1,1,111.3,7567.2,0,60,1,0,4469,18058,True,False,False,True,False,False,False
0,0,1,0,0,1,0,0,0,0,0,0,29.9,29.9,0,42,0,0,4155,15396,False,False,False,False,False,False,True
0,0,53,1,0,0,1,0,1,0,0,1,80.6,4348.1,0,56,0,0,6113,40915,True,False,False,False,False,False,True
0,1,34,1,0,0,0,0,0,0,0,0,20.8,635.9,0,44,1,1,4985,23172,False,True,False,False,False,False,True
0,0,3,0,0,0,0,0,0,1,0,0,35.2,108.95,1,20,0,0,5450,37916,False,False,False,False,True,False,False
0,1,1,1,0,0,0,0,0,1,0,0,78.8,78.8,1,55,1,0,5075,48170,True,False,False,False,False,True,False
0,0,19,1,0,0,0,1,1,1,0,0,89.95,1682.4,0,49,0,0,3402,44875,True,False,False,False,False,False,True
1,1,60,1,1,1,1,1,1,1,1,1,116.05,6925.9,0,70,1,0,4734,16998,True,False,False,True,False,False,False
0,0,11,1,0,0,0,0,0,0,0,0,19.55,223.15,0,45,0,0,5433,21911,False,True,False,True,True,False,False
0,0,47,1,1,0,1,1,0,1,1,1,106.4,5127.95,1,42,0,0,4804,60294,True,False,False,False,False,True,False
0,0,18,1,0,1,0,0,0,0,0,0,49.4,874.8,1,31,0,0,4028,13188,False,False,False,False,False,True,False
0,1,60,1,1,1,1,1,1,1,1,0,115.25,6758.45,0,41,1,1,5328,39458,True,False,False,True,True,False,False
0,1,72,1,1,0,0,0,0,0,0,0,24.8,1874.3,0,38,1,0,6251,20893,False,True,False,True,True,False,False
0,0,39,1,0,0,0,0,0,0,0,0,19.9,791.15,0,26,0,0,4041,32899,False,True,True,False,False,False,True
0,1,59,1,0,1,0,1,0,0,0,1,81.25,4639.45,0,43,1,0,4709,46894,True,False,True,False,True,False,False
0,1,2,1,0,0,0,0,0,0,0,0,69.95,143.9,0,48,1,2,5010,27381,True,False,False,False,False,False,True
1,0,1,1,0,0,0,0,0,0,0,0,69.1,69.1,1,70,0,0,2767,42853,True,False,False,False,False,True,False
0,1,20,1,0,0,0,0,0,1,1,1,90.2,1776.55,1,63,1,0,2058,24945,True,False,False,False,False,True,False
0,0,6,1,1,0,0,0,0,1,1,1,93.55,536.4,1,42,0,0,5617,17409,True,False,False,False,False,False,False
0,0,71,1,1,0,0,1,1,0,0,1,86.4,6172.0,0,53,0,0,4069,16013,True,False,False,True,True,False,False
0,1,24,1,1,1,1,1,0,0,0,0,66.3,1559.45,0,21,1,0,2235,32984,False,False,False,False,False,False,True
1,1,67,1,1,0,0,0,0,1,1,1,94.65,6079.0,0,79,1,0,4228,6503,True,False,False,False,True,False,False
0,0,1,1,0,0,0,0,0,0,1,1,80.85,80.85,1,64,0,0,3096,21633,True,False,False,False,False,False,True
0,1,48,1,1,0,0,0,0,0,1,1,82.05,4029.95,1,41,1,0,3365,79736,True,False,True,False,False,False,True
0,1,37,1,1,0,1,0,1,0,1,0,72.1,2658.4,0,41,1,0,2703,77791,False,False,True,False,False,False,True
0,0,11,0,0,0,1,1,0,0,0,0,34.7,383.55,0,60,0,0,4310,25322,False,False,False,False,False,False,True
0,1,3,1,0,0,0,0,0,0,0,1,20.55,51.15,1,41,1,0,4115,1459,False,True,False,False,True,False,False
0,1,18,1,0,0,0,1,0,1,1,1,95.95,1745.5,0,56,1,0,5009,25634,True,False,False,False,True,False,False
0,1,50,1,0,0,0,0,0,0,0,1,44.8,2230.85,0,22,1,2,6115,32511,False,False,True,False,False,False,False
0,1,67,1,1,1,0,1,1,1,1,1,109.4,7281.6,0,53,1,2,4103,49027,True,False,True,False,False,True,False
0,1,25,1,0,1,1,0,1,0,1,1,71.05,1837.7,0,25,1,0,5620,64802,False,False,False,False,False,False,True
1,0,2,1,1,0,0,1,0,0,0,1,78.55,149.55,1,69,0,0,5203,2966,True,False,False,False,False,True,False
0,0,9,1,0,0,0,0,0,0,0,0,19.7,180.7,0,37,0,0,4194,576,False,True,False,False,True,False,False
0,0,10,0,0,1,1,0,1,0,0,0,40.25,411.45,0,52,0,5,2876,31727,False,False,True,False,False,False,True
0,1,70,1,0,0,0,0,0,0,0,0,19.85,1328.35,0,34,1,0,4311,20893,False,True,False,True,True,False,False
0,0,9,1,0,1,0,1,1,0,1,1,68.25,576.95,0,45,0,0,4366,25771,False,False,False,False,False,False,False
0,0,4,1,0,0,0,0,0,0,0,1,20.15,68.45,0,53,0,0,5221,12741,False,True,False,False,True,False,False
0,0,2,1,0,1,0,0,0,0,0,0,50.95,123.05,0,42,0,0,5968,10986,False,False,False,False,False,False,True
0,0,1,1,0,0,0,0,0,0,1,0,78.65,78.65,1,41,0,0,2728,15757,True,False,False,False,False,True,False
0,0,19,0,0,0,0,0,0,0,0,1,25.15,468.35,0,37,0,0,3784,16477,False,False,False,False,False,False,False
0,1,7,1,0,0,0,0,0,0,0,1,20.25,174.7,0,22,1,3,3149,49975,False,True,False,False,False,False,False
0,0,1,1,0,0,0,0,0,0,0,1,42.9,42.9,1,47,0,0,4895,1054,False,False,False,False,False,True,False
1,0,1,1,0,0,0,0,0,0,0,0,44.0,44.0,0,69,0,0,4320,2872,False,False,False,False,False,True,False
0,1,9,1,0,0,0,0,0,0,0,0,20.25,172.35,0,59,1,3,4272,16206,False,True,True,False,False,False,True
0,0,3,0,0,1,0,0,1,0,0,0,34.25,139.35,1,26,0,0,2802,14697,False,False,False,False,False,False,True
0,0,9,0,0,1,0,1,1,1,1,0,58.5,539.85,1,30,0,0,3032,1954,False,False,False,False,False,False,True
0,0,5,1,0,1,0,1,0,0,0,0,55.8,300.4,0,42,0,0,5104,2078,False,False,False,False,True,False,False
0,1,56,1,0,0,0,0,0,1,1,0,88.9,4968.0,0,49,1,1,4170,226,True,False,True,False,False,False,False
0,0,18,1,1,1,0,0,0,0,0,0,57.65,992.7,0,25,0,2,3425,191,False,False,False,False,False,False,True
1,0,49,1,1,0,0,0,0,1,1,1,96.2,4718.25,1,66,0,0,5904,18036,True,False,False,False,False,True,False
0,1,70,1,1,1,1,1,1,1,0,0,79.15,5536.5,0,40,1,0,4408,23506,False,False,False,True,False,False,True
0,0,72,1,1,0,1,1,1,1,1,1,108.05,7806.6,0,19,0,0,5430,37280,True,False,False,True,True,False,False
1,0,6,1,0,0,0,1,0,0,0,0,74.4,434.1,1,75,0,0,3964,823,True,False,False,False,False,True,False
1,1,17,1,1,0,0,0,0,1,1,1,94.8,1563.9,0,79,1,0,4831,9318,True,False,False,False,False,True,False
0,1,29,0,0,0,0,0,0,1,1,1,45.9,1332.4,0,43,1,0,5074,13333,False,False,False,False,False,True,False
0,1,6,1,1,0,1,1,0,1,1,1,105.3,545.2,1,23,1,0,4163,1526,True,False,False,False,False,True,False
0,1,63,1,1,0,0,1,0,1,1,0,102.6,6296.75,0,35,1,0,4004,8644,True,False,False,True,False,True,False
0,1,16,1,1,0,0,0,0,0,0,1,73.85,1284.2,1,32,1,0,3226,626,True,False,False,False,False,False,False
0,0,59,1,0,0,0,1,0,0,1,1,61.35,3645.5,0,46,0,0,6250,4498,False,False,True,False,False,False,False
0,0,3,1,0,0,0,1,0,1,0,0,57.55,161.45,0,21,0,0,4099,296,False,False,False,False,False,True,False
0,0,8,0,0,0,1,0,0,0,0,1,29.25,226.95,0,57,0,0,2038,53204,False,False,False,False,False,False,True
1,1,7,1,1,0,0,0,0,0,1,1,84.55,646.85,1,75,1,0,5245,6918,True,False,False,False,False,True,False
0,0,68,1,0,0,0,0,0,0,0,0,19.6,1441.65,0,37,0,0,6161,4517,False,True,False,True,True,False,False
0,1,68,1,1,1,0,1,1,1,1,0,111.75,7511.3,0,40,1,3,4967,1873,True,False,False,True,True,False,False
1,1,52,1,1,0,1,1,0,1,1,1,106.5,5621.85,0,70,1,0,4499,1809,True,False,True,False,False,True,False
0,1,72,1,1,1,1,0,1,1,1,1,107.7,7919.8,0,29,1,1,4351,5564,True,False,False,True,True,False,False
0,1,32,1,0,0,0,0,0,0,0,0,19.3,593.2,0,42,1,0,5817,15364,False,True,True,False,False,False,True
0,1,72,1,0,0,0,0,0,0,0,0,20.05,1423.65,0,44,1,0,4747,2900,False,True,False,True,False,False,False
0,1,1,1,0,0,0,0,0,0,0,1,69.95,69.95,0,46,1,1,5133,1247,True,False,False,False,True,False,False
0,1,42,1,0,1,0,0,1,0,1,0,63.7,2763.35,0,29,1,3,3764,293,False,False,True,False,True,False,False
0,0,25,1,1,0,0,0,0,0,0,0,24.75,692.1,1,61,0,0,4931,30419,False,True,False,True,True,False,False
0,0,45,1,0,1,0,0,0,0,0,1,50.9,2298.55,0,45,0,0,5274,15508,False,False,False,False,False,False,False
0,1,43,0,0,1,0,1,1,1,1,1,60.4,2640.55,0,46,1,2,2725,2502,False,False,True,False,True,False,False
0,1,37,1,1,1,0,1,0,1,1,0,79.25,2911.8,0,43,1,0,2322,10781,False,False,True,False,False,False,True
1,0,20,1,1,0,0,0,0,0,1,1,85.8,1727.5,1,67,0,0,3336,302,True,False,False,False,True,False,False
0,0,4,0,0,0,0,0,0,0,0,1,24.45,86.6,1,31,0,0,4909,46171,False,False,False,False,False,True,False
0,1,63,1,0,1,1,1,1,1,1,1,110.1,6705.7,0,46,1,0,6216,798,True,False,False,True,True,False,False
0,0,3,1,0,0,0,0,0,1,1,0,90.7,237.65,0,47,0,0,3953,46171,True,False,False,False,False,False,True
0,1,66,1,1,0,0,0,0,0,0,1,25.3,1672.35,0,59,1,3,5617,4198,False,True,False,True,True,False,False
0,0,28,1,1,0,1,1,0,1,1,1,105.7,2979.5,1,33,0,0,2464,65566,True,False,False,False,False,True,False
1,0,8,1,1,0,0,0,0,0,1,0,85.2,695.75,0,70,0,0,2565,266,True,False,False,False,False,True,False
0,0,71,1,1,0,0,0,0,0,0,0,24.35,1654.6,0,36,0,3,4155,2956,False,True,False,True,False,False,True
0,0,1,0,0,0,0,0,0,0,0,1,24.25,24.25,1,64,0,0,2846,56,False,False,False,False,False,True,False
0,1,72,1,1,0,0,0,0,0,0,0,25.1,1857.85,0,43,1,2,5611,15177,False,True,False,True,False,False,False
1,1,16,1,0,1,1,0,0,0,0,1,54.55,825.1,0,79,1,0,3324,3546,False,False,False,False,False,False,False
0,1,66,1,1,1,1,1,1,0,0,0,96.6,6424.25,0,43,1,0,4454,1729,True,False,False,True,False,False,True
0,0,11,1,1,0,0,0,0,0,0,1,76.5,837.95,1,48,0,0,2291,5689,True,False,False,False,False,True,False
0,0,51,1,1,1,1,1,1,1,0,1,81.15,4126.2,0,22,0,0,4549,14937,False,False,True,False,True,False,False
0,0,8,0,0,1,0,0,0,0,1,1,38.5,330.8,0,22,0,1,4194,5868,False,False,False,False,False,True,False
0,0,14,1,0,0,0,0,0,1,1,1,92.9,1337.45,0,47,0,0,4296,2318,True,False,False,False,False,True,False
0,0,4,1,1,0,1,0,1,0,1,1,93.5,362.2,1,47,0,0,4554,46171,True,False,False,False,False,True,False
0,0,70,1,1,1,1,1,0,1,1,0,84.7,5991.05,0,44,0,0,4180,56101,False,False,False,True,False,False,True
0,0,70,1,1,1,1,0,1,0,0,0,66.0,4891.5,0,54,0,3,5265,236,False,False,False,True,False,True,False
1,1,54,1,1,0,1,0,0,1,1,1,101.5,5373.1,1,75,1,0,6405,44741,True,False,True,False,True,False,False
0,0,28,1,0,1,0,0,0,0,0,1,74.9,2068.55,1,60,0,0,5392,22760,True,False,False,False,False,False,False
0,0,24,1,0,0,0,0,0,0,0,0,20.75,487.05,0,40,0,0,4117,1935,False,True,False,True,False,False,True
0,1,69,1,0,0,1,0,0,0,1,1,61.45,4131.2,0,27,1,0,4162,2515,False,False,False,True,True,False,False
0,1,42,1,0,1,1,0,0,0,0,0,54.5,2301.15,0,30,1,1,3449,8870,False,False,False,False,False,False,True
1,0,2,1,0,0,0,0,0,0,0,1,69.6,131.65,1,74,0,0,4596,88,True,False,False,False,False,True,False
1,0,39,1,1,0,0,1,0,1,1,1,99.75,4036.0,0,72,0,0,3860,36718,True,False,False,False,False,True,False
0,1,45,1,1,0,1,1,1,1,1,1,109.75,4900.65,0,62,1,3,4221,30395,True,False,False,True,False,False,False
0,1,72,1,1,1,1,1,1,1,0,1,80.85,5727.45,0,55,1,2,6067,12963,False,False,False,True,False,False,False
0,0,38,1,0,0,0,0,0,0,0,0,20.3,743.05,0,43,0,0,5919,44588,False,True,False,True,False,False,True
0,1,72,1,1,1,1,1,1,0,0,1,67.8,4804.65,0,46,1,0,5242,35643,False,False,False,True,False,False,False
0,0,1,1,1,0,0,0,0,0,0,1,24.05,24.05,1,21,0,0,3162,53481,False,True,False,False,False,False,True
0,1,72,1,0,0,0,0,0,0,0,1,19.8,1414.65,0,54,1,2,5027,59195,False,True,False,True,True,False,False
0,1,55,1,1,0,0,0,0,0,0,0,25.7,1443.65,0,54,1,0,6228,44915,False,True,False,True,False,False,False
0,1,51,0,0,0,0,1,1,1,1,1,56.15,2898.95,0,42,1,3,4132,58632,False,False,True,False,False,True,False
0,0,63,1,0,1,1,1,1,1,1,1,86.7,5309.5,0,24,0,0,5841,20440,False,False,False,True,False,False,False
0,0,1,1,0,0,0,0,0,0,0,0,20.4,20.4,0,29,0,0,2152,40836,False,True,False,False,False,False,True
0,1,23,1,0,0,0,0,0,0,0,1,19.65,451.55,0,24,1,3,4896,25126,False,True,False,True,False,False,True
0,0,1,1,0,0,1,0,0,0,0,0,50.55,50.55,1,36,0,0,3420,27047,False,False,False,False,False,True,False
0,0,2,1,1,0,0,0,1,0,0,1,54.35,117.05,0,38,0,0,4916,14859,False,False,False,False,False,False,True
1,0,52,1,1,1,1,1,0,1,1,0,108.1,5839.3,0,76,0,0,4251,31982,True,False,False,False,True,False,False
0,0,36,1,1,1,0,0,0,0,0,0,54.45,1893.5,0,40,0,0,4462,24499,False,False,True,False,False,False,True
0,0,1,1,0,0,0,0,0,0,0,0,45.35,45.35,0,39,0,0,3980,29539,False,False,False,False,False,False,True
0,0,28,1,1,1,0,1,0,0,0,0,59.0,1654.45,0,35,0,0,4891,812,False,False,True,False,False,False,True
0,1,7,1,0,1,1,1,0,1,0,0,69.45,477.05,0,39,1,3,3334,1363,False,False,True,False,False,True,False
0,0,14,1,1,0,1,0,0,1,1,1,100.55,1415.55,1,56,0,0,5224,4644,True,False,False,False,False,True,False
1,1,72,0,0,1,1,1,1,1,1,1,64.95,4546.0,0,70,1,0,4049,6526,False,False,False,True,True,False,False
0,1,1,1,0,0,0,0,0,0,0,1,20.5,20.5,1,47,1,3,2398,210,False,True,False,False,False,False,True
0,0,10,1,0,0,0,0,0,0,0,0,18.85,163.2,0,60,0,0,5949,3220,False,True,False,False,False,False,True
0,0,42,1,0,0,0,0,0,0,0,0,19.8,849.9,0,55,0,0,3575,1203,False,True,True,False,False,False,False
0,0,7,0,0,0,0,0,0,0,0,0,25.05,189.95,0,42,0,0,4404,13106,False,False,False,False,False,False,False
0,0,4,1,0,0,0,1,0,0,0,1,74.8,321.9,1,51,0,0,5882,5726,True,False,False,False,False,False,False
0,1,72,1,1,1,1,1,1,1,1,1,114.3,8058.55,0,43,1,1,5879,51737,True,False,False,True,True,False,False
0,1,20,0,0,0,0,0,0,0,0,1,24.45,482.8,1,44,1,0,3298,6165,False,False,False,False,False,True,False
0,0,63,1,0,1,1,1,1,1,1,0,109.2,7049.75,0,36,0,0,4273,1328,True,False,False,True,True,False,False
0,0,56,0,0,1,1,1,1,0,0,0,45.05,2560.1,0,39,0,0,5795,1317,False,False,False,True,False,False,False
0,0,5,1,0,0,0,0,1,0,0,1,51.0,286.8,0,22,0,1,2789,10909,False,False,False,False,False,False,True
0,1,72,1,1,0,1,1,1,1,1,1,110.45,7982.5,0,33,1,0,6030,15405,True,False,False,True,False,False,False
1,1,68,1,1,0,1,1,0,0,0,1,84.65,5683.6,0,70,1,1,6404,7435,True,False,False,False,False,True,False
0,1,67,1,0,1,1,0,1,0,0,0,60.05,3994.05,0,43,1,2,6148,35586,False,False,True,False,False,False,True
0,1,8,1,0,0,0,0,0,0,0,0,44.65,369.15,0,45,1,3,5724,8564,False,False,False,False,False,False,False
0,1,52,1,1,0,1,0,1,0,1,1,93.25,4631.7,0,49,1,1,4740,670,True,False,False,False,False,False,False
0,1,18,1,0,0,0,0,0,0,0,1,20.25,401.95,0,29,1,1,2429,2666,False,True,False,False,False,False,True
0,1,59,1,1,0,0,0,0,0,0,0,25.45,1534.05,0,40,1,2,4746,471,False,True,False,True,False,False,True
0,0,60,1,0,0,0,0,0,0,0,0,20.6,1093.0,0,60,0,0,4192,2687,False,True,False,True,False,False,True
0,0,7,1,1,0,0,0,0,1,1,1,94.1,701.3,0,55,0,0,5259,30540,True,False,False,False,False,True,False
0,1,59,0,0,1,0,1,0,0,0,0,34.8,1980.3,0,59,1,2,6300,37364,False,False,True,False,False,False,True
0,0,46,0,0,1,0,1,1,1,1,1,60.75,2893.4,0,33,0,0,2694,43684,False,False,False,True,False,False,False
0,0,5,1,0,0,1,0,0,0,0,1,51.35,262.3,0,39,0,0,2893,5710,False,False,False,False,False,True,False
1,1,59,0,0,1,0,1,1,1,1,1,64.05,3886.85,0,77,1,0,6306,1255,False,False,False,True,True,False,False
0,1,70,1,1,0,1,1,1,1,1,1,84.8,5917.55,0,53,1,0,4032,7958,False,False,False,True,False,False,False
0,0,14,1,0,0,0,0,0,0,0,1,71.0,914.0,1,27,0,0,3228,7918,True,False,False,False,True,False,False
0,0,44,1,1,0,0,0,0,0,0,1,50.15,2139.1,0,64,0,0,5790,4882,False,False,False,False,False,False,True
0,1,64,1,1,1,0,1,0,1,0,1,94.6,5948.7,0,45,1,0,5038,8316,True,False,False,True,True,False,False
0,1,58,0,0,1,0,1,1,1,1,0,59.75,3624.35,0,25,1,3,4678,7831,False,False,False,True,False,False,True
1,1,46,1,1,0,0,0,1,1,1,0,100.25,4753.85,0,71,1,0,5453,340,True,False,True,False,False,True,False
1,1,58,1,1,0,1,0,0,1,1,1,98.9,5780.7,0,80,1,0,4993,1826,True,False,False,False,False,True,False
0,1,72,1,1,0,1,0,0,1,1,1,97.7,6869.7,0,26,1,0,5406,13309,True,False,False,True,True,False,False
1,0,30,0,0,0,0,1,0,1,0,1,40.3,1172.95,1,74,0,0,3016,2241,False,False,False,False,False,True,False
1,0,11,1,1,1,1,0,0,0,0,0,60.25,662.95,0,75,0,0,5296,826,False,False,False,False,False,False,False
1,0,34,0,0,0,1,1,0,1,1,1,56.25,1765.95,0,72,0,0,5597,1022,False,False,False,False,False,True,False
0,0,54,0,0,1,1,0,0,0,1,0,46.2,2431.95,0,51,0,0,6143,64,False,False,False,True,False,False,False
0,0,3,0,0,0,1,0,0,1,1,1,50.6,155.35,1,56,0,0,4800,7685,False,False,False,False,False,True,False
0,1,72,1,1,0,0,0,0,0,0,0,24.9,1859.2,0,42,1,3,5192,734,False,True,False,True,False,False,True
0,1,40,1,1,0,0,1,1,0,0,1,84.85,3303.05,1,64,1,0,5764,46171,True,False,False,False,False,True,False
0,1,2,1,0,0,0,0,0,1,1,0,65.7,134.35,1,21,1,2,4265,207,False,False,False,False,False,False,True
0,1,54,1,1,0,0,1,0,0,1,0,63.35,3409.1,0,29,1,3,4232,618,False,False,False,True,True,False,False
0,0,14,1,0,1,0,0,0,0,0,0,50.1,709.5,0,19,0,0,2331,71,False,False,False,False,False,False,False
0,0,1,1,0,0,0,0,0,0,0,0,70.5,70.5,1,53,0,0,4123,1436,True,False,False,False,False,True,False
0,0,10,1,1,0,1,1,0,0,1,1,94.85,953.45,1,34,0,0,3074,2771,True,False,False,False,False,True,False
0,0,1,1,0,1,0,0,0,0,0,0,50.15,50.15,0,63,0,0,4421,35109,False,False,False,False,False,True,False
0,0,1,1,0,0,0,0,0,0,0,0,19.75,19.75,1,21,0,0,4851,57794,False,True,False,False,False,False,True
0,0,56,1,1,1,1,0,1,0,0,1,64.65,3665.55,0,22,0,0,4656,49309,False,False,True,False,False,False,False
0,1,68,1,0,1,1,0,1,1,1,1,79.6,5515.8,0,38,1,0,5601,504,False,False,False,True,False,False,False
0,1,14,1,0,0,0,0,0,0,0,1,19.5,272.0,0,58,1,1,2993,11198,False,True,True,False,False,False,True
0,1,68,1,0,1,0,0,1,1,1,1,99.55,6668.0,0,38,1,3,4319,1220,True,False,False,True,False,True,False
1,1,55,1,1,0,0,0,0,0,0,1,74.0,4052.4,0,68,1,0,4958,42239,True,False,False,False,False,True,False
0,0,16,0,0,1,0,0,0,1,0,1,38.9,664.4,0,34,0,0,3300,8217,False,False,False,False,False,True,False
1,0,9,1,0,0,0,0,0,0,1,1,79.55,718.55,0,73,0,0,5811,318,True,False,False,False,False,True,False
0,1,14,1,0,1,1,0,0,1,0,1,65.45,937.6,1,42,1,1,2881,67232,False,False,False,False,False,True,False
1,1,58,1,1,0,0,1,0,1,1,1,98.7,5812.6,1,67,1,0,4662,34045,True,False,False,False,False,True,False
0,0,53,0,0,1,1,0,0,0,1,1,46.3,2546.85,0,37,0,0,6245,25370,False,False,False,False,False,False,False
0,1,70,1,1,1,1,1,0,1,0,1,99.35,6944.5,0,58,1,0,4120,1613,True,False,False,True,True,False,False
1,1,14,1,1,0,0,0,0,1,1,1,95.8,1346.3,0,79,1,1,3471,117,True,False,False,False,False,True,False
0,1,22,1,0,1,0,1,1,1,0,1,67.5,1544.05,1,49,1,0,3378,46171,False,False,True,False,False,False,False
0,1,10,1,1,1,0,0,0,0,0,1,78.15,765.15,0,23,1,0,3403,14931,True,False,False,False,True,False,False
0,1,29,1,1,0,0,0,0,0,0,0,26.1,692.55,0,62,1,2,2828,25805,False,True,False,True,False,False,True
0,0,1,1,0,0,0,0,0,0,0,1,69.6,69.6,1,25,0,0,2412,46171,True,False,False,False,False,True,False
0,1,49,1,1,1,0,1,1,1,1,0,84.35,4059.35,1,61,1,0,6452,413,False,False,True,False,False,True,False
1,1,68,1,1,0,1,0,0,1,1,1,100.2,6851.65,1,74,1,0,4481,6787,True,False,False,False,False,True,False
0,0,1,1,0,0,0,0,0,1,0,0,78.05,78.05,1,20,0,0,3458,1968,True,False,False,False,False,True,False
0,0,30,0,0,0,0,0,1,0,1,1,40.35,1187.05,0,23,0,0,5455,3464,False,False,True,False,True,False,False
0,1,72,1,1,1,1,1,1,1,0,0,79.2,5401.9,0,21,1,0,4288,273,False,False,False,True,True,False,False
0,0,10,1,0,0,0,0,0,0,0,1,20.9,247.0,0,27,0,0,4905,613,False,True,False,False,False,False,True
0,0,7,1,1,0,0,0,0,0,0,0,73.6,520.0,1,63,0,0,2679,273,True,False,False,False,False,True,False
0,0,9,1,1,0,0,0,0,0,0,1,74.75,706.6,1,55,0,0,5003,807,True,False,False,False,False,True,False
0,0,1,1,0,1,0,0,0,0,0,0,49.9,49.9,0,39,0,3,5969,1766,False,False,False,False,False,False,True
0,0,20,1,1,0,1,0,1,0,1,1,68.9,1370.35,0,44,0,0,3265,5446,False,False,False,False,True,False,False
0,0,1,1,0,0,0,0,0,0,0,1,20.25,20.25,0,42,0,0,5854,19391,False,True,False,False,False,False,True
0,0,29,1,1,0,0,0,0,0,0,1,76.0,2215.25,0,24,0,0,5324,46858,True,False,False,False,True,False,False
0,0,1,1,0,0,0,0,1,0,0,0,74.0,74.0,0,34,0,0,4148,33856,True,False,False,False,False,True,False
0,0,3,1,0,1,0,0,1,0,0,1,82.3,214.4,0,61,0,0,5755,9395,True,False,False,False,False,False,True
0,0,20,1,0,1,0,1,0,1,0,1,89.4,1871.15,0,48,0,0,2098,5519,True,False,False,False,False,False,False
0,0,64,1,0,0,1,0,1,1,1,1,99.15,6171.2,0,31,0,1,4590,1965,True,False,False,False,True,False,False
0,0,1,1,0,0,0,0,0,0,0,1,20.2,20.2,1,38,0,0,5355,24206,False,True,False,False,False,False,True
0,0,6,0,0,1,0,0,0,0,0,0,29.45,161.45,0,22,0,0,4391,9388,False,False,False,False,False,False,False
0,1,50,1,0,0,0,0,0,0,0,0,19.8,1013.2,0,55,1,0,5914,506,False,True,False,True,False,True,False
0,0,6,1,0,1,0,0,0,0,1,1,59.15,336.7,0,60,0,0,3613,9491,False,False,False,False,False,False,False
0,1,7,1,0,0,0,0,0,0,0,0,44.75,333.65,0,42,1,1,4699,77,False,False,False,False,False,True,False
0,1,72,1,1,0,0,1,0,0,1,1,90.8,6511.8,0,22,1,1,6188,1852,True,False,False,True,True,False,False
0,1,8,1,0,0,1,0,0,0,0,1,49.55,393.45,0,24,1,0,5922,5635,False,False,False,False,False,False,False
0,1,67,1,1,1,0,0,1,1,1,0,106.7,7009.5,0,35,1,2,4780,1125,True,False,False,True,True,False,False
1,1,24,1,1,0,0,0,0,1,1,1,93.55,2264.05,1,69,1,0,4937,152,True,False,False,False,False,True,False
0,1,72,1,1,1,1,0,0,0,1,1,94.45,6921.7,0,22,1,0,5274,93,True,False,False,True,True,False,False
0,1,33,1,0,0,0,0,0,0,0,1,19.45,600.25,0,25,1,1,3470,14062,False,True,True,False,False,False,False
0,0,2,0,0,0,0,0,0,0,0,1,25.05,56.35,1,22,0,0,4810,14088,False,False,False,False,False,True,False
0,1,70,1,0,1,1,0,1,0,1,0,67.95,4664.15,0,41,1,0,5514,52,False,False,False,True,False,False,True
0,0,22,1,0,0,1,1,0,1,0,0,65.25,1441.8,0,22,0,0,5146,29124,False,False,True,False,False,False,False
0,0,59,1,1,1,1,1,0,0,1,1,99.45,5623.7,0,54,0,0,5247,28434,True,False,False,False,False,False,False
0,0,36,1,0,0,0,0,0,0,0,1,20.35,695.85,0,37,0,0,3526,49247,False,True,True,False,True,False,False
0,1,51,1,0,0,0,0,0,0,0,0,19.95,1028.75,0,60,1,1,4057,48690,False,True,False,True,False,False,True
0,1,53,1,1,1,0,1,1,1,0,0,77.4,4155.95,0,52,1,0,5313,571,False,False,True,False,False,False,False
0,1,20,1,0,0,0,0,0,0,0,0,19.7,395.6,0,50,1,3,4910,3376,False,True,True,False,False,False,False
0,1,63,1,0,1,0,1,0,1,1,0,99.7,6330.4,0,46,1,0,5135,8521,True,False,False,True,True,False,False
0,0,40,1,0,0,1,0,0,0,0,0,74.8,2971.7,0,50,0,0,3258,173,True,False,False,False,True,False,False
0,0,35,1,0,0,0,0,0,0,0,1,19.15,638.0,0,53,0,0,4052,8449,False,True,True,False,False,False,True
0,1,26,1,0,0,0,0,0,0,1,0,78.95,2034.25,0,54,1,3,4237,9780,True,False,True,False,False,False,False
1,1,27,1,1,0,1,1,0,0,1,1,95.55,2510.2,1,70,1,0,2999,12587,True,False,False,False,False,True,False
0,0,53,1,0,1,1,0,1,0,0,0,62.85,3419.5,0,20,0,2,6281,3258,False,False,True,False,True,False,False
1,1,34,1,0,0,0,0,0,0,0,0,71.55,2427.35,0,72,1,0,3583,1314,True,False,False,False,True,False,False
1,1,19,1,1,0,0,0,0,1,1,1,94.95,1760.25,0,78,1,0,5316,265,True,False,False,False,False,True,False
0,1,43,1,0,1,1,1,0,0,0,1,86.1,3551.65,0,48,1,0,2358,972,True,False,False,False,True,False,False
0,1,6,1,0,0,0,0,0,0,0,0,19.55,122.9,0,48,1,3,3072,25923,False,True,False,False,False,False,True
0,0,56,1,1,0,0,0,0,0,0,1,24.8,1424.2,0,48,0,3,4262,5729,False,True,False,True,False,False,True
0,0,57,0,0,0,1,0,0,1,0,1,39.3,2111.45,1,23,0,0,4917,28991,False,False,False,False,False,True,False
0,1,34,1,0,0,0,1,0,1,0,1,84.05,2909.95,0,63,1,1,3476,4318,True,False,False,False,False,False,True
0,0,10,0,0,0,1,0,1,0,0,0,36.25,374.0,0,33,0,0,4571,26213,False,False,False,False,False,True,False
0,0,1,1,0,0,0,0,0,0,0,1,20.25,20.25,1,64,0,0,2783,642,False,True,False,False,False,False,True
0,0,13,0,0,0,0,0,0,0,0,1,23.9,300.8,1,30,0,0,2967,343,False,False,False,False,False,True,False
0,0,56,1,1,0,1,0,0,1,1,0,98.6,5581.05,0,62,0,0,5601,306,True,False,False,False,False,True,False
0,1,55,1,1,0,1,1,0,1,1,1,103.65,5676.65,0,54,1,0,4768,2633,True,False,False,False,True,False,False
0,1,36,1,1,1,1,1,1,1,1,1,92.9,3379.25,0,23,1,2,3570,1130,False,False,False,True,True,False,False
0,1,47,1,0,0,0,0,0,0,0,0,19.9,942.95,0,26,1,0,5394,327,False,True,True,False,False,False,False
0,1,12,1,0,0,0,0,0,0,0,1,20.1,232.4,0,43,1,1,2360,646,False,True,False,False,True,False,False
0,0,1,1,0,0,0,1,0,1,0,1,85.45,85.45,1,48,0,0,4931,3146,True,False,False,False,False,True,False
1,0,24,1,1,0,1,0,0,0,0,1,80.5,2088.45,0,76,0,0,4422,13858,True,False,False,False,False,True,False
0,0,63,1,1,0,1,0,0,1,1,0,99.9,6137.0,1,22,0,0,4776,47999,True,False,True,False,False,False,False
1,0,35,0,0,0,0,1,0,1,0,1,39.85,1434.6,0,77,0,0,2030,31180,False,False,False,False,False,True,False
0,0,67,1,0,1,1,0,1,0,0,0,60.5,3870.0,0,28,0,0,4363,26580,False,False,True,False,True,False,False
0,0,25,1,1,0,0,0,0,0,1,1,84.8,2043.45,1,64,0,0,4203,35451,True,False,False,False,False,True,False
0,0,21,1,1,1,0,1,0,1,1,0,103.85,2215.0,0,60,0,0,4520,35790,True,False,False,False,False,False,True
0,0,13,1,0,1,1,0,1,0,1,0,67.8,842.25,0,36,0,0,4115,29337,False,False,False,False,False,False,False
0,1,35,1,1,0,0,0,0,0,0,1,75.2,2576.2,1,48,1,0,4639,33878,True,False,False,False,False,True,False
1,1,71,1,1,0,0,0,0,0,0,0,24.85,1901.0,0,69,1,0,4367,45087,False,True,False,True,False,False,False
0,0,29,1,0,0,0,0,0,0,0,0,19.35,601.6,0,46,0,0,5227,6848,False,True,False,False,True,False,False
0,1,71,0,0,0,1,0,0,1,1,0,49.35,3515.25,1,44,1,0,4879,60889,False,False,False,True,False,True,False
1,1,7,1,0,0,0,0,0,1,1,1,89.0,605.45,0,71,1,0,5711,21010,True,False,False,False,False,True,False
1,0,57,0,0,0,1,1,0,1,1,1,55.0,3094.05,0,65,0,0,4622,39148,False,False,False,False,False,True,False
0,1,65,1,1,1,0,1,1,0,1,0,76.15,4929.55,0,45,1,0,6177,54701,False,False,False,True,False,False,False
0,0,27,1,0,0,0,0,0,0,0,0,20.3,595.05,0,44,0,0,3159,16346,False,True,True,False,False,False,True
0,0,6,1,1,0,0,0,0,0,0,1,74.9,469.8,1,49,0,0,4160,35739,True,False,False,False,False,True,False
1,0,72,1,1,1,1,1,1,1,1,1,117.35,8436.25,0,78,0,0,4008,58548,True,False,False,True,True,False,False
0,0,1,1,0,0,0,0,0,0,0,1,19.75,19.75,0,31,0,0,4441,53946,False,True,False,False,False,False,True
0,0,11,1,0,0,0,0,0,0,0,0,45.2,492.0,0,44,0,0,5253,22292,False,False,False,False,True,False,False
0,1,39,1,1,0,0,0,0,0,0,0,25.2,987.95,0,64,1,2,5453,13027,False,True,False,True,False,False,True
1,0,59,1,1,1,1,1,0,0,0,1,89.75,5496.9,0,80,0,0,5170,48690,True,False,False,False,False,True,False
0,0,26,1,0,1,0,0,1,1,1,0,75.0,1908.35,0,24,0,0,4705,2966,False,False,True,False,False,False,False
1,0,2,1,0,0,0,1,0,0,0,0,49.95,107.1,0,71,0,0,5251,13121,False,False,False,False,False,False,True
0,1,72,0,0,1,1,1,1,1,1,0,65.7,4575.35,0,44,1,2,6187,6691,False,False,False,True,False,False,False
0,1,65,1,1,1,1,1,0,0,0,0,67.05,4309.55,0,50,1,0,5224,1140,False,False,True,False,True,False,False
0,1,72,1,1,0,1,1,1,1,1,0,110.9,7922.75,0,31,1,1,6444,9023,True,False,False,True,True,False,False
0,0,6,1,1,0,0,0,1,0,1,1,87.95,522.35,0,37,0,0,2684,14204,True,False,False,False,False,False,False
1,0,32,1,0,0,0,0,0,0,0,0,19.8,587.7,0,79,0,0,3836,254,False,True,True,False,True,False,False
0,1,50,1,1,0,0,1,0,1,1,0,75.7,3876.2,0,40,1,0,6144,14477,False,False,True,False,False,False,False
0,1,61,0,0,1,0,1,1,1,1,1,62.15,3778.85,0,22,1,0,6427,538,False,False,False,True,False,False,True
0,0,15,1,0,0,1,1,0,1,1,1,101.25,1457.25,1,43,0,0,3968,21759,True,False,False,False,False,True,False
0,1,72,1,1,1,1,1,1,1,1,0,115.15,8349.45,0,29,1,0,5398,32857,True,False,False,True,False,False,False
0,0,9,1,0,0,0,0,0,0,0,1,18.95,185.6,1,59,0,0,5403,15449,False,True,False,False,False,False,True
0,0,1,1,0,0,0,0,0,0,0,0,19.5,19.5,0,42,0,0,3107,4602,False,True,False,False,False,False,True
0,0,12,1,1,0,0,0,0,0,1,1,86.55,1066.9,0,33,0,0,2061,521,True,False,False,False,False,True,False
0,0,37,0,0,0,0,0,1,0,0,0,28.6,973.55,1,31,0,0,4429,38244,False,False,False,False,True,False,False
0,1,61,1,0,0,0,0,0,0,0,0,20.4,1226.45,0,42,1,3,5897,13003,False,True,True,False,False,False,True
0,1,18,1,0,0,0,0,0,0,0,0,19.8,342.3,0,39,1,3,4808,407,False,True,True,False,False,False,False
0,0,21,1,0,0,0,0,0,0,0,0,45.65,985.05,0,60,0,2,5731,25566,False,False,False,False,False,False,True
0,1,68,0,0,1,1,1,1,0,1,1,56.4,3948.45,0,47,1,2,4556,3635,False,False,False,True,False,False,True
1,0,12,1,1,0,0,0,0,0,0,1,73.3,828.05,0,78,0,0,5159,40346,True,False,False,False,True,False,False
1,0,2,0,0,0,0,0,0,0,0,0,24.35,41.85,1,79,0,0,3278,47453,False,False,False,False,False,True,False
0,1,62,1,1,0,0,1,0,1,1,1,101.35,6164.7,0,30,1,0,5049,63337,True,False,False,False,False,True,False
1,0,29,1,1,0,0,0,1,1,1,0,98.65,2862.75,1,76,0,0,4235,17929,True,False,False,False,False,True,False
0,0,1,0,0,0,1,0,1,0,0,0,33.6,33.6,0,44,0,1,4369,1622,False,False,False,False,False,False,True
1,1,5,1,1,0,0,1,0,0,0,1,79.9,343.95,1,78,1,0,4324,148,True,False,False,False,False,False,False
0,0,1,1,0,0,0,0,0,0,0,0,20.7,20.7,0,27,0,0,3061,18486,False,True,False,False,False,True,False
0,0,62,1,1,0,0,1,1,1,1,1,104.05,6590.5,0,44,0,1,5900,21496,True,False,False,True,False,True,False
0,1,36,1,0,0,0,0,0,0,0,0,20.25,717.95,0,26,1,2,5272,39062,False,True,False,True,False,False,False
1,0,28,1,1,0,0,1,1,1,1,1,103.3,2890.65,1,79,0,0,4136,6876,True,False,False,False,False,True,False
0,1,69,1,1,1,1,0,1,1,0,0,73.7,4885.85,0,59,1,3,4268,6601,False,False,True,False,True,False,False
0,1,11,1,1,1,0,0,1,1,0,1,96.2,1222.05,1,60,1,0,3101,20350,True,False,False,False,True,False,False
0,1,63,1,1,0,1,1,1,1,1,1,108.75,6871.7,0,49,1,0,4582,2346,True,False,False,False,False,True,False
0,0,23,1,0,0,0,0,0,0,0,0,20.15,405.6,0,63,0,0,4402,3064,False,True,True,False,False,False,False
0,0,10,1,0,0,0,0,0,0,0,0,19.75,208.25,0,24,0,0,3926,32143,False,True,False,False,True,False,False
0,1,71,1,1,0,0,0,0,0,0,1,25.95,1801.9,0,42,1,0,5072,13483,False,True,False,True,True,False,False
1,0,45,1,1,1,0,0,1,0,1,1,70.05,3062.45,0,80,0,0,4223,27822,False,False,False,False,False,True,False
0,1,70,1,1,0,0,0,0,0,0,0,24.05,1764.75,0,24,1,2,4722,38885,False,True,False,True,False,False,True
0,0,22,1,1,0,0,0,0,0,1,1,84.75,1816.75,0,32,0,2,4240,2055,True,False,False,False,False,True,False
0,1,52,1,1,0,0,0,0,0,0,0,23.05,1255.1,0,42,1,2,4922,35737,False,True,False,True,False,False,True
0,1,55,1,1,0,0,1,1,1,1,1,104.15,5743.05,1,21,1,0,4369,25569,True,False,True,False,False,True,False
0,0,65,0,0,1,0,1,1,1,1,0,59.95,3921.1,0,45,0,0,6251,32368,False,False,False,True,True,False,False
0,1,72,1,0,0,0,0,0,0,0,0,19.55,1463.45,0,58,1,1,4424,10658,False,True,False,True,False,False,False
0,1,10,1,0,0,0,0,0,0,0,0,19.6,189.45,0,23,1,0,3778,39566,False,True,True,False,False,False,False
0,0,7,1,0,0,0,0,0,0,0,0,20.05,96.8,0,56,0,3,3810,28098,False,True,True,False,False,False,True
1,0,5,1,0,0,1,0,0,0,1,1,85.55,408.5,0,67,0,0,2850,291,True,False,False,False,False,True,False
0,1,24,1,1,1,0,1,0,1,1,0,78.6,1846.65,0,63,1,3,2939,60599,False,False,False,True,True,False,False
0,1,72,1,1,1,1,1,1,1,1,1,116.8,8456.75,0,25,1,2,6252,64010,True,False,False,True,True,False,False
0,0,21,0,0,1,0,0,1,1,0,1,43.55,1011.5,0,29,0,0,5808,50070,False,False,False,False,False,False,True
0,1,69,0,0,0,1,1,1,1,1,1,60.8,4263.4,0,23,1,0,5683,16985,False,False,True,False,True,False,False
0,1,44,1,0,0,1,0,1,0,0,1,54.9,2549.1,0,58,1,3,4412,28998,False,False,False,False,False,False,False
1,1,61,1,1,0,0,1,0,1,0,1,65.2,3965.05,0,74,1,1,6238,23036,False,False,True,False,False,True,False
1,0,24,1,1,0,1,1,0,1,1,1,102.95,2496.7,1,73,0,0,5245,384,True,False,False,False,True,False,False
0,0,1,1,0,0,0,0,0,1,1,0,90.6,90.6,1,41,0,0,2540,2066,True,False,False,False,False,True,False
0,0,6,1,0,0,0,0,1,0,0,1,50.8,288.05,1,51,0,0,4713,17372,False,False,False,False,False,False,False
0,0,4,1,1,0,1,0,0,0,1,1,90.05,368.1,1,42,0,0,3212,13723,True,False,False,False,False,True,False
0,1,72,1,1,0,1,1,1,1,1,1,108.2,7840.6,0,21,1,0,4773,56330,True,False,False,True,False,True,False
0,0,72,1,1,1,1,1,1,1,1,0,92.0,6632.75,0,55,0,0,4200,74641,False,False,False,True,False,False,False
1,1,14,1,1,0,0,0,0,0,0,1,75.1,1013.35,0,73,1,0,3771,3337,True,False,False,False,False,True,False
0,0,7,1,1,0,0,0,0,0,0,1,25.05,152.95,0,26,0,0,4868,73117,False,True,False,False,False,False,False
0,0,48,1,0,0,1,0,0,0,0,0,75.15,3772.65,0,64,0,0,3345,30587,True,False,True,False,False,True,False
0,1,55,1,0,0,0,0,0,0,0,0,19.5,1026.35,0,43,1,3,5067,33122,False,True,True,False,False,False,True
0,0,1,1,0,0,0,0,0,0,0,0,19.3,19.3,0,50,0,0,5626,42959,False,True,False,False,True,False,False
0,0,45,1,0,1,1,1,1,1,1,0,112.2,5031.85,0,57,0,0,3091,38756,True,False,True,False,True,False,False
0,0,3,1,0,0,0,0,0,0,0,1,70.3,220.4,0,35,0,0,4275,38955,True,False,False,False,False,False,True
0,1,71,1,0,0,0,0,0,0,0,0,19.6,1416.5,0,46,1,0,4890,42476,False,True,False,True,False,False,True
0,1,8,1,0,0,0,0,0,0,0,0,20.25,158.35,0,29,1,0,4964,55504,False,True,False,False,False,False,True
0,1,3,1,1,0,0,0,0,0,0,1,75.85,256.6,1,61,1,0,4062,22920,True,False,False,False,False,True,False
0,1,69,1,0,1,1,0,1,1,1,0,80.65,5542.55,0,48,1,3,4618,33177,False,False,False,True,False,False,False
0,1,1,1,0,0,0,0,0,0,0,1,68.5,68.5,1,39,1,0,5753,20643,True,False,False,False,False,True,False
1,1,72,1,1,1,1,1,1,1,1,1,115.75,8443.7,0,75,1,0,6205,2240,True,False,False,True,True,False,False
0,0,11,1,0,1,0,0,0,0,0,1,73.5,791.75,1,30,0,0,4509,1458,True,False,False,False,False,True,False
0,0,71,1,1,1,1,1,1,0,1,0,80.6,5708.2,0,51,0,0,5447,27906,False,False,False,True,False,False,False
0,0,1,1,0,0,0,0,0,0,0,1,69.95,69.95,1,29,0,0,5341,26297,True,False,False,False,False,False,True
0,1,33,0,0,1,0,1,1,1,1,0,59.55,2016.3,0,52,1,0,5980,26831,False,False,False,True,False,False,False
0,0,16,1,0,0,0,0,0,0,0,0,19.05,326.65,0,62,0,0,4336,40137,False,True,True,False,False,False,True
1,1,56,1,1,1,1,1,1,0,0,0,95.65,5471.75,0,80,1,0,6335,16198,True,False,True,False,False,True,False
0,0,1,1,0,0,0,0,0,0,0,0,19.95,19.95,0,58,0,0,2732,45499,False,True,False,False,True,False,False
0,0,5,1,0,0,0,1,0,1,1,1,70.05,346.4,1,52,0,0,4944,1723,False,False,False,False,False,True,False
0,1,57,1,0,0,0,0,0,0,0,0,19.4,1061.6,0,45,1,2,4194,13386,False,True,True,False,False,False,True
0,1,56,0,0,0,1,1,0,0,0,1,36.1,1971.5,0,61,1,1,5092,24492,False,False,True,False,True,False,False
0,0,8,1,1,0,1,1,0,1,0,1,94.0,773.65,1,59,0,0,2632,32488,True,False,False,False,False,True,False
0,1,22,1,0,1,1,1,0,0,0,0,61.15,1422.05,1,21,1,3,4626,23393,False,False,False,False,False,False,True
0,0,1,1,0,0,0,0,0,0,0,0,19.75,19.75,0,59,0,0,4099,37926,False,True,False,False,False,False,True
0,0,40,1,0,1,0,0,1,1,0,1,64.1,2460.35,0,63,0,1,5056,31882,False,False,False,False,True,False,False
0,1,46,1,0,0,0,0,0,0,0,0,19.75,856.5,0,62,1,3,2610,58555,False,True,False,True,True,False,False
0,1,63,1,0,0,0,0,0,0,0,0,19.7,1275.85,0,47,1,1,4235,13996,False,True,False,True,False,False,True
0,1,68,1,1,1,1,1,0,1,1,1,110.2,7467.5,0,51,1,3,4108,19777,True,False,False,True,False,True,False
0,1,69,1,0,1,1,0,1,1,1,1,106.35,7261.75,0,38,1,2,6315,15187,True,False,False,True,True,False,False
0,1,56,1,1,0,1,1,1,0,0,0,90.55,5116.6,0,63,1,0,6161,3641,True,False,False,False,False,True,False
0,1,10,1,0,0,1,1,0,0,1,1,65.9,660.05,0,32,1,2,5289,90891,False,False,True,False,False,False,True
0,0,63,1,1,1,1,1,1,1,0,0,104.5,6590.8,0,26,0,0,4908,25578,True,False,True,False,True,False,False
0,1,24,0,0,1,1,1,1,0,1,1,52.5,1208.15,0,34,1,3,3303,2379,False,False,False,True,False,False,True
0,0,19,1,1,0,0,1,0,0,0,1,56.1,1033.9,0,54,0,0,3367,138,False,False,False,False,False,False,True
0,1,22,1,1,0,0,1,0,1,0,1,88.75,1885.15,0,53,1,3,5585,26577,True,False,False,False,False,True,False
0,1,29,1,1,1,1,0,0,0,0,1,84.45,2467.1,1,37,1,0,2651,10153,True,False,False,False,False,True,False
0,1,13,1,1,0,0,1,0,1,1,1,75.3,989.45,1,20,1,0,4800,7384,False,False,True,False,False,False,True
0,1,70,1,1,0,0,0,0,0,0,1,26.0,2006.95,0,44,1,0,6170,14239,False,True,False,True,False,False,False
0,1,49,1,0,0,1,1,0,1,1,0,99.4,5025.0,0,20,1,0,4725,27394,True,False,False,False,False,True,False
1,1,43,1,1,1,0,1,1,1,1,1,109.55,4830.25,1,74,1,0,5863,18650,True,False,True,False,False,False,True
0,0,3,1,0,0,0,0,0,0,0,1,19.6,59.75,1,38,0,0,5000,36186,False,True,False,False,False,False,True
0,1,42,1,0,0,0,1,1,1,1,0,73.15,3088.25,0,54,1,2,2531,39888,False,False,True,False,False,True,False
0,0,57,1,0,0,1,0,1,0,0,1,54.65,3134.7,0,57,0,0,4223,32685,False,False,True,False,False,False,True
1,0,2,1,0,1,0,1,0,1,0,0,66.4,94.55,1,73,0,0,4522,3193,False,False,False,False,False,False,False
0,1,72,1,1,1,1,1,1,1,1,1,115.55,8312.4,0,23,1,0,5076,32873,True,False,False,True,True,False,False
1,0,46,1,1,0,1,1,0,1,1,1,104.45,4863.85,0,65,0,0,4103,23141,True,False,False,False,False,True,False
1,1,66,1,1,0,0,0,1,1,1,1,100.05,6871.9,1,71,1,0,4512,77683,True,False,False,False,True,False,False
0,0,62,1,1,1,1,0,1,0,1,0,102.0,6529.25,1,63,0,0,5090,9978,True,False,True,False,False,True,False
0,1,72,1,1,1,1,1,1,1,1,1,91.15,6637.9,0,53,1,0,4311,66543,False,False,False,True,False,False,False
0,1,35,1,0,0,1,0,1,1,0,1,89.7,3165.6,0,50,1,3,2775,56126,True,False,True,False,False,True,False
0,1,17,1,1,1,1,1,0,0,0,0,90.2,1454.15,1,62,1,0,2026,46917,True,False,False,False,True,False,False
0,1,72,1,1,1,1,1,1,1,1,1,92.4,6786.1,0,20,1,0,5527,60274,False,False,False,True,False,True,False
0,1,28,1,0,0,0,0,0,0,0,0,19.9,543.0,0,64,1,1,2987,11147,False,True,True,False,False,False,True
0,1,56,1,1,0,0,0,0,0,0,1,25.15,1327.15,1,19,1,0,6484,72993,False,True,False,True,True,False,False
0,0,31,1,1,0,0,0,1,0,0,1,79.85,2404.15,1,58,0,0,2554,27311,True,False,False,False,True,False,False
0,0,45,1,0,0,0,0,0,0,0,0,18.85,867.3,0,47,0,0,2653,41698,False,True,True,False,False,False,False
0,0,1,1,1,0,0,0,0,0,0,1,25.75,25.75,0,23,0,0,2569,22479,False,True,False,False,False,False,True
0,0,2,1,0,0,1,0,0,0,0,1,49.6,114.7,1,26,0,0,3599,23996,False,False,False,False,False,False,True
0,0,6,1,0,0,0,0,0,0,0,1,20.95,109.5,0,40,0,0,5554,75929,False,True,False,False,False,False,True
0,1,48,1,0,0,1,1,0,1,1,1,97.05,4692.95,0,29,1,0,5893,13212,True,False,True,False,False,True,False
0,1,25,1,1,0,0,0,0,0,0,1,25.4,546.85,0,61,1,4,5250,46677,False,True,False,False,False,False,False
0,1,64,1,0,0,0,0,0,0,0,1,19.7,1274.05,0,28,1,1,5431,33883,False,True,False,True,False,False,False
0,0,50,0,0,1,1,0,0,0,0,1,35.0,1782.4,0,51,0,0,5629,16510,False,False,False,False,False,False,True
0,1,52,1,1,0,0,1,0,1,1,0,101.25,5301.1,0,20,1,1,5954,63947,True,False,True,False,False,False,False
1,1,4,1,0,0,0,0,0,0,0,1,70.2,280.35,0,70,1,0,4444,26894,True,False,False,False,False,True,False
1,0,32,1,0,0,0,0,0,1,1,0,90.95,2897.95,0,80,0,0,5936,42491,True,False,False,False,False,True,False
0,1,45,1,1,1,1,0,1,1,0,0,73.85,3371.0,0,21,1,1,5264,27607,False,False,False,True,True,False,False
0,1,9,1,1,1,0,0,0,0,1,1,88.05,801.3,0,49,1,0,2715,17964,True,False,False,False,False,True,False
1,1,66,1,1,0,0,1,1,1,1,1,105.95,6975.25,1,68,1,0,6117,16717,True,False,True,False,True,False,False
0,0,3,1,1,0,0,1,0,0,1,0,91.85,257.05,1,53,0,0,2704,78816,True,False,False,False,False,True,False
0,0,54,1,0,0,0,0,0,0,0,0,20.1,1079.45,0,45,0,0,5755,36669,False,True,False,True,False,False,True
0,1,1,0,0,0,0,0,1,1,0,0,40.1,40.1,1,42,1,2,5434,494,False,False,False,False,False,True,False
0,1,64,1,1,1,1,0,1,1,1,0,110.3,6997.3,0,49,1,1,5574,29636,True,False,False,True,False,False,False
1,0,31,1,1,0,0,0,0,0,0,1,73.9,2217.15,1,70,0,0,2560,173,True,False,False,False,False,True,False
0,0,14,1,0,0,0,0,0,1,1,1,89.8,1129.1,1,57,0,0,4107,5246,True,False,False,False,False,False,True
0,0,12,1,0,1,0,0,0,1,0,1,85.15,979.05,0,61,0,0,2452,8506,True,False,True,False,True,False,False
1,1,67,1,0,1,1,0,1,0,0,1,60.95,4119.4,0,79,1,0,5792,9423,False,False,True,False,False,False,False
0,1,35,1,1,1,0,1,1,1,0,0,72.25,2568.55,1,28,1,2,5898,223,False,False,False,False,False,True,False
0,0,45,1,1,1,0,0,1,0,1,0,73.55,3349.1,0,60,0,0,2280,41871,False,False,False,True,False,False,True
0,0,10,1,0,0,0,0,0,0,0,0,46.0,492.1,0,45,0,0,3903,36568,False,False,False,False,False,False,True
1,0,29,1,1,1,1,0,0,0,0,1,58.55,1718.95,0,68,0,0,2044,19815,False,False,False,False,False,False,False
0,0,24,1,1,0,0,0,0,0,0,0,24.6,605.25,0,58,0,0,4147,26240,False,True,True,False,False,False,False
0,1,66,1,0,0,0,0,0,0,0,1,19.75,1344.5,0,62,1,2,4485,44078,False,True,False,True,False,False,True
0,0,51,1,0,1,0,0,0,1,0,0,86.35,4267.15,0,51,0,0,5311,39279,True,False,True,False,False,False,True
0,1,45,1,1,0,0,0,0,0,0,0,25.5,1121.05,0,35,1,0,3146,790,False,True,False,True,False,False,True
0,1,49,1,0,0,0,0,0,0,0,0,19.0,918.7,0,54,1,0,4066,66472,False,True,True,False,True,False,False
0,1,29,1,0,0,0,0,0,0,0,1,19.55,521.8,0,44,1,0,5758,28568,False,True,False,True,False,False,True
0,1,40,1,1,1,1,0,1,1,1,1,110.1,4469.1,0,59,1,3,2283,42209,True,False,False,False,True,False,False
1,0,37,1,1,0,0,0,0,1,1,1,96.55,3580.3,1,66,0,0,4448,37218,True,False,False,False,False,True,False
0,0,25,1,0,0,0,0,0,0,0,0,69.75,1729.35,0,42,0,0,3080,51665,True,False,False,False,False,True,False
0,0,22,0,0,0,0,1,0,1,1,1,50.6,1073.3,0,34,0,0,2854,159,False,False,False,False,False,True,False
0,0,72,0,0,1,1,1,1,1,1,1,65.6,4566.5,0,36,0,0,4369,18024,False,False,False,True,False,False,False
0,0,7,0,0,0,1,0,0,0,1,1,40.1,293.3,1,36,0,0,4414,40917,False,False,False,False,True,False,False
0,1,33,1,0,0,1,1,1,1,1,0,82.1,2603.1,0,44,1,1,2281,26022,False,False,False,True,True,False,False
0,0,23,1,0,0,1,0,1,0,0,1,79.1,1783.75,0,22,0,0,3619,2873,True,False,False,False,False,False,True
1,0,24,1,1,0,1,0,0,1,1,1,101.25,2440.15,1,65,0,0,4287,54876,True,False,False,False,False,True,False
0,0,1,1,0,0,0,0,0,1,0,0,79.55,79.55,1,58,0,0,5082,28900,True,False,False,False,False,True,False
0,0,69,1,1,1,1,1,1,1,1,0,90.65,6322.1,0,42,0,0,6487,31392,False,False,False,True,False,False,True
0,0,3,1,0,0,0,0,0,0,0,1,20.55,57.4,0,37,0,2,2774,42854,False,True,True,False,True,False,False
0,0,56,1,0,0,1,0,1,1,1,1,75.75,4284.65,0,61,0,0,6487,41876,False,False,True,False,False,False,False
0,0,65,1,1,1,0,1,1,1,1,1,110.0,7138.65,0,61,0,0,6351,21054,True,False,True,False,True,False,False
0,1,71,1,0,0,0,0,0,0,0,0,20.85,1539.75,0,55,1,0,4837,24589,False,True,True,False,False,True,False
1,0,14,1,1,0,0,1,0,0,0,1,80.35,1058.1,0,73,0,0,3276,21097,True,False,False,False,False,False,False
0,0,2,1,0,0,0,0,0,0,0,1,70.15,123.8,0,57,0,0,4840,29964,True,False,False,False,False,True,False
0,0,32,1,1,0,0,0,0,1,0,0,84.05,2781.85,1,44,0,0,3553,36517,True,False,True,False,False,True,False
0,0,40,1,0,1,0,1,0,0,1,0,67.45,2731.0,0,28,0,0,4714,11702,False,False,False,False,False,True,False
0,0,1,1,0,0,0,0,0,0,0,0,20.75,20.75,0,49,0,0,2791,15438,False,True,False,False,True,False,False
0,0,1,1,0,0,0,0,0,1,1,1,89.1,89.1,1,44,0,0,2905,24518,True,False,False,False,False,True,False
0,0,7,1,0,0,0,0,0,0,0,1,69.9,497.3,0,25,0,0,4562,30751,True,False,False,False,False,False,True
0,1,15,1,1,0,0,0,0,0,0,1,51.1,711.15,0,60,1,0,4858,15638,False,False,False,False,False,True,False
0,1,17,1,1,1,0,1,0,1,0,0,94.4,1607.2,1,57,1,0,4103,19763,True,False,False,False,False,True,False
0,0,19,1,0,0,1,1,0,0,0,1,78.25,1490.95,1,59,0,0,3666,21205,True,False,False,False,False,True,False
0,0,71,1,1,0,0,0,0,0,0,0,25.55,1898.1,0,43,0,0,6305,12448,False,True,False,True,False,False,False
0,1,54,1,1,1,0,0,1,0,0,0,60.0,3273.95,0,22,1,3,4798,15882,False,False,False,True,False,False,False
0,1,31,1,1,1,1,0,1,0,0,1,90.55,2929.75,0,47,1,0,5722,11889,True,False,False,False,True,False,False
0,0,11,1,0,1,0,0,0,0,0,0,76.4,838.7,0,46,0,0,4033,10737,True,False,False,False,False,True,False
1,0,18,1,0,0,0,1,0,0,1,1,84.95,1443.65,0,70,0,0,3878,10147,True,False,False,False,False,True,False
1,0,72,1,1,1,1,0,1,1,1,1,110.1,7746.7,0,77,0,0,5232,8157,True,False,False,True,False,False,False
1,0,71,1,1,0,1,0,0,1,1,1,99.65,6951.15,0,73,0,0,4241,28450,True,False,False,False,True,False,False
1,0,5,0,0,0,0,1,1,1,0,0,45.4,214.75,0,74,0,0,2599,25399,False,False,False,False,True,False,False
0,1,38,1,1,0,0,1,1,0,1,0,69.0,2669.45,0,34,1,0,4487,39089,False,False,True,False,True,False,False
0,0,5,1,0,0,0,0,1,0,0,1,48.65,235.2,0,57,0,2,3307,13984,False,False,False,False,False,False,False
1,0,2,1,0,0,0,0,0,0,0,1,44.15,92.65,1,78,0,0,5655,55720,False,False,False,False,False,True,False
1,0,52,1,1,1,0,1,0,0,0,0,59.85,3103.25,0,78,0,0,5085,40239,False,False,False,True,False,False,False
1,0,8,1,1,0,0,0,0,0,0,1,75.75,606.25,1,74,0,0,4174,28403,True,False,False,False,False,True,False
0,0,68,1,1,0,1,1,0,1,1,1,80.65,5330.2,0,52,0,0,5914,12010,False,False,False,True,False,True,False
0,1,69,1,0,0,0,0,0,0,0,1,20.55,1403.1,0,23,1,2,5366,13065,False,True,True,False,True,False,False
0,1,42,1,1,1,1,0,1,0,0,1,66.4,2727.8,0,56,1,0,3773,584,False,False,False,False,True,False,False
0,0,50,1,0,0,1,0,1,1,1,1,100.2,5038.45,0,36,0,0,5419,1785,True,False,False,True,False,False,True
0,0,1,1,0,0,0,0,0,0,0,1,19.1,19.1,1,35,0,0,5890,1573,False,True,False,False,False,False,True
1,1,1,1,1,1,0,0,0,0,0,1,80.3,80.3,1,78,1,0,4138,9038,True,False,False,False,False,True,False
0,1,33,1,0,0,0,0,0,0,0,1,44.55,1462.6,0,23,1,0,2422,42544,False,False,False,False,True,False,False
0,0,7,1,0,0,0,0,0,0,0,0,20.35,150.6,0,43,0,0,3098,330,False,True,False,False,False,False,True
0,1,64,1,1,1,1,1,0,0,0,1,91.8,5960.5,0,21,1,1,5371,8486,True,False,False,False,False,True,False
0,0,1,1,0,0,0,1,0,0,0,1,74.9,74.9,1,26,0,0,5919,7936,True,False,False,False,False,True,False
0,0,59,1,0,0,0,0,0,0,0,1,20.2,1192.3,0,47,0,0,5216,1025,False,True,False,True,False,False,False
0,1,6,1,1,0,0,0,0,0,0,0,50.35,314.55,0,30,1,0,3442,1004,False,False,False,False,False,True,False
0,0,3,1,0,0,0,0,0,0,0,0,18.8,56.0,0,44,0,0,3010,821,False,True,False,False,False,False,True
0,1,15,1,0,0,0,0,0,0,0,0,20.45,330.8,0,21,1,0,5184,6773,False,True,False,False,True,False,False
0,1,13,1,0,0,0,0,0,1,1,1,64.75,877.35,0,59,1,1,4741,406,False,False,True,False,False,True,False
0,0,23,1,1,0,1,0,0,1,1,1,98.7,2249.1,0,40,0,0,5781,28727,True,False,False,False,True,False,False
1,1,31,1,1,1,0,0,0,1,0,0,89.45,2807.65,0,76,1,0,5597,16429,True,False,False,False,False,True,False
0,0,29,1,0,1,1,0,1,0,0,1,58.75,1696.2,0,35,0,0,5198,607,False,False,True,False,False,True,False
0,1,49,1,0,0,0,0,0,0,0,0,20.7,1032.05,0,62,1,0,4074,24741,False,True,True,False,True,False,False
0,1,56,1,1,0,0,0,0,1,0,1,85.6,4902.8,0,25,1,0,6483,13361,True,False,False,False,False,False,False
0,0,63,1,1,1,1,1,1,0,1,1,80.3,4995.35,0,50,0,0,5554,248,False,False,False,True,True,False,False
0,1,63,1,1,0,0,1,1,1,1,0,79.8,5034.05,0,51,1,0,4073,3777,False,False,False,True,True,False,False
1,1,24,1,1,1,0,0,0,0,0,1,79.85,1857.75,0,66,1,2,3412,31930,True,False,False,False,False,True,False
1,1,36,1,0,0,0,1,1,0,0,0,54.1,1992.85,0,65,1,0,4017,35419,False,False,True,False,True,False,False
1,0,9,1,0,0,0,0,0,1,0,1,80.85,751.65,1,79,0,0,5242,1885,True,False,False,False,False,True,False
0,0,3,0,0,0,0,0,0,0,0,0,24.75,66.95,1,36,0,0,3503,16849,False,False,False,False,False,True,False
0,1,21,1,0,1,0,1,1,1,1,0,80.9,1714.95,0,55,1,0,5733,548,False,False,True,False,False,False,True
0,1,13,1,1,0,0,0,0,0,0,0,24.5,343.6,0,31,1,2,5077,6448,False,True,True,False,False,False,False
0,1,1,1,0,0,0,0,0,0,0,1,20.15,20.15,0,25,1,2,3960,11213,False,True,False,False,False,False,False
0,1,25,1,0,0,0,0,0,0,0,0,20.05,520.1,0,52,1,2,2010,781,False,True,True,False,False,False,True
0,1,71,1,0,0,0,0,0,0,0,1,19.6,1387.45,0,64,1,3,6444,384,False,True,False,True,False,False,False
0,0,66,1,1,1,1,1,1,1,1,1,114.3,7383.7,0,27,0,0,5303,66,True,False,True,False,False,False,False
0,0,45,1,0,1,1,0,0,1,1,1,100.3,4483.95,0,27,0,0,4868,1449,True,False,True,False,False,True,False
0,1,22,1,0,0,0,0,0,1,0,1,80.0,1706.45,0,20,1,0,2640,2147,True,False,False,False,True,False,False
0,1,67,1,0,0,0,0,0,0,0,1,20.85,1327.4,0,57,1,0,5972,24227,False,True,True,False,False,False,False
0,1,68,1,1,0,0,1,0,1,0,1,89.95,5974.3,0,30,1,0,5672,3373,True,False,False,True,False,False,False
0,1,0,1,0,0,0,0,0,0,0,0,20.0,0.0,0,23,1,3,3763,6407,False,True,False,True,False,False,True
1,0,49,1,1,0,0,1,0,0,1,1,90.85,4515.85,1,76,0,0,5651,10520,True,False,False,False,True,False,False
1,0,4,1,1,0,0,0,0,0,0,0,48.75,179.85,0,65,0,0,3048,1007,False,False,False,False,False,False,True
0,1,63,1,1,1,1,1,1,0,1,0,80.0,5040.2,0,34,1,0,5540,44976,False,False,True,False,True,False,False
0,1,2,1,0,0,1,1,0,0,0,0,79.7,165.0,1,25,1,0,3039,9673,True,False,False,False,False,False,False
0,0,21,1,0,0,0,0,0,0,0,1,20.35,422.7,0,31,0,0,3721,8582,False,True,True,False,False,False,True
0,1,55,1,0,1,1,0,1,0,0,0,57.55,3046.4,1,28,1,0,5463,54431,False,False,False,True,False,False,False
0,0,1,1,0,0,0,0,0,0,0,1,20.25,20.25,0,21,0,2,2448,857,False,True,False,False,False,False,True
0,0,17,1,0,0,0,0,0,0,0,0,19.4,358.05,0,58,0,0,3561,8728,False,True,False,True,False,False,True
0,0,30,1,1,1,0,0,0,1,1,1,100.4,2936.25,0,45,0,0,3778,4753,True,False,False,False,False,False,False
0,1,22,1,0,1,1,0,1,0,0,1,57.95,1271.8,0,21,1,3,5036,49968,False,False,False,False,False,False,True
0,0,9,1,0,0,0,0,1,1,0,1,59.5,530.05,0,33,0,0,4011,48690,False,False,False,False,False,False,False
0,1,1,1,0,0,0,0,0,0,0,0,19.2,19.2,0,57,1,3,3007,13290,False,True,False,False,False,False,True
0,1,21,1,1,0,0,0,0,0,1,1,86.5,1808.7,1,50,1,0,2036,24443,True,False,False,False,False,True,False
0,0,19,1,1,0,0,1,1,0,0,0,59.55,1144.6,0,40,0,0,3949,10172,False,False,False,False,False,True,False
0,1,69,1,1,0,1,1,0,1,1,1,103.95,7446.9,1,42,1,0,4283,62848,True,False,False,False,False,True,False
1,0,1,0,0,0,0,0,0,0,0,1,25.1,25.1,1,67,0,0,5437,41707,False,False,False,False,False,True,False
0,1,72,1,1,1,1,1,1,1,0,1,103.95,7556.9,0,33,1,0,5096,899,True,False,False,True,False,False,False
0,1,70,1,1,1,0,1,0,1,0,0,68.95,4858.7,0,49,1,1,4858,77,False,False,False,True,True,False,False
0,0,66,1,1,1,1,1,1,0,1,1,103.1,6595.0,0,33,0,0,6183,813,True,False,False,False,False,False,False
0,1,7,0,0,0,0,0,0,0,0,1,24.7,149.05,0,20,1,2,3872,3402,False,False,False,False,False,True,False
1,1,46,1,1,1,1,0,1,1,1,1,110.2,4972.1,0,76,1,1,4162,5671,True,False,False,False,False,True,False
0,0,39,0,0,1,1,0,1,1,0,1,48.95,1880.85,1,27,0,0,3080,36349,False,False,False,False,True,False,False
0,1,32,1,1,0,1,1,0,0,0,0,62.45,2045.55,0,29,1,1,5442,52986,False,False,False,False,False,False,False
0,0,24,1,0,0,1,1,0,0,1,1,89.55,2187.15,0,21,0,0,2007,13031,True,False,False,False,False,True,False
0,1,6,1,0,0,1,0,0,0,1,1,83.55,477.55,1,47,1,0,4242,43192,True,False,False,False,True,False,False
0,0,37,1,1,1,1,1,1,1,0,1,78.9,2976.95,0,43,0,0,3801,36631,False,False,False,False,True,False,False
0,0,8,1,0,0,0,0,0,0,0,0,20.35,178.7,0,61,0,1,4577,4563,False,True,False,False,False,False,True
0,1,72,1,1,1,0,1,0,1,0,1,71.45,5025.85,0,26,1,1,5656,8365,False,False,False,True,False,False,False
1,1,71,0,0,1,1,1,1,0,0,0,46.35,3353.4,0,74,1,0,5421,14574,False,False,False,True,True,False,False
0,1,16,1,0,0,1,0,0,1,1,1,94.65,1461.15,0,56,1,0,3050,30589,True,False,False,False,False,False,False
0,1,57,0,0,1,0,1,1,0,1,1,49.9,2782.4,0,44,1,0,5866,9823,False,False,False,False,False,False,False
0,0,66,1,1,0,0,0,0,0,0,0,25.45,1699.15,0,40,0,0,4163,81141,False,True,True,False,False,False,False
1,0,17,1,0,0,1,1,0,1,0,1,89.15,1496.9,1,80,0,0,5082,18197,True,False,False,False,False,True,False
0,0,21,1,0,0,0,0,0,0,0,0,20.75,452.2,0,38,0,2,2143,57748,False,True,False,False,False,False,True
0,1,66,1,1,1,1,1,0,0,0,1,66.1,4428.45,0,43,1,0,5933,52334,False,False,False,True,True,False,False
0,1,17,1,1,0,1,0,0,1,1,1,75.4,1322.55,0,29,1,0,4852,561,False,False,False,False,False,False,False
0,0,1,1,0,0,0,0,0,0,0,1,70.45,70.45,1,42,0,0,3525,51706,True,False,False,False,False,False,True
0,1,58,1,0,1,1,1,0,0,0,0,60.3,3563.8,1,31,1,0,4026,29914,False,False,True,False,True,False,False
0,1,8,1,0,0,0,0,0,0,0,0,21.05,139.75,0,54,1,3,2158,31926,False,True,False,False,True,False,False
0,0,27,1,0,1,0,1,1,1,0,0,69.35,1927.3,0,19,0,0,2450,10155,False,False,True,False,True,False,False
0,1,34,1,1,0,1,0,0,0,1,0,88.85,3000.25,0,28,1,0,4014,37090,True,False,False,False,False,False,True
0,0,30,1,0,0,1,0,0,1,1,1,97.0,3021.3,0,44,0,0,4126,37127,True,False,True,False,False,False,False
0,0,33,1,0,0,1,1,0,1,0,1,66.4,2245.4,0,19,0,0,3843,59841,False,False,False,False,True,False,False
0,0,1,0,0,0,0,0,0,0,0,0,24.75,24.75,1,56,0,3,3001,59632,False,False,False,False,False,True,False
0,1,14,1,1,1,1,0,0,0,1,0,69.2,944.65,0,52,1,3,2871,45257,False,False,False,False,False,False,True
0,0,16,1,1,0,0,0,1,0,0,1,79.5,1264.2,0,30,0,3,5040,46185,True,False,True,False,True,False,False
0,0,49,1,0,0,0,1,1,1,1,0,100.65,4917.75,0,49,0,0,5499,27023,True,False,False,True,True,False,False
0,1,19,1,1,0,0,1,1,1,1,0,103.3,2012.7,1,34,1,0,2349,60620,True,False,False,False,False,True,False
0,1,70,1,1,1,1,1,1,1,0,0,79.7,5743.3,0,44,1,1,4848,32804,False,False,False,True,False,False,False
0,1,32,1,0,1,1,0,1,0,0,0,61.4,1864.65,0,49,1,1,2649,37570,False,False,False,False,False,False,False
0,0,18,1,0,0,0,0,0,0,0,1,69.8,1221.65,0,35,0,0,2421,13481,True,False,False,False,False,True,False
0,0,37,0,0,1,1,0,1,0,0,1,40.55,1390.85,0,26,0,0,4050,26389,False,False,False,True,False,False,True
0,0,4,1,1,0,0,0,0,0,0,1,75.65,302.35,0,36,0,0,5396,40568,True,False,False,False,False,True,False
0,1,16,1,1,1,1,1,0,0,0,0,90.7,1374.9,0,19,1,0,4839,26032,True,False,False,False,False,True,False
0,1,17,1,1,0,1,0,0,0,0,1,80.5,1336.9,0,31,1,0,3591,9657,True,False,False,False,False,False,False
0,0,19,1,0,1,1,1,0,0,0,1,60.6,1297.8,0,52,0,3,2463,15798,False,False,False,False,False,True,False
0,1,60,1,1,0,0,1,0,1,1,0,101.15,6067.4,0,27,1,0,5301,36944,True,False,False,True,True,False,False
0,1,51,1,1,0,0,0,0,0,0,1,24.95,1222.25,0,46,1,2,5461,14792,False,True,False,True,False,False,True
0,1,28,1,0,0,0,0,0,0,0,1,20.3,487.95,0,30,1,2,2948,7023,False,True,False,True,True,False,False
0,0,43,1,0,0,1,0,0,0,1,1,60.0,2548.55,0,64,0,0,4614,38,False,False,False,True,False,True,False
0,1,42,1,0,0,0,0,0,0,0,0,20.25,835.5,0,49,1,0,5940,44103,False,True,False,True,False,True,False
0,0,3,1,0,0,0,0,0,1,0,1,78.5,242.05,1,39,0,0,3567,7071,True,False,False,False,False,True,False
0,0,1,1,0,0,0,0,0,0,0,0,44.75,44.75,0,35,0,0,4118,16357,False,False,False,False,False,False,True
0,0,3,1,0,0,0,0,0,0,0,0,19.85,63.75,1,24,0,0,3398,30476,False,True,False,False,False,False,True
0,0,63,1,1,1,1,1,0,1,0,0,98.0,6218.45,0,49,0,0,5989,34138,True,False,False,True,True,False,False
1,0,3,1,0,0,0,0,0,1,0,1,79.9,260.9,1,77,0,0,4367,49657,True,False,False,False,False,True,False
0,1,68,1,1,1,1,0,1,1,1,1,107.7,7320.9,0,25,1,0,5015,49965,True,False,False,False,False,True,False
1,0,30,1,1,0,1,0,0,1,1,1,99.7,2967.35,1,73,0,0,3548,30814,True,False,False,False,False,True,False
0,0,60,1,1,0,1,1,0,1,1,0,104.7,6333.8,0,23,0,0,6186,40611,True,False,False,True,False,True,False
0,0,15,1,1,0,1,0,1,0,0,1,58.6,939.7,1,29,0,0,2003,6951,False,False,False,False,True,False,False
1,0,45,1,1,0,0,0,0,1,1,1,93.9,4200.25,0,76,0,0,3960,23789,True,False,False,False,False,False,False
0,1,70,1,0,1,1,1,1,1,1,0,86.45,5950.2,0,31,1,0,5950,19109,False,False,False,True,True,False,False
0,1,10,1,1,0,0,1,0,1,1,1,98.5,1037.75,1,35,1,0,4501,6317,True,False,False,False,False,True,False
0,0,4,1,0,0,0,0,0,0,0,0,19.4,93.4,0,26,0,0,4402,4264,False,True,False,False,False,False,True
0,0,1,1,0,0,0,1,0,0,0,1,50.45,50.45,1,39,0,0,2806,5159,False,False,False,False,False,False,True
0,1,68,1,1,0,0,0,0,0,0,1,24.95,1614.9,0,38,1,0,6146,115,False,True,False,True,True,False,False
0,1,22,1,0,1,0,0,0,0,0,0,75.0,1573.95,0,50,1,2,4040,27,True,False,False,False,False,False,False
0,1,38,1,1,0,1,1,0,1,0,1,94.65,3624.3,1,25,1,0,3498,75,True,False,False,False,False,True,False
0,0,1,1,1,0,1,0,0,1,1,1,100.25,100.25,1,45,0,0,5797,722,True,False,False,False,True,False,False
0,1,18,1,0,0,0,1,1,0,0,0,78.2,1468.75,0,55,1,0,2831,2633,True,False,False,False,False,True,False
0,0,29,1,0,0,0,0,1,1,1,1,94.2,2607.6,0,50,0,0,4561,596,True,False,False,False,False,True,False
0,0,16,1,1,0,0,1,0,0,1,1,88.45,1422.1,1,44,0,0,5186,5094,True,False,False,False,False,True,False
0,0,1,1,0,0,0,0,0,0,0,1,69.85,69.85,1,51,0,0,4548,21,True,False,False,False,False,True,False
0,0,12,1,0,1,0,1,0,0,0,0,81.7,858.6,1,44,0,0,2850,335,True,False,False,False,False,False,False
0,0,31,0,0,0,0,1,0,1,1,1,50.05,1523.4,0,35,0,0,4529,3148,False,False,True,False,False,True,False
0,0,4,1,0,0,0,0,0,0,1,1,79.9,324.3,1,27,0,0,4669,3205,True,False,False,False,False,True,False
0,1,48,1,1,0,0,1,1,0,1,1,69.55,3435.6,0,45,1,0,2478,45755,False,False,True,False,False,False,True
0,0,15,1,1,0,0,0,0,0,0,1,25.4,399.6,1,22,0,0,2853,22073,False,True,False,False,True,False,False
0,0,50,1,0,1,1,1,1,0,0,1,90.1,4549.45,0,34,0,0,6435,2718,True,False,True,False,True,False,False
0,0,7,1,0,0,0,0,0,0,0,1,44.65,322.5,0,22,0,0,4300,1692,False,False,False,False,False,False,False
1,1,41,1,1,1,0,1,0,0,0,1,83.75,3273.55,1,74,1,0,4995,4353,True,False,False,False,False,False,False
0,1,68,1,0,1,0,1,0,0,0,0,80.35,5375.15,0,25,1,3,5954,3930,True,False,False,True,True,False,False
1,1,26,1,1,0,0,1,0,1,1,1,98.1,2510.7,0,79,1,0,3114,460,True,False,False,False,False,False,False
0,0,57,0,0,0,0,1,1,1,1,0,53.35,3090.05,0,33,0,0,5461,460,False,False,False,True,True,False,False
0,0,3,1,0,0,0,0,0,0,0,0,19.55,61.05,0,60,0,0,3889,11266,False,True,False,False,False,True,False
0,0,1,1,0,0,0,0,0,0,0,0,20.9,20.9,1,21,0,0,5421,304,False,True,False,False,False,False,True
0,1,19,1,0,1,0,0,0,0,0,1,48.95,955.6,0,59,1,1,2394,2198,False,False,True,False,False,False,False
0,0,3,1,0,0,0,0,0,1,0,1,54.2,140.4,0,50,0,0,3167,435,False,False,False,False,False,True,False
0,0,59,1,1,0,0,0,0,0,0,0,24.45,1493.1,0,64,0,0,6196,4176,False,True,False,True,False,True,False
0,1,1,1,0,0,0,0,0,0,0,1,69.4,69.4,1,47,1,0,2404,27808,True,False,False,False,False,False,True
0,1,42,0,0,1,0,0,0,1,0,1,40.15,1626.05,0,37,1,0,4348,809,False,False,False,False,False,False,False
0,0,7,1,1,0,0,0,0,0,0,1,74.9,541.15,1,62,0,0,5159,167,True,False,False,False,False,True,False
0,1,67,1,1,0,0,0,0,0,0,0,25.6,1784.9,0,58,1,0,4879,986,False,True,False,True,True,False,False
0,0,1,1,0,0,0,0,0,0,0,1,70.35,70.35,0,63,0,0,2722,32881,True,False,False,False,False,True,False
0,1,66,1,1,1,1,1,1,1,1,0,91.7,6075.9,0,19,1,0,5453,2144,False,False,False,True,False,False,False
0,0,61,1,1,0,0,1,0,0,1,0,89.2,5500.6,0,60,0,0,5536,2271,True,False,False,False,False,False,True
0,1,4,1,1,0,0,0,0,0,0,0,24.1,73.1,0,55,1,2,4463,55,False,True,True,False,True,False,False
1,1,42,1,0,1,0,0,0,0,0,1,74.15,3229.4,1,76,1,0,2322,1508,True,False,False,False,True,False,False
0,1,64,1,1,0,1,0,0,0,0,1,53.85,3399.85,0,53,1,2,4954,10159,False,False,True,False,False,False,False
1,1,54,1,1,1,1,1,1,1,1,1,115.6,6431.05,0,79,1,0,4337,5513,True,False,True,False,False,False,False
0,0,1,1,0,0,0,0,0,0,0,1,19.75,19.75,0,58,0,0,5809,808,False,True,False,False,True,False,False
0,1,54,1,1,0,0,0,0,0,0,1,24.05,1230.9,0,19,1,2,4039,579,False,True,False,True,False,False,False
0,0,18,1,1,0,0,0,0,0,0,0,25.3,454.65,0,45,0,2,3416,11474,False,True,False,True,True,False,False
0,0,3,1,0,0,1,0,0,0,1,0,84.3,235.05,0,46,0,0,5828,3680,True,False,False,False,False,True,False
0,0,1,1,0,0,0,0,0,0,0,1,70.1,70.1,1,58,0,0,2007,7872,True,False,False,False,False,True,False
0,1,72,1,1,1,1,1,1,1,1,0,89.75,6595.9,0,41,1,1,5096,1055,False,False,False,True,True,False,False
1,1,60,1,0,0,1,1,0,1,1,1,97.95,5867.0,0,76,1,0,6150,7177,True,False,True,False,False,True,False
0,1,11,1,0,0,0,0,0,0,0,1,20.0,196.35,0,37,1,1,5837,128,False,True,True,False,False,False,True
0,0,12,1,1,1,0,0,0,0,0,1,78.3,909.25,1,34,0,0,3545,6822,True,False,False,False,False,True,False
0,1,61,1,0,0,1,1,1,1,1,0,103.9,6449.15,0,37,1,1,4079,9559,True,False,True,False,True,False,False
0,0,39,1,0,0,0,0,0,0,0,0,20.7,762.45,0,23,0,0,3733,2130,False,True,False,True,True,False,False
0,0,55,1,1,0,0,0,0,1,1,1,96.8,5283.95,1,40,0,0,4089,1749,True,False,False,False,False,True,False
0,0,17,1,1,1,1,0,0,1,0,1,94.4,1617.5,1,57,0,0,2825,10834,True,False,False,False,False,True,False
0,0,37,1,0,0,0,0,0,0,0,0,20.15,785.75,0,36,0,0,4422,3256,False,True,True,False,True,False,False
0,1,72,1,1,0,0,0,0,0,0,1,26.0,1776.0,0,60,1,0,5374,12672,False,True,False,True,False,False,True
1,1,72,1,1,0,1,1,1,1,0,0,77.35,5396.25,0,73,1,0,6202,683,False,False,False,True,True,False,False
0,0,8,1,0,1,0,0,1,0,1,0,66.05,574.5,0,34,0,0,4157,36738,False,False,False,False,False,False,False
0,1,22,1,0,0,0,0,0,0,0,0,19.9,400.3,0,27,1,2,5657,19867,False,True,False,False,False,False,True
0,0,1,1,0,0,1,0,0,1,0,0,84.3,84.3,1,27,0,0,2172,10226,True,False,False,False,False,True,False
0,0,38,1,1,0,1,0,1,0,1,0,68.15,2656.3,0,61,0,0,3371,59289,False,False,False,False,True,False,False
0,0,17,1,0,0,1,1,1,1,1,0,80.85,1445.95,0,25,0,1,3913,433,False,False,True,False,False,True,False
1,0,70,1,1,0,1,1,1,1,0,1,75.5,5212.65,0,79,0,0,6024,1278,False,False,False,True,False,False,False
1,1,72,1,1,1,1,1,1,1,1,0,92.45,6440.25,1,78,1,0,5697,23100,False,False,False,True,True,False,False
0,0,28,1,0,0,0,0,0,0,1,1,80.6,2244.95,0,62,0,0,2951,52872,True,False,False,False,False,True,False
0,0,15,1,0,0,1,0,0,1,0,1,83.2,1130.0,0,60,0,0,4096,47536,True,False,False,False,False,False,False
0,1,72,1,1,1,1,1,1,1,1,1,87.55,6463.15,0,59,1,3,5341,27135,False,False,False,True,False,False,False
1,1,11,1,1,0,0,1,0,1,1,1,99.55,1131.2,1,78,1,0,3172,47613,True,False,False,False,False,True,False
1,0,8,1,1,0,0,1,0,0,0,1,81.25,585.95,1,66,0,0,3812,26055,True,False,False,False,False,True,False
0,1,57,1,1,0,1,1,1,1,1,1,109.4,6252.7,0,20,1,0,6026,13343,True,False,True,False,False,False,False
0,1,1,1,0,0,0,0,0,0,0,0,19.95,19.95,1,52,1,3,4860,30668,False,True,False,False,False,False,False
0,1,46,0,0,1,1,0,0,1,0,0,45.55,2062.15,0,50,1,0,5565,8504,False,False,False,False,False,True,False
0,1,30,1,0,0,0,0,0,0,0,0,20.7,587.1,0,45,1,0,2492,25384,False,True,True,False,True,False,False
1,1,10,1,0,1,0,0,0,0,0,0,75.3,720.45,0,80,1,0,4254,15536,True,False,False,False,False,True,False
0,1,23,1,1,1,1,1,0,1,0,1,99.25,2186.4,1,33,1,0,5338,235,True,False,False,False,False,True,False
0,0,32,1,0,1,1,1,0,0,1,1,93.4,2979.3,0,22,0,0,3224,4150,True,False,False,False,True,False,False
0,0,13,1,0,1,0,0,0,0,0,1,73.75,956.65,0,34,0,0,2070,12646,True,False,False,False,True,False,False
0,0,39,1,0,0,0,1,1,0,0,1,80.45,3201.55,1,39,0,0,2224,16525,True,False,False,True,False,True,False
0,0,44,1,0,0,1,1,0,1,0,1,88.15,3973.2,0,35,0,0,4112,12466,True,False,False,False,True,False,False
1,0,9,1,0,0,0,0,1,0,0,0,49.2,447.9,0,74,0,0,2145,1158,False,False,False,False,False,False,True
0,1,67,1,0,0,0,0,0,0,0,0,19.65,1335.2,0,22,1,0,4994,25340,False,True,False,True,False,False,True
0,1,9,1,1,0,0,1,0,0,0,1,79.35,661.25,1,30,1,0,4533,1519,True,False,False,False,False,False,False
0,0,15,1,1,0,1,0,0,0,0,1,79.75,1111.85,1,42,0,0,2813,1960,True,False,False,False,False,True,False
0,1,71,1,1,0,1,1,0,1,1,1,105.15,7555.0,0,37,1,0,5707,69801,True,False,False,True,False,False,False
0,0,1,1,0,0,0,0,1,0,0,0,49.0,49.0,0,32,0,0,5289,3979,False,False,False,False,True,False,False
0,1,30,1,1,0,0,1,0,1,1,1,100.05,3046.15,1,64,1,0,4664,40545,True,False,False,False,False,True,False
0,0,1,1,0,0,0,0,0,0,0,1,69.35,69.35,1,64,0,0,5796,24708,True,False,False,False,False,True,False
0,1,17,0,0,0,1,0,0,1,1,1,49.8,836.35,0,27,1,0,5575,4848,False,False,False,False,False,False,True
0,0,3,1,0,0,0,0,1,0,1,0,85.8,272.2,1,20,0,0,5641,274,True,False,False,False,False,True,False
0,1,67,1,1,1,0,1,0,1,1,1,79.7,5293.4,1,49,1,0,6289,8308,False,False,False,True,False,True,False
0,0,1,1,0,0,0,0,0,0,0,0,20.95,20.95,0,52,0,0,2285,48690,False,True,False,False,False,False,False
1,0,1,1,1,0,0,0,0,0,0,0,50.55,50.55,1,69,0,0,3357,11463,False,False,False,False,False,False,True
1,1,32,1,1,0,0,1,0,0,0,0,79.3,2570.0,0,68,1,0,5242,48690,True,False,False,False,False,False,True
0,1,41,1,0,0,0,0,0,0,0,0,19.5,798.2,0,27,1,1,2446,36125,False,True,True,False,False,False,False
0,1,1,1,0,0,0,0,0,1,0,1,80.55,80.55,1,25,1,0,4273,40270,True,False,False,False,False,True,False
0,0,1,1,0,0,0,0,0,0,0,0,44.15,44.15,0,45,0,0,3103,35057,False,False,False,False,False,False,False
0,1,12,1,1,0,1,1,0,0,0,1,84.5,916.9,1,28,1,0,4154,22250,True,False,False,False,False,True,False
0,1,62,1,1,1,1,0,0,1,1,1,105.5,6487.2,0,22,1,1,4271,30876,True,False,False,False,False,True,False
0,0,22,1,0,0,1,0,0,0,1,1,84.3,1855.65,1,25,0,0,5313,25718,True,False,False,False,False,False,True
0,0,17,1,1,0,1,1,1,0,0,1,92.7,1556.85,0,37,0,2,2347,1054,True,False,False,False,True,False,False
0,1,72,1,1,0,0,0,0,0,0,1,26.25,1988.05,0,37,1,1,5098,747,False,True,False,True,False,False,False
0,1,56,1,1,0,1,0,1,1,0,1,96.95,5432.2,0,39,1,3,6484,1374,True,False,False,False,True,False,False
0,0,9,1,0,0,0,0,0,0,0,1,20.45,147.55,0,32,0,0,2392,176,False,True,False,False,True,False,False
0,1,72,1,1,1,1,1,1,1,1,1,115.8,8424.9,0,58,1,0,6479,333,True,False,False,True,False,False,False
0,0,20,1,0,1,1,1,1,1,1,1,108.2,2203.7,0,40,0,0,2102,1575,True,False,False,False,False,False,False
0,1,19,1,0,0,0,0,0,0,0,0,20.2,387.4,0,32,1,3,4821,13485,False,True,False,True,False,False,True
0,0,2,1,0,0,0,0,0,0,0,1,67.75,116.65,1,58,0,0,2299,3684,True,False,False,False,False,True,False
0,0,53,0,0,0,0,1,1,1,1,0,54.9,3045.75,0,62,0,0,5677,9210,False,False,True,False,True,False,False
1,0,27,1,1,0,0,0,0,0,1,1,85.25,2287.25,1,74,0,0,5172,1591,True,False,False,False,False,True,False
0,0,6,1,0,0,0,0,0,0,0,0,20.15,130.5,0,56,0,0,5761,371,False,True,False,False,False,False,False
0,1,9,1,1,0,0,1,0,1,0,1,90.35,767.9,0,22,1,3,2993,2296,True,False,True,False,False,True,False
0,1,8,1,1,0,1,0,0,0,0,0,55.75,446.8,0,62,1,3,5681,91,False,False,False,False,False,True,False
0,1,71,1,1,1,1,1,1,1,1,0,114.6,8100.25,0,45,1,3,4071,187,True,False,False,True,False,False,False
0,0,10,1,1,0,1,0,0,0,0,1,80.05,830.7,1,60,0,0,3740,363,True,False,False,False,False,False,False
0,0,1,1,0,0,0,0,0,0,0,0,20.0,20.0,1,30,0,0,3657,383,False,True,False,False,False,False,True
0,1,71,0,0,1,1,1,1,1,1,0,66.8,4689.15,0,23,1,0,4698,6216,False,False,True,False,False,False,False
0,1,68,1,0,0,1,0,1,1,1,1,100.3,6754.35,0,43,1,0,5757,14417,True,False,True,False,False,True,False
0,0,34,1,1,0,1,0,1,1,1,1,105.35,3540.65,0,51,0,0,5503,476,True,False,False,False,False,True,False
0,0,26,1,0,0,1,1,1,0,0,1,85.2,2184.6,0,51,0,0,5156,2349,True,False,True,False,False,True,False
0,0,22,1,0,1,0,0,0,0,0,1,48.8,1054.6,1,32,0,0,2270,4101,False,False,False,False,True,False,False
0,0,7,1,0,0,0,0,0,0,0,1,18.95,130.55,0,42,0,0,4097,175,False,True,False,False,False,False,True
0,1,20,1,0,0,0,0,0,0,0,1,69.8,1540.35,0,51,1,0,5456,390,True,False,False,False,False,False,False
0,1,60,1,1,0,1,1,0,1,1,1,106.15,6411.25,0,48,1,0,4115,1916,True,False,False,False,False,True,False
0,1,72,1,0,0,0,0,0,0,0,0,20.55,1432.55,0,51,1,1,5809,4913,False,True,False,True,False,True,False
1,1,72,1,1,0,1,1,0,1,1,1,105.75,7629.85,0,70,1,0,5832,17979,True,False,True,False,True,False,False
0,0,4,1,1,0,0,0,0,0,0,0,25.25,101.9,0,64,0,0,3962,1373,False,True,False,False,False,False,True
0,1,16,1,0,0,0,0,0,0,0,0,19.75,313.4,0,40,1,1,3677,438,False,True,False,False,False,True,False
1,1,62,1,1,1,0,1,0,1,1,1,104.85,6312.9,0,70,1,0,5061,9902,True,False,True,False,False,True,False
0,0,10,1,0,0,0,0,1,0,1,1,60.95,629.55,0,58,0,0,4323,1653,False,False,False,False,False,False,True
0,0,31,1,1,0,1,0,0,0,0,1,81.15,2640.55,0,60,0,0,3031,11180,True,False,False,False,False,True,False
0,1,71,1,0,0,0,0,0,0,0,0,19.1,1372.45,0,26,1,0,4241,2706,False,True,False,True,True,False,False
0,0,58,1,0,0,0,0,0,0,0,0,20.8,1212.25,0,29,0,0,4758,882,False,True,False,True,False,False,True
0,1,70,1,1,1,1,1,1,1,1,1,90.15,6237.05,0,31,1,1,5824,2644,False,False,False,True,True,False,False
0,1,71,1,1,1,1,1,1,1,1,0,90.1,6310.9,0,30,1,0,5054,3002,False,False,False,True,False,True,False
1,0,69,1,1,1,0,1,1,0,1,0,74.1,5031.0,0,71,0,0,4204,586,False,False,False,True,True,False,False
1,0,1,1,1,0,0,0,0,0,1,1,85.05,85.05,1,68,0,0,2975,2229,True,False,False,False,False,True,False
0,1,72,1,1,1,1,1,1,1,1,1,118.75,8672.45,0,33,1,3,5475,7789,True,False,False,True,False,False,False
0,1,26,1,0,0,0,0,1,0,1,0,85.9,2196.45,0,56,1,0,4038,1537,True,False,False,False,True,False,False
0,1,33,1,1,0,0,1,1,0,1,1,95.0,3008.15,0,41,1,0,4639,148,True,False,False,False,True,False,False
0,1,10,1,0,0,0,0,0,0,0,0,20.15,220.8,0,51,1,3,2836,2223,False,True,False,True,False,False,True
1,0,57,1,1,1,0,1,1,0,1,0,101.3,5779.6,0,80,0,0,4421,1880,True,False,False,True,True,False,False
0,0,10,1,0,0,0,0,0,0,0,1,21.2,222.65,0,52,0,0,2066,1113,False,True,False,False,False,True,False
0,1,39,1,1,0,0,0,0,0,0,1,24.2,914.6,0,31,1,2,3109,1352,False,True,True,False,False,False,True
0,0,11,1,0,0,0,0,0,0,0,0,20.3,246.3,0,40,0,0,4188,1884,False,True,False,False,False,False,False
0,1,21,1,0,0,1,1,1,1,1,1,102.8,2110.15,1,52,1,0,3123,5995,True,False,False,False,False,True,False
0,1,68,1,1,0,1,1,1,1,1,0,85.3,5560.0,0,36,1,2,4732,298,False,False,False,True,False,False,False
0,0,18,1,1,0,0,1,0,1,0,1,89.6,1633.0,0,43,0,0,2269,31266,True,False,True,False,True,False,False
0,0,6,1,0,0,0,1,1,1,1,1,99.95,547.65,1,26,0,0,3722,34314,True,False,False,False,False,False,True
0,0,18,1,1,1,0,0,0,0,0,0,56.25,969.85,0,47,0,0,2277,30988,False,False,False,False,False,False,True
0,1,52,1,0,0,0,1,0,0,0,1,50.95,2610.65,0,59,1,2,4298,2344,False,False,True,False,False,False,False
0,1,56,1,1,1,1,1,1,1,1,0,115.85,6567.9,0,42,1,3,4937,309,True,False,False,True,False,False,True
0,0,45,1,1,0,0,1,1,1,1,1,103.65,4747.85,0,51,0,0,2183,13472,True,False,False,False,False,False,False
0,0,67,1,1,0,0,0,0,0,0,1,26.1,1759.55,0,45,0,0,6466,23701,False,True,False,True,False,False,True
0,1,3,0,0,1,0,0,1,0,0,0,35.1,101.1,0,33,1,0,3610,240,False,False,False,False,False,False,True
1,0,65,1,0,0,1,1,0,1,1,1,99.1,6496.15,0,80,0,0,4574,335,True,False,False,False,False,False,False
0,1,63,1,1,0,1,0,1,0,1,0,67.25,4234.15,0,52,1,0,6438,752,False,False,False,True,False,False,True
0,1,11,1,1,0,0,0,0,0,0,0,25.0,300.7,0,50,1,2,5409,23224,False,True,False,True,False,False,True
0,0,1,1,0,0,0,0,1,0,1,1,59.55,59.55,0,20,0,1,5824,23570,False,False,False,False,False,False,True
0,0,55,1,1,0,0,1,0,1,1,1,77.8,4323.35,0,48,0,0,6483,261,False,False,False,True,False,False,False
0,1,25,1,1,0,0,0,1,0,0,1,55.1,1466.1,0,34,1,1,2499,199,False,False,True,False,False,False,True
0,1,72,1,1,1,1,1,1,1,1,1,117.8,8684.8,1,31,1,0,4432,15921,True,False,True,False,False,False,False
0,1,72,1,1,0,0,0,0,0,0,1,24.15,1776.45,0,55,1,0,5613,19596,False,True,False,True,True,False,False
0,0,65,0,0,0,1,0,1,1,0,0,45.25,2933.95,0,33,0,2,5712,1689,False,False,False,True,False,False,True
1,0,54,1,1,0,1,0,0,0,0,1,79.5,4370.25,1,68,0,0,5684,1584,True,False,False,False,False,True,False
0,1,7,1,0,0,0,0,0,0,0,0,20.25,144.35,0,31,1,1,4954,695,False,True,False,False,False,False,True
0,1,72,1,1,1,1,0,1,0,0,0,64.75,4804.75,0,45,1,0,4675,485,False,False,False,True,False,False,False
0,1,21,1,0,0,0,0,0,1,0,0,54.6,1125.2,0,57,1,0,5763,1072,False,False,False,False,False,False,False
0,0,2,1,0,0,0,0,0,0,0,1,20.7,39.85,0,28,0,0,2107,42239,False,True,False,False,False,False,False
1,0,4,1,0,0,0,1,0,1,1,1,94.75,422.4,0,80,0,0,2757,2965,True,False,False,False,False,True,False
0,1,3,1,1,0,0,0,1,0,0,1,79.65,251.75,1,33,1,0,5036,228,True,False,False,False,False,False,False
0,1,72,1,1,1,1,1,1,1,1,0,115.8,8332.15,0,50,1,0,5130,12241,True,False,False,True,True,False,False
0,0,6,1,0,1,0,0,0,0,0,1,49.45,314.6,0,63,0,0,3672,2423,False,False,False,False,False,True,False
0,0,52,1,0,0,0,1,0,0,1,1,83.8,4331.4,0,58,0,0,6339,532,True,False,False,False,True,False,False
1,1,69,1,1,0,1,1,0,0,1,1,95.35,6382.0,0,73,1,0,6132,82,True,False,False,False,False,False,False
0,0,8,1,0,0,0,1,0,1,1,1,94.7,740.3,1,44,0,0,5811,3041,True,False,False,False,False,True,False
1,0,8,1,0,0,0,1,0,0,0,1,74.05,600.15,0,72,0,0,4899,1201,True,False,False,False,False,False,False
1,0,63,1,1,0,0,1,0,0,1,1,89.6,5538.8,0,74,0,0,4438,1215,True,False,False,False,False,False,False
0,0,60,1,1,1,1,1,1,1,1,1,116.6,7049.5,0,22,0,0,5680,264,True,False,True,False,True,False,False
0,1,12,1,0,1,0,0,1,0,0,0,54.2,690.5,0,24,1,0,4474,155,False,False,False,False,False,False,False
0,0,13,1,0,0,0,0,0,0,0,1,19.3,279.3,0,50,0,0,5917,1447,False,True,False,False,False,False,True
0,0,22,1,1,1,1,1,0,0,0,0,65.05,1427.55,0,20,0,0,4709,265,False,False,False,False,False,False,True
0,0,5,1,1,0,0,1,0,1,0,1,92.5,452.7,1,33,0,0,2810,867,True,False,False,False,False,True,False
0,1,1,1,0,0,0,0,0,0,0,0,19.45,19.45,1,54,1,2,2865,644,False,True,False,False,False,False,True
0,1,72,1,1,0,0,0,0,0,0,1,24.05,1709.15,0,59,1,3,4755,494,False,True,False,True,False,False,False
0,0,2,1,0,0,0,0,0,0,0,0,18.75,53.15,0,23,0,0,5355,574,False,True,False,False,False,False,False
0,1,40,1,0,0,0,0,0,0,0,0,20.15,777.35,0,42,1,3,3556,300,False,True,False,True,False,False,False
0,1,44,1,0,0,0,0,0,0,0,0,20.0,860.85,0,23,1,3,3743,163,False,True,True,False,False,False,False
1,1,71,1,0,1,1,0,1,1,0,1,71.0,5012.1,0,69,1,0,5247,1851,False,False,True,False,False,False,False
0,0,2,1,1,0,0,0,0,0,0,1,75.55,166.3,1,32,0,0,4320,3284,True,False,False,False,False,True,False
1,0,26,1,1,0,0,0,0,1,1,1,93.6,2404.1,0,65,0,0,4030,660,True,False,False,False,False,True,False
0,1,1,1,0,0,0,0,0,0,0,1,70.0,70.0,1,38,1,0,2485,395,True,False,False,False,False,True,False
0,0,1,0,0,0,0,0,0,0,0,0,24.4,24.4,0,19,0,0,5092,1125,False,False,False,False,False,False,True
0,1,65,1,0,1,0,0,1,1,1,1,74.8,4820.15,1,56,1,0,5207,2020,False,False,False,True,False,False,False
0,0,3,1,1,0,0,0,1,1,0,1,65.25,209.9,0,32,0,0,2562,202,False,False,False,False,False,False,True
0,0,13,1,0,0,0,0,1,0,0,1,50.55,610.75,0,28,0,0,5530,400,False,False,False,False,False,False,True
0,1,33,1,1,0,1,1,0,1,1,1,104.4,3409.6,1,46,1,0,3185,2369,True,False,False,False,False,True,False
0,0,1,1,0,0,0,0,0,0,0,1,70.7,70.7,0,19,0,0,4056,270,True,False,False,False,False,False,True
0,1,4,1,0,0,0,0,0,0,0,0,45.25,155.35,0,33,1,2,2776,1666,False,False,False,False,False,False,True
0,0,2,1,0,0,0,0,0,0,0,1,70.3,144.0,0,51,0,0,2980,321,True,False,False,False,False,True,False
0,1,72,1,1,1,1,0,1,1,1,1,108.95,7875.0,0,28,1,0,5758,200,True,False,False,True,True,False,False
0,1,37,1,1,0,0,0,0,0,0,0,26.45,911.6,0,42,1,2,5359,42239,False,True,False,False,False,False,True
0,0,15,1,0,1,0,0,0,1,0,0,86.2,1270.2,1,21,0,0,5829,259,True,False,False,False,False,True,False
0,0,23,1,0,0,0,0,0,0,0,1,19.65,478.1,0,34,0,0,5916,222,False,True,True,False,True,False,False
0,1,30,0,0,0,0,0,1,1,1,0,51.2,1561.5,1,57,1,2,4568,18197,False,False,False,False,True,False,False
0,1,42,1,0,0,0,0,0,0,0,1,19.05,761.85,0,31,1,3,5091,24944,False,True,True,False,False,True,False
0,0,32,1,1,1,0,0,0,1,1,0,74.75,2282.95,0,45,0,0,2830,12756,False,False,True,False,False,False,True
0,1,22,1,1,0,0,0,0,0,0,1,75.8,1615.1,0,59,1,3,4479,382,True,False,False,False,False,False,False
0,1,42,0,0,0,0,0,0,0,0,1,25.1,1097.15,0,26,1,0,4959,262,False,False,False,False,True,False,False
0,0,8,1,0,0,0,0,0,0,0,0,44.45,369.3,0,56,0,0,4909,58830,False,False,False,False,False,False,True
0,1,65,1,1,1,0,1,0,1,1,1,104.3,6725.3,0,23,1,1,4997,43718,True,False,False,True,True,False,False
0,0,2,1,0,0,0,0,0,0,0,0,19.5,31.55,1,23,0,0,2484,1417,False,True,False,False,False,False,True
0,1,70,1,1,1,1,1,1,1,1,1,89.0,6293.2,0,30,1,1,5650,3674,False,False,False,True,False,False,False
0,0,22,1,0,0,0,0,0,0,0,0,20.15,432.5,0,43,0,2,2722,699,False,True,False,False,True,False,False
1,0,4,1,1,0,0,0,0,0,0,1,74.9,321.75,1,68,0,0,2122,67411,True,False,False,False,False,True,False
0,0,2,1,1,0,0,0,0,0,0,0,74.9,147.15,1,37,0,0,2078,648,True,False,False,False,True,False,False
0,1,67,0,0,1,1,0,0,0,0,0,36.15,2434.45,0,58,1,1,6314,4426,False,False,False,True,False,False,False
0,0,25,1,0,0,0,0,0,0,0,1,19.2,532.1,0,42,0,0,2159,18529,False,True,False,False,True,False,False
0,1,20,1,0,0,0,0,0,0,0,0,19.25,375.25,0,49,1,0,4137,41636,False,True,False,False,False,False,False
0,0,2,1,0,1,0,0,0,0,1,1,61.2,125.95,0,28,0,2,5056,4097,False,False,False,False,True,False,False
0,0,51,1,0,0,0,0,0,0,0,0,20.45,1042.65,0,36,0,0,6097,38534,False,True,False,True,False,False,True
0,1,46,0,0,1,1,0,0,0,0,0,35.05,1620.25,0,27,1,2,4829,171,False,False,False,False,False,False,False
0,0,25,1,1,0,1,0,0,1,1,1,100.25,2387.75,1,59,0,0,2195,6197,True,False,False,False,False,True,False
0,0,13,1,0,0,0,0,0,0,0,0,44.0,659.35,0,20,0,1,5611,2756,False,False,False,False,False,False,True
1,0,25,1,1,1,1,0,0,1,1,1,102.8,2660.2,1,75,0,0,4969,40750,True,False,False,False,False,False,True
0,1,26,1,0,0,0,1,0,0,0,0,50.35,1285.8,0,32,1,1,3386,850,False,False,True,False,False,False,True
0,0,43,1,1,0,0,0,1,1,1,1,100.0,4211.55,1,56,0,0,4760,51855,True,False,True,False,False,True,False
0,0,19,1,0,0,0,0,0,0,0,1,20.0,377.55,0,41,0,3,5188,5714,False,True,False,False,False,True,False
0,1,10,1,0,0,1,0,1,1,1,1,99.85,990.9,1,58,1,0,4243,24194,True,False,False,False,False,True,False
0,0,2,1,1,0,0,0,0,1,1,1,94.2,193.8,1,34,0,0,5299,2536,True,False,False,False,False,False,False
0,1,72,1,1,1,1,0,1,1,1,1,86.4,6058.95,0,21,1,0,6114,2723,False,False,False,True,False,False,False
1,0,18,1,1,1,1,0,0,0,0,1,58.4,964.9,0,73,0,0,2812,1140,False,False,False,False,True,False,False
1,0,9,1,1,0,0,0,0,0,1,1,83.85,790.15,1,73,0,0,3723,659,True,False,False,False,False,True,False
1,0,27,1,1,0,0,1,0,0,1,0,88.3,2467.75,1,72,0,0,2420,228,True,False,False,False,True,False,False
0,0,24,1,1,0,0,0,0,1,1,1,94.1,2322.85,0,60,0,0,3192,1745,True,False,False,False,False,True,False
0,0,69,1,0,0,1,1,1,1,1,1,104.05,7262.0,1,50,0,0,4254,213,True,False,True,False,False,False,False
0,1,46,1,1,0,1,1,1,1,1,1,108.9,4854.3,0,29,1,0,5119,9752,True,False,False,True,True,False,False
1,0,72,1,1,1,1,1,1,0,1,1,107.4,7748.75,0,66,0,0,5294,2010,True,False,False,True,False,False,False
0,1,22,1,0,0,0,1,0,1,1,1,94.7,1914.9,1,52,1,0,5615,6202,True,False,False,False,True,False,False
1,1,70,1,1,1,0,0,0,0,1,1,90.85,6470.1,0,68,1,0,5129,1793,True,False,False,False,False,True,False
0,0,2,1,0,0,0,0,0,0,0,0,19.9,57.4,0,52,0,0,2822,129,False,True,False,False,False,True,False
0,1,31,1,0,0,0,1,1,0,1,1,66.4,2019.8,0,56,1,0,3282,15286,False,False,False,False,True,False,False
1,1,56,1,1,0,0,1,0,1,1,1,100.65,5688.05,1,68,1,0,4803,11191,True,False,False,False,False,False,False
0,1,16,1,0,1,0,1,0,1,1,0,100.7,1522.7,0,57,1,3,3337,485,True,False,False,False,False,False,False
0,0,52,1,1,0,0,0,0,0,0,0,25.6,1334.5,0,26,0,1,5662,844,False,True,False,True,True,False,False
0,1,13,1,0,0,0,0,0,0,0,1,19.85,252.0,0,35,1,3,2928,929,False,True,False,False,False,False,True
0,0,35,1,0,0,0,0,0,0,0,0,20.75,700.45,0,34,0,0,4261,6096,False,True,True,False,False,False,True
0,0,59,1,0,0,0,1,0,1,1,0,95.8,5655.45,0,36,0,0,5470,751,True,False,False,True,False,True,False
0,1,72,1,0,0,0,1,0,1,1,1,94.65,6747.35,0,39,1,0,5943,32202,True,False,False,False,False,True,False
1,1,66,1,1,0,1,1,0,1,1,1,80.55,5265.1,1,74,1,0,4400,25173,False,False,False,True,False,False,False
0,1,49,1,1,1,1,1,1,0,1,0,106.65,5174.35,0,35,1,0,5948,32040,True,False,False,True,True,False,False
0,0,2,1,0,0,0,0,0,0,0,1,45.85,105.6,0,43,0,0,2245,2048,False,False,False,False,False,False,True
1,0,21,1,1,0,1,1,0,1,1,1,104.35,2271.85,0,75,0,0,4934,1173,True,False,False,False,False,True,False
1,0,54,0,0,0,1,1,0,1,1,1,55.45,2966.95,0,72,0,0,4521,4354,False,False,True,False,False,True,False
1,1,24,1,1,1,0,0,0,0,0,1,78.85,1772.25,1,71,1,0,3079,5501,True,False,False,False,False,True,False
0,0,1,1,1,1,1,0,0,0,0,0,61.15,61.15,0,47,0,0,4592,34146,False,False,False,False,False,True,False
0,0,6,1,0,1,1,0,0,0,0,1,78.95,494.95,0,55,0,0,4093,901,True,False,False,False,False,True,False
0,0,1,1,0,0,0,0,0,0,0,1,44.45,44.45,1,63,0,0,4879,2220,False,False,False,False,False,False,True
0,0,49,1,1,1,1,1,0,1,1,1,109.2,5290.45,0,35,0,3,6005,49729,True,False,True,False,True,False,False
0,1,56,1,0,1,1,1,0,0,0,1,61.3,3346.8,0,59,1,3,4173,3815,False,False,False,True,True,False,False
1,0,56,1,1,1,1,0,0,0,1,1,96.85,5219.65,0,69,0,0,5679,14010,True,False,False,False,False,True,False
0,1,6,0,0,0,1,1,1,0,0,0,40.55,217.5,0,61,1,2,2866,947,False,False,False,True,False,False,True
0,0,32,1,0,0,0,0,0,0,0,0,19.8,607.7,0,55,0,0,4636,364,False,True,True,False,False,False,True
0,1,50,1,1,1,1,1,0,1,1,1,108.25,5431.4,0,34,1,1,4972,21510,True,False,True,False,False,True,False
0,1,58,1,1,0,0,1,1,1,1,1,105.05,6004.85,0,33,1,2,5870,30614,True,False,True,False,False,False,False
0,1,65,1,1,1,1,1,1,1,1,1,90.45,5957.9,0,43,1,1,5509,1219,False,False,False,True,False,False,True
0,0,64,1,1,1,1,1,1,1,1,1,86.4,5442.05,0,21,0,0,6474,24738,False,False,False,True,True,False,False
0,1,66,1,1,1,1,1,0,0,0,0,66.9,4370.25,0,49,1,0,5546,4731,False,False,False,True,False,False,False
0,1,38,1,1,1,0,1,1,1,1,1,110.7,4428.6,0,59,1,0,5461,2958,True,False,True,False,False,True,False
0,1,20,1,0,0,0,0,0,0,0,1,20.0,416.45,0,21,1,0,3585,4610,False,True,True,False,False,False,True
0,0,36,1,1,0,0,0,0,0,1,1,84.9,3067.2,1,46,0,0,2455,1472,True,False,False,False,False,True,False
1,0,64,1,1,0,0,1,1,1,1,0,102.1,6688.1,0,67,0,0,6100,63157,True,False,True,False,False,True,False
0,0,1,1,0,0,0,0,0,0,0,0,20.25,20.25,1,41,0,0,2959,32564,False,True,False,False,False,False,True
0,0,60,1,0,0,1,1,1,1,0,1,70.15,4224.7,0,49,0,0,4260,1273,False,False,True,False,True,False,False
0,0,1,1,0,0,1,0,0,0,0,1,74.35,74.35,1,56,0,0,5633,2344,True,False,False,False,False,True,False
0,1,50,1,1,1,1,1,1,0,1,1,80.05,4042.2,0,50,1,3,5823,19050,False,False,True,False,False,False,False
0,0,1,1,1,0,0,1,1,0,0,0,62.05,62.05,1,58,0,0,2937,3600,False,False,False,False,False,False,True
0,1,72,0,0,1,1,1,0,0,1,1,49.2,3580.95,0,57,1,0,4700,5889,False,False,False,True,False,True,False
0,1,60,1,0,0,0,0,0,0,0,1,20.5,1198.8,0,28,1,0,5848,8406,False,True,False,True,False,False,False
0,0,46,0,0,1,0,1,1,0,0,0,38.25,1755.35,0,40,0,0,2653,38547,False,False,False,True,False,False,True
0,1,69,0,0,0,1,1,0,1,1,1,54.95,3772.5,0,60,1,3,4175,751,False,False,False,True,True,False,False
1,0,31,1,1,0,0,1,1,1,0,1,96.6,2877.95,0,68,0,0,3364,1526,True,False,False,False,False,False,False
0,1,19,1,0,0,0,0,0,0,0,0,19.9,357.7,0,49,1,3,5964,4829,False,True,True,False,False,False,True
0,1,71,1,0,0,0,0,0,0,0,0,19.9,1397.3,0,28,1,2,6015,8525,False,True,False,True,True,False,False
0,1,12,1,0,1,1,1,0,0,0,1,84.6,959.9,0,62,1,0,2499,350,True,False,False,False,False,True,False
0,1,39,1,0,1,0,1,1,1,1,0,80.0,3182.95,1,42,1,0,2704,185,False,False,True,False,True,False,False
0,0,44,1,1,0,1,1,1,1,1,1,85.25,3704.15,0,54,0,0,2292,407,False,False,True,False,False,False,False
0,1,56,1,1,1,1,1,1,1,0,0,81.25,4620.4,0,51,1,2,5907,183,False,False,False,True,True,False,False
0,1,72,1,1,1,1,1,1,1,1,1,115.5,8312.75,0,26,1,0,4697,69,True,False,False,True,False,False,False
0,0,5,1,1,0,1,1,0,1,1,0,104.1,541.9,1,43,0,0,3131,3747,True,False,False,False,False,False,True
0,0,11,1,1,1,0,0,0,0,0,1,79.0,929.3,0,28,0,0,3885,8577,True,False,False,False,False,False,False
1,1,24,0,0,1,0,0,0,0,1,0,39.1,971.3,1,75,1,0,4591,88,False,False,False,False,False,False,False
1,1,15,1,0,0,1,0,0,1,1,1,94.65,1285.05,0,66,1,0,5868,25,True,False,False,False,False,True,False
0,0,72,1,0,0,0,0,0,0,0,1,20.8,1521.2,0,31,0,0,4626,31,False,True,False,True,False,False,True
0,1,56,1,1,0,1,1,0,0,0,0,59.5,3389.25,0,34,1,0,5477,299,False,False,False,True,True,False,False
1,0,64,1,0,0,0,0,0,0,0,1,20.05,1198.05,0,79,0,0,4309,20675,False,True,False,True,False,False,False
0,1,34,1,1,0,0,1,0,1,1,1,100.45,3414.65,0,20,1,0,3744,25418,True,False,False,False,False,True,False
0,0,2,1,1,0,0,0,0,0,0,1,76.5,162.45,1,30,0,0,5944,47065,True,False,False,False,False,True,False
0,0,35,1,0,0,0,0,0,0,0,0,20.6,754.0,0,22,0,0,2858,22028,False,True,True,False,False,False,False
0,0,22,1,0,0,0,0,0,0,0,0,20.3,467.15,0,24,0,0,2768,15494,False,True,True,False,True,False,False
0,0,5,1,0,0,0,0,1,0,0,1,49.2,216.9,1,47,0,0,4336,15022,False,False,False,False,False,True,False
0,0,9,0,0,1,1,1,0,0,0,0,39.55,373.0,0,34,0,0,3755,16599,False,False,True,False,False,False,True
0,0,11,1,1,0,0,0,0,0,0,0,23.15,245.2,1,42,0,0,5671,25355,False,True,False,False,True,False,False
0,0,23,1,0,0,0,0,0,0,0,0,20.45,481.1,0,56,0,0,3434,16164,False,True,True,False,False,False,True
0,1,4,1,0,0,0,0,0,0,1,0,80.85,302.75,1,22,1,0,2961,14966,True,False,False,False,False,True,False
0,1,68,1,1,0,0,0,0,0,0,0,25.25,1728.2,0,47,1,0,4571,21313,False,True,False,True,False,False,False
0,1,33,1,0,0,0,0,0,1,1,0,91.25,2964.05,0,55,1,0,3296,15975,True,False,False,False,False,True,False
0,0,31,1,0,1,1,1,1,1,0,1,72.45,2156.25,0,48,0,0,3175,37031,False,False,False,False,False,False,False
0,0,1,1,1,0,1,0,1,0,0,0,60.1,60.1,1,26,0,0,5654,35426,False,False,False,False,False,False,True
0,0,56,1,0,0,0,0,0,0,0,0,19.7,1051.9,0,42,0,0,4831,44683,False,True,False,True,False,False,False
0,0,1,1,0,0,0,0,0,1,0,1,78.95,78.95,1,62,0,0,2038,72199,True,False,False,False,False,True,False
0,1,66,1,0,1,1,1,1,1,0,1,75.1,5013.0,0,59,1,3,6123,30580,False,False,True,False,False,True,False
0,1,72,1,1,0,0,0,0,0,0,0,25.0,1738.9,0,22,1,2,4275,30715,False,True,False,True,False,False,False
1,0,34,1,0,0,0,0,0,0,0,0,69.15,2275.1,0,67,0,0,4478,38818,True,False,False,False,True,False,False
0,1,58,1,0,0,1,1,0,1,0,1,91.55,5511.65,0,49,1,2,6423,19611,True,False,False,False,False,True,False
0,0,2,1,0,0,0,0,0,0,0,1,45.15,98.5,1,56,0,0,2699,54880,False,False,False,False,False,True,False
0,0,37,0,0,0,0,0,0,1,0,0,35.8,1316.9,0,51,0,0,5658,11396,False,False,False,True,True,False,False
0,0,71,1,1,1,1,1,1,1,1,1,113.15,7993.3,0,25,0,0,4955,592,True,False,False,True,True,False,False
0,1,1,1,0,0,0,0,0,0,0,0,19.85,19.85,0,55,1,1,2618,42832,False,True,True,False,True,False,False
1,1,71,1,0,0,0,0,0,0,0,0,19.8,1388.45,0,77,1,1,5819,9063,False,True,False,True,True,False,False
0,1,35,1,0,0,0,0,0,0,0,0,19.9,666.0,0,63,1,2,2334,31422,False,True,True,False,False,True,False
0,1,6,1,0,0,0,0,0,0,0,0,19.7,94.45,0,62,1,3,4122,8403,False,True,True,False,False,False,True
0,0,3,1,0,0,0,0,0,1,0,1,79.4,244.65,1,28,0,0,2448,854,True,False,False,False,False,True,False
0,1,69,1,0,0,1,1,1,0,0,0,59.1,4134.7,0,47,1,1,5846,264,False,False,True,False,False,False,False
0,0,44,0,0,0,1,1,0,1,1,1,53.95,2375.4,1,38,0,0,3051,34894,False,False,True,False,False,False,True
0,1,53,1,1,0,0,0,1,0,1,1,91.15,4862.5,0,21,1,0,6439,20993,True,False,True,False,False,True,False
0,1,24,1,0,0,1,1,0,1,1,1,99.3,2431.35,1,63,1,0,4811,31373,True,False,False,False,True,False,False
0,1,5,1,0,0,0,0,0,0,0,1,68.95,351.5,0,58,1,0,5536,36432,True,False,False,False,False,True,False
0,0,2,1,0,0,1,0,0,0,0,0,51.55,106.2,0,21,0,1,4057,23362,False,False,False,False,False,False,True
0,0,62,1,1,0,0,0,0,0,0,1,24.4,1413.0,0,62,0,1,4889,38091,False,True,False,True,False,False,True
0,1,19,1,0,0,0,1,0,1,1,1,96.8,1743.05,0,58,1,0,3249,5654,True,False,False,False,False,True,False
0,0,9,1,0,0,0,0,0,0,0,0,70.05,657.5,0,42,0,0,3522,118,True,False,False,False,False,False,True
0,0,53,1,0,0,0,0,0,0,0,0,19.5,1050.5,0,29,0,0,5625,4796,False,True,False,True,True,False,False
0,0,5,1,0,0,0,0,0,0,1,0,78.75,426.35,0,32,0,0,2610,626,True,False,False,False,False,False,True
1,1,71,1,1,1,1,0,0,1,0,0,69.2,4982.5,0,80,1,1,5546,1279,False,False,True,False,False,True,False
0,0,1,1,0,0,0,0,0,0,0,1,19.55,19.55,0,44,0,0,5607,3169,False,True,False,False,False,False,True
0,0,18,1,1,0,1,0,0,0,0,1,80.65,1451.9,1,58,0,0,3788,1477,True,False,False,False,False,True,False
0,0,72,1,1,0,1,1,0,1,1,1,103.65,7634.8,0,64,0,0,6088,1237,True,False,False,True,False,True,False
0,1,4,1,0,1,1,0,0,0,0,0,54.7,235.05,0,36,1,0,3475,303,False,False,False,False,False,False,True
0,0,59,1,1,0,0,1,0,0,0,0,54.15,3116.15,0,35,0,0,4293,632,False,False,False,True,True,False,False
0,0,1,1,0,0,0,0,0,0,0,0,71.1,71.1,1,41,0,0,5824,86,True,False,False,False,False,False,True
1,1,31,1,1,0,0,0,0,0,1,1,84.85,2633.4,0,68,1,0,5603,262,True,False,False,False,False,True,False
0,1,3,1,0,0,0,0,0,0,0,0,20.0,49.65,0,51,1,0,3985,35808,False,True,False,False,False,False,False
1,1,65,1,1,0,1,1,0,1,1,1,106.25,6979.8,1,66,1,0,5965,32848,True,False,True,False,False,True,False
0,1,49,1,0,0,0,1,1,1,1,1,99.25,4920.8,0,23,1,0,4995,282,True,False,True,False,True,False,False
0,0,2,1,0,0,0,0,0,0,0,0,19.35,46.35,0,42,0,0,5863,7503,False,True,False,False,False,False,True
0,1,53,1,0,0,0,0,0,0,0,0,20.8,1021.8,1,25,1,0,4166,178,False,True,True,False,False,False,False
0,1,55,1,0,1,0,0,0,1,1,1,94.75,5276.1,0,59,1,0,6021,614,True,False,True,False,False,True,False
0,1,72,1,1,1,1,1,1,1,1,1,114.05,8289.2,0,56,1,1,6254,404,True,False,False,True,True,False,False
1,0,36,1,1,0,0,0,0,0,0,1,74.9,2659.45,0,80,0,0,5041,19,True,False,False,False,False,False,False
0,1,10,1,0,0,0,0,0,0,0,1,19.8,196.75,0,46,1,1,3196,3524,False,True,False,False,False,False,False
1,0,1,1,1,0,0,0,0,1,1,1,94.0,94.0,1,76,0,0,4176,587,True,False,False,False,False,True,False
0,1,72,1,1,1,1,1,1,0,1,0,80.85,5824.75,0,40,1,2,6317,452,False,False,False,True,False,False,False
0,0,28,1,0,0,1,0,1,0,0,0,54.65,1517.5,0,55,0,0,3185,1351,False,False,False,False,False,False,False
0,1,38,1,1,1,0,0,0,1,0,0,91.7,3479.05,0,36,1,0,3676,1454,True,False,False,False,False,False,False
0,0,61,1,1,1,1,1,1,1,1,1,118.6,7365.7,0,25,0,0,5536,76,True,False,True,False,False,True,False
0,1,52,1,1,0,0,0,0,0,0,0,24.55,1331.05,0,34,1,1,5535,23990,False,True,False,True,False,False,True
0,0,67,1,0,0,0,0,0,0,0,1,19.45,1195.95,0,45,0,0,5343,9752,False,True,True,False,False,False,True
0,0,34,1,1,1,1,1,1,1,1,1,116.15,3946.9,0,26,0,3,5104,2064,True,False,False,True,True,False,False
0,0,54,1,0,1,0,1,1,1,1,0,80.6,4299.95,0,46,0,0,4231,9763,False,False,False,True,False,True,False
0,1,1,1,0,0,0,0,0,0,0,1,20.3,20.3,0,60,1,0,4215,17922,False,True,False,False,False,False,False
1,0,15,1,1,0,1,0,0,0,1,0,89.85,1424.95,1,67,0,0,2668,531,True,False,False,False,False,True,False
0,0,4,1,0,0,0,0,0,0,0,1,46.0,193.6,1,48,0,0,5246,1931,False,False,False,False,False,False,True
0,0,9,1,0,0,1,0,1,1,0,0,66.25,620.55,1,27,0,0,5515,8695,False,False,False,False,False,False,True
0,0,46,1,0,0,1,1,0,1,1,1,99.8,4391.25,0,26,0,2,2405,11168,True,False,False,False,False,True,False
0,0,22,1,1,0,0,0,1,1,0,1,90.0,1993.8,1,60,0,0,4739,1146,True,False,False,False,False,True,False
0,0,38,1,0,0,0,0,0,0,0,1,70.45,2597.6,1,39,0,0,5437,301,True,False,True,False,False,False,False
0,1,55,1,1,1,1,0,1,1,0,1,75.0,4213.9,0,27,1,2,5011,776,False,False,True,False,True,False,False
0,0,1,1,0,0,0,0,0,0,0,0,19.9,19.9,0,21,0,0,5057,17269,False,True,False,False,False,False,True
1,1,64,1,0,1,0,1,0,0,0,0,80.3,5017.7,0,77,1,0,4270,565,True,False,True,False,True,False,False
0,0,53,1,0,0,0,0,0,0,0,0,19.75,1052.35,1,62,0,0,6265,6439,False,True,False,True,False,False,False
0,1,58,1,1,1,0,1,1,1,1,1,84.3,4916.4,0,29,1,0,5724,1519,False,False,False,True,False,True,False
0,1,56,0,0,0,0,1,1,1,1,1,54.05,2959.8,0,20,1,0,6445,13706,False,False,True,False,False,False,False
0,1,72,1,0,1,0,1,1,1,1,1,104.9,7559.55,0,43,1,3,5169,17782,True,False,False,True,True,False,False
0,0,1,1,0,1,0,0,1,0,0,1,53.95,53.95,1,49,0,0,2771,28382,False,False,False,False,False,True,False
1,1,72,1,1,0,1,0,0,1,1,1,97.25,7133.1,0,75,1,0,6156,1254,True,False,True,False,True,False,False
0,0,22,1,1,0,0,0,0,0,1,0,83.05,1799.3,0,35,0,0,5357,28318,True,False,False,False,False,True,False
1,0,8,1,1,0,1,1,0,1,1,1,105.5,829.55,1,79,0,0,5546,495,True,False,False,False,False,True,False
0,0,16,1,0,0,0,0,0,1,0,1,81.0,1312.15,1,40,0,0,2335,6189,True,False,False,False,False,True,False
0,0,39,0,0,0,1,1,1,0,0,0,41.1,1597.05,0,35,0,0,3618,26971,False,False,False,False,False,False,False
0,0,12,1,0,0,0,0,0,0,0,1,45.0,524.35,0,47,0,0,4998,74,False,False,False,False,False,False,False
0,1,54,1,0,1,1,0,0,1,1,1,74.55,4191.45,0,48,1,0,4544,1601,False,False,False,True,False,False,False
0,0,18,0,0,1,1,0,1,0,0,1,40.2,711.95,0,28,0,0,4624,963,False,False,True,False,False,False,True
0,1,32,1,0,1,1,0,1,0,1,0,70.5,2201.75,0,47,1,0,5870,28,False,False,True,False,False,False,True
0,0,41,1,0,0,0,0,0,0,0,1,19.75,806.95,0,40,0,0,5678,844,False,True,True,False,False,False,True
0,1,67,1,1,0,0,0,0,0,0,0,24.65,1620.45,0,60,1,2,4444,101,False,True,False,True,False,False,False
0,1,65,1,1,1,0,1,0,1,1,1,104.25,6812.95,0,48,1,0,5089,3193,True,False,False,False,False,True,False
0,0,25,1,1,1,1,1,1,1,0,1,78.35,1837.9,0,19,0,0,4855,513,False,False,False,False,False,False,False
0,1,1,1,0,0,0,0,0,0,0,1,69.8,69.8,1,34,1,0,2123,73,True,False,False,False,False,True,False
0,1,67,1,1,0,1,1,1,1,1,1,109.7,7344.45,0,50,1,0,4017,145,True,False,True,False,True,False,False
1,0,7,1,1,0,0,0,0,0,0,0,73.75,545.15,1,78,0,0,5638,4579,True,False,False,False,False,False,True
1,0,43,0,0,1,1,0,0,0,0,1,33.45,1500.25,0,73,0,0,4757,8812,False,False,False,False,True,False,False
0,0,24,1,0,1,0,0,0,1,1,1,94.6,2283.15,0,37,0,0,3667,34967,True,False,False,False,False,True,False
1,0,9,1,1,1,0,0,0,0,0,0,54.55,494.05,1,79,0,0,4656,27786,False,False,False,False,False,True,False
0,1,69,1,0,0,0,0,0,0,0,0,20.2,1376.5,0,29,1,1,5463,31586,False,True,False,True,False,False,False
0,0,37,1,0,0,0,0,0,0,0,0,20.3,755.4,0,28,0,3,4186,30338,False,True,True,False,False,False,False
0,1,20,0,0,1,0,1,1,0,0,1,39.4,825.4,0,33,1,1,3899,41476,False,False,False,True,True,False,False
0,0,7,1,0,0,0,0,0,0,0,0,69.15,488.65,0,54,0,0,4320,615,True,False,False,False,False,False,False
1,0,37,1,1,0,0,0,0,0,0,1,76.25,2841.55,1,78,0,0,5859,21418,True,False,False,False,False,True,False
0,0,5,1,1,0,0,0,0,1,1,1,93.9,486.85,1,44,0,0,5435,899,True,False,False,False,False,False,True
0,0,41,0,0,0,0,1,0,1,1,1,51.35,2075.1,0,50,0,0,5622,595,False,False,True,False,False,True,False
0,0,54,1,0,1,1,0,0,1,1,1,100.05,5299.65,0,36,0,0,4478,269,True,False,True,False,True,False,False
1,0,3,1,0,0,0,0,0,0,0,1,70.4,204.7,1,71,0,0,2491,265,True,False,False,False,False,True,False
1,0,69,1,0,0,0,0,0,0,0,0,20.3,1356.3,0,67,0,0,4042,4552,False,True,False,True,True,False,False
0,0,53,1,0,0,1,1,1,0,1,1,94.45,5042.75,0,59,0,0,5452,290,True,False,True,False,True,False,False
0,1,18,0,0,0,1,1,0,1,0,0,46.4,812.4,0,25,1,2,4003,417,False,False,True,False,True,False,False
0,1,64,1,0,1,1,0,1,1,1,1,104.05,6605.55,0,61,1,0,4337,344,True,False,False,True,True,False,False
0,1,31,1,1,0,1,0,0,0,1,1,91.15,2995.45,1,39,1,0,5219,228,True,False,False,False,False,True,False
0,0,20,0,0,0,0,0,0,0,0,0,24.9,505.95,0,41,0,0,5942,6277,False,False,False,False,True,False,False
0,1,57,1,0,1,1,0,1,0,0,0,59.6,3509.4,0,37,1,3,4778,2664,False,False,True,False,False,False,True
1,1,63,1,1,1,1,1,0,1,1,0,108.5,6991.9,0,73,1,0,6453,13840,True,False,False,True,True,False,False
0,1,13,0,0,1,1,0,1,0,0,0,40.55,590.35,0,58,1,3,2898,12348,False,False,False,True,False,False,True
1,1,48,1,0,0,1,0,0,0,1,1,58.95,2789.7,0,65,1,0,4815,1162,False,False,True,False,False,False,False
0,0,2,1,0,0,0,0,0,0,0,1,70.95,137.95,1,45,0,0,5390,960,True,False,False,False,False,True,False
0,1,57,1,0,0,0,0,0,0,0,0,20.75,1123.15,0,60,1,2,4937,2602,False,True,False,True,False,False,True
0,1,71,1,1,0,1,1,1,1,1,1,113.15,7953.25,0,50,1,0,4068,2156,True,False,True,False,False,False,False
0,1,7,1,1,0,0,0,0,0,0,0,48.8,349.8,0,56,1,2,4785,1902,False,False,False,False,False,True,False
0,0,16,1,1,0,0,0,0,0,1,1,63.05,1067.05,0,56,0,0,3214,84,False,False,False,False,False,False,False
0,1,34,1,1,0,0,1,0,1,1,0,100.85,3527.3,0,21,1,0,5891,170,True,False,False,False,False,True,False
0,1,37,1,1,0,0,1,0,1,1,1,99.5,3762.0,1,26,1,0,4233,48690,True,False,False,False,False,True,False
0,0,16,1,1,0,1,0,0,0,0,1,80.55,1248.9,0,58,0,0,5183,373,True,False,False,False,False,False,True
0,0,48,1,1,1,1,1,0,0,0,1,64.4,3035.35,0,39,0,3,2545,392,False,False,True,False,False,False,False
0,1,58,1,0,0,1,0,1,1,1,1,75.2,4300.8,0,54,1,2,4559,3357,False,False,True,False,True,False,False
0,1,72,1,1,1,0,1,1,1,1,1,84.9,6065.3,0,36,1,0,4447,295,False,False,False,True,False,False,False
0,0,7,1,0,0,0,0,0,0,0,0,19.3,144.95,0,51,0,0,4764,616,False,True,False,False,False,False,True
0,0,38,1,0,1,1,1,0,0,0,1,83.9,3233.6,1,26,0,0,2157,1294,True,False,False,False,True,False,False
1,1,48,1,1,1,1,1,1,1,1,0,117.45,5438.9,1,76,1,0,5915,397,True,False,False,False,False,True,False
0,0,10,1,0,1,1,1,0,1,1,1,104.4,1081.45,1,37,0,0,5035,42239,True,False,False,False,False,True,False
0,0,30,1,0,1,1,1,1,1,0,0,74.65,2308.6,0,52,0,0,5616,1026,False,False,True,False,True,False,False
0,1,31,1,1,0,0,0,0,1,0,1,59.05,1882.8,0,33,1,0,5841,268,False,False,False,False,True,False,False
1,0,46,1,1,0,0,1,1,0,1,1,69.1,3255.35,0,65,0,0,3856,911,False,False,True,False,True,False,False
0,1,50,1,0,0,0,0,0,0,0,0,20.55,1067.65,0,32,1,0,4745,734,False,True,False,True,False,False,True
0,1,28,1,0,0,0,0,1,0,0,0,76.55,2065.4,0,31,1,0,2085,482,True,False,False,False,False,False,False
0,0,66,0,0,1,1,1,1,1,1,1,62.5,4136.4,0,52,0,0,4165,1236,False,False,False,True,False,False,False
1,0,8,0,0,0,0,1,0,0,0,1,29.4,221.9,1,65,0,0,5971,1845,False,False,False,False,False,True,False
0,1,41,1,0,0,0,1,0,1,1,1,94.9,3848.0,0,25,1,3,3539,386,True,False,False,False,False,False,False
1,1,72,1,1,0,1,1,1,1,1,1,111.65,8022.85,0,72,1,0,4406,3756,True,False,False,True,False,False,False
0,0,7,1,0,0,0,0,0,0,0,0,19.9,173.15,0,29,0,0,2750,1554,False,True,True,False,False,False,True
0,1,38,1,0,0,0,0,0,0,0,0,20.45,781.25,0,26,1,2,5587,1586,False,True,False,False,False,False,True
0,0,44,1,0,1,1,1,0,1,1,1,106.05,4510.8,0,25,0,0,4588,816,True,False,True,False,False,True,False
0,1,47,1,1,1,1,1,1,1,1,1,113.45,5317.8,0,58,1,1,3729,598,True,False,True,False,False,False,False
0,1,53,1,0,0,1,0,1,1,0,1,92.55,4779.45,0,25,1,2,4700,78,True,False,False,False,False,True,False
0,1,4,1,1,0,0,1,0,1,0,0,65.6,250.1,0,49,1,0,4552,830,False,False,False,False,False,True,False
1,0,20,1,1,0,0,0,0,1,0,1,84.35,1745.2,0,78,0,0,4915,124,True,False,False,False,False,True,False
0,0,2,1,0,0,0,0,0,0,0,0,44.65,74.9,1,46,0,0,4655,42239,False,False,False,False,False,False,True
1,1,57,1,1,0,1,1,0,1,0,1,71.1,4140.1,0,72,1,0,5462,431,False,False,True,False,True,False,False
1,1,44,1,0,1,1,0,1,0,0,1,85.15,3670.5,0,70,1,0,2672,7309,True,False,False,False,False,True,False
0,0,24,1,0,0,0,1,0,0,0,1,49.7,1167.8,0,25,0,0,5832,240,False,False,False,False,False,False,True
0,1,15,0,0,1,0,0,0,0,0,1,30.2,469.65,0,59,1,2,5825,829,False,False,False,False,False,False,False
0,0,3,0,0,0,0,0,0,0,0,0,25.25,58.9,1,62,0,0,2088,182,False,False,False,False,False,True,False
0,0,4,1,1,0,1,1,0,0,0,0,84.05,333.55,1,21,0,0,5552,4931,True,False,False,False,False,False,False
1,1,37,1,1,0,0,0,0,1,0,1,85.7,3171.15,1,75,1,0,4712,263,True,False,False,False,False,True,False
0,0,1,1,0,0,1,0,0,0,0,1,74.7,74.7,1,23,0,0,4692,433,True,False,False,False,False,True,False
0,0,24,1,0,1,0,0,1,0,0,0,56.35,1381.2,0,45,0,0,5128,215,False,False,False,False,True,False,False
0,0,5,1,1,0,1,0,0,1,0,1,90.8,455.5,1,25,0,0,5090,26438,True,False,False,False,False,True,False
0,0,33,1,1,0,1,1,0,1,1,0,107.55,3645.5,0,39,0,0,4800,459,True,False,False,False,False,True,False
0,1,58,1,0,0,0,0,0,0,0,1,19.85,1158.85,0,48,1,3,6440,88,False,True,False,True,False,False,True
0,1,72,1,1,1,1,0,0,1,0,1,95.9,6954.15,0,26,1,3,4213,332,True,False,False,True,False,False,False
0,1,71,1,1,0,0,0,0,0,0,0,23.85,1672.1,0,55,1,0,6166,528,False,True,False,True,False,False,True
1,0,28,1,1,0,1,1,0,1,1,1,106.15,3152.5,1,75,0,0,5030,4231,True,False,False,False,False,True,False
0,1,51,1,0,1,1,1,1,1,1,1,83.85,4307.1,0,20,1,0,5703,405,False,False,False,True,True,False,False
0,0,30,1,0,1,1,1,1,1,1,0,85.35,2530.4,1,59,0,0,2313,734,False,False,True,False,False,False,False
1,1,72,1,0,1,1,0,1,0,0,1,84.8,6141.65,0,77,1,0,4240,439,True,False,False,True,True,False,False
1,0,36,1,1,1,0,0,0,1,0,1,90.85,3186.7,1,69,0,0,5692,3749,True,False,False,False,False,True,False
0,0,14,1,0,1,1,1,1,0,1,0,76.1,1054.8,0,24,0,3,2045,5896,False,False,False,True,False,False,False
0,1,72,1,1,1,1,0,1,1,0,0,74.55,5430.65,0,61,1,3,4703,843,False,False,False,True,False,False,True
0,1,22,0,0,0,1,0,0,1,0,0,39.2,849.9,0,53,1,1,3288,9538,False,False,False,False,False,True,False
0,0,2,1,1,0,1,0,0,0,0,0,79.55,151.75,0,45,0,0,5965,5096,True,False,False,False,False,True,False
0,0,15,1,0,0,0,0,0,0,0,0,19.6,299.4,0,48,0,0,3195,1839,False,True,False,False,False,False,True
0,1,51,1,0,0,0,0,0,0,0,0,19.55,1086.75,0,40,1,1,5974,857,False,True,False,True,True,False,False
0,1,70,0,0,1,0,1,1,0,0,1,39.15,2692.75,0,47,1,0,5840,650,False,False,False,True,True,False,False
0,1,71,1,0,0,0,0,0,0,0,0,20.1,1389.6,0,45,1,2,5043,88,False,True,False,True,False,False,False
0,1,39,1,1,0,0,0,1,1,1,1,99.95,3767.4,0,35,1,3,4447,1332,True,False,False,False,True,False,False
0,1,61,1,1,1,1,0,0,0,0,0,59.8,3641.5,0,27,1,1,5381,104,False,False,False,False,False,True,False
0,0,52,1,0,1,0,0,0,0,0,1,49.75,2535.55,0,33,0,0,6334,1177,False,False,False,False,False,False,False
0,0,1,0,0,0,0,0,0,1,0,1,35.75,35.75,1,47,0,0,3351,132,False,False,False,False,False,True,False
0,1,64,1,1,1,0,1,1,1,1,1,108.5,6880.85,0,27,1,0,4576,231,True,False,True,False,False,False,True
0,1,62,1,0,0,1,1,1,0,0,1,60.15,3753.2,0,47,1,0,4404,946,False,False,False,True,True,False,False
0,1,30,1,0,0,0,0,0,0,0,0,19.05,637.55,0,64,1,0,2347,3093,False,True,False,True,False,False,True
1,1,4,1,0,0,0,0,0,0,0,0,46.0,181.6,1,68,1,3,4797,42239,False,False,False,False,False,True,False
1,1,63,1,0,1,1,1,1,1,1,1,84.0,5329.55,0,65,1,0,5688,277,False,False,True,False,False,False,False
0,0,1,1,0,0,0,0,0,0,0,1,44.55,44.55,0,27,0,0,5825,385,False,False,False,False,True,False,False
0,1,15,1,1,0,0,1,1,1,1,1,103.45,1539.8,0,59,1,0,5640,1822,True,False,False,False,False,True,False
0,1,27,1,0,1,1,0,0,0,0,1,80.65,2209.75,0,47,1,3,5856,85,True,False,True,False,True,False,False
0,0,4,0,0,1,1,1,0,1,1,1,57.2,223.75,0,31,0,3,2421,957,False,False,False,False,False,False,True
0,1,72,1,1,1,1,1,0,1,1,1,110.75,7751.7,0,48,1,0,4848,481,True,False,False,True,False,True,False
1,1,45,1,1,0,0,0,0,0,0,0,24.7,1174.35,0,79,1,0,5644,4236,False,True,True,False,True,False,False
1,0,45,1,1,1,1,0,1,1,0,1,97.05,4385.05,0,71,0,0,4735,61,True,False,False,False,False,True,False
0,0,36,1,0,1,1,1,1,1,0,1,76.35,2606.35,0,33,0,0,4771,322,False,False,True,False,False,False,True
0,1,17,1,0,1,0,1,0,1,0,1,89.4,1539.45,1,54,1,0,2544,348,True,False,False,False,False,True,False
0,0,1,1,0,0,0,0,0,0,0,0,18.9,18.9,0,24,0,0,4480,227,False,True,False,False,False,False,True
1,0,16,1,1,0,0,0,0,0,0,1,74.45,1261.35,0,70,0,0,5111,408,True,False,False,False,False,False,False
0,0,3,1,0,0,0,0,0,0,0,1,19.8,58.15,1,33,0,0,4323,19440,False,True,False,False,False,False,True
0,1,4,1,1,0,0,0,0,0,0,1,50.9,225.6,1,55,1,3,5691,72,False,False,False,False,False,True,False
0,1,71,1,0,1,1,1,1,1,1,1,84.4,5969.3,0,33,1,0,5619,116,False,False,False,True,True,False,False
0,1,10,1,1,0,0,0,0,0,0,1,24.4,253.9,0,27,1,1,4458,2595,False,True,False,False,False,False,True
0,1,20,1,0,0,0,0,0,0,0,0,20.05,400.0,0,55,1,1,4328,162,False,True,False,True,False,False,True
0,0,4,1,0,0,0,0,0,1,0,1,81.0,340.85,1,25,0,0,3591,4158,True,False,False,False,False,True,False
0,0,26,1,1,0,0,1,0,1,1,1,98.35,2515.3,1,55,0,0,4997,1943,True,False,False,False,False,True,False
0,0,4,1,0,0,0,0,0,1,0,0,55.5,227.35,0,57,0,0,2328,858,False,False,False,False,True,False,False
0,0,5,0,0,0,1,0,0,1,1,1,51.0,305.95,1,20,0,0,4630,1291,False,False,False,False,False,False,True
0,1,4,1,1,0,1,0,0,1,0,1,91.65,365.4,1,55,1,0,2140,4806,True,False,False,False,False,True,False
1,1,29,1,1,0,0,0,0,0,1,1,84.3,2357.75,0,73,1,0,2217,4002,True,False,False,False,False,True,False
0,0,2,1,0,1,1,0,0,1,1,0,100.2,198.5,0,49,0,0,4855,942,True,False,False,False,False,True,False
0,0,29,1,0,0,0,0,0,0,0,0,19.4,554.25,0,30,0,0,2265,678,False,True,False,True,False,False,True
0,0,1,1,0,0,0,0,0,1,1,1,90.85,90.85,1,47,0,0,5086,33038,True,False,False,False,False,True,False
0,0,1,1,0,0,0,0,0,0,0,0,69.4,69.4,1,62,0,0,2847,28201,True,False,False,False,False,False,True
1,0,8,1,0,0,0,1,0,1,1,1,94.45,742.95,1,66,0,0,3676,54492,True,False,False,False,True,False,False
0,0,13,1,0,0,0,0,0,0,0,1,20.4,251.65,0,56,0,0,2486,44586,False,True,False,False,False,True,False
0,1,59,1,1,1,1,0,0,1,0,1,94.75,5597.65,0,60,1,0,5238,58198,True,False,False,False,False,True,False
0,1,1,1,0,0,0,0,0,0,0,1,20.15,20.15,1,55,1,1,4277,67852,False,True,False,False,True,False,False
1,0,50,1,1,0,0,0,0,1,1,1,95.7,4816.7,1,65,0,0,4287,43019,True,False,False,False,False,True,False
0,1,18,1,0,0,0,0,0,0,0,1,44.35,768.05,0,41,1,0,2935,62784,False,False,False,False,False,False,False
0,1,17,1,0,1,1,0,0,1,1,0,74.55,1215.8,0,22,1,2,4451,45025,False,False,False,False,False,False,True
0,1,47,1,0,0,1,1,0,1,1,0,73.6,3522.65,0,55,1,0,4795,30852,False,False,False,True,False,True,False
0,0,26,1,1,0,0,0,0,0,0,1,74.95,1834.95,1,48,0,0,2934,1957,True,False,False,False,False,False,False
0,0,6,0,0,0,0,1,0,1,1,1,47.95,305.1,1,23,0,0,2240,101215,False,False,False,False,False,True,False
0,1,19,1,1,0,0,0,0,0,0,0,50.1,910.45,0,51,1,2,5749,30596,False,False,False,False,True,False,False
0,0,3,1,1,0,0,0,1,1,0,1,63.6,155.65,1,57,0,0,3155,9732,False,False,False,False,False,True,False
1,1,68,0,0,0,1,1,0,1,1,1,53.0,3656.25,0,65,1,1,5583,3524,False,False,False,True,False,True,False
0,1,2,1,0,0,0,0,0,0,0,0,19.85,52.0,0,27,1,0,4107,15140,False,True,False,False,False,False,False
0,0,7,0,0,0,0,0,0,0,0,1,24.35,150.85,0,23,0,0,4665,46984,False,False,True,False,True,False,False
0,0,18,1,0,0,0,0,0,0,0,1,19.55,389.25,0,49,0,0,2386,20692,False,True,False,False,False,False,True
0,1,71,1,1,0,0,0,0,0,0,0,25.05,1873.7,0,46,1,0,6334,47143,False,True,False,True,True,False,False
1,1,13,1,1,1,1,0,0,0,1,0,93.8,1261.0,0,79,1,0,5870,67520,True,False,False,False,True,False,False
0,0,3,0,0,0,1,0,1,0,0,1,36.85,108.7,1,44,0,0,5825,4258,False,False,False,False,False,False,True
0,1,72,1,1,0,1,1,0,1,1,1,103.75,7346.2,0,38,1,0,4655,3012,True,False,False,True,False,False,False
0,1,66,0,0,0,1,1,0,1,1,1,56.75,3708.4,0,35,1,3,5748,68701,False,False,False,True,True,False,False
0,1,24,1,0,0,0,0,0,0,0,1,20.8,469.65,0,19,1,2,4654,47487,False,True,True,False,True,False,False
0,0,1,1,0,0,0,0,0,0,0,1,44.1,44.1,1,31,0,0,5955,44150,False,False,False,False,False,True,False
0,1,56,1,1,0,0,0,0,0,0,1,24.45,1385.85,0,20,1,2,5577,41175,False,True,False,True,False,False,True
1,1,22,1,1,0,0,0,0,0,0,0,25.6,548.8,0,69,1,0,2628,73686,False,True,True,False,False,False,False
0,0,14,0,0,0,0,1,0,1,1,1,50.75,712.75,1,38,0,0,4883,48727,False,False,False,False,False,True,False
1,1,61,1,1,0,1,1,0,1,1,1,104.4,6405.0,1,77,1,0,4412,30568,True,False,True,False,True,False,False
1,1,40,0,0,0,1,0,0,1,0,1,39.3,1637.4,1,66,1,0,2296,41713,False,False,False,False,False,True,False
0,0,42,1,0,1,1,1,0,0,0,0,59.65,2536.55,0,27,0,0,3048,38415,False,False,False,False,False,False,False
0,1,72,1,1,1,0,1,1,1,1,1,83.3,6042.7,0,28,1,3,4505,46960,False,False,False,True,False,False,False
0,0,12,1,1,0,0,0,1,0,0,1,79.55,958.25,0,47,0,0,3445,49431,True,False,False,False,True,False,False
0,1,71,1,1,0,0,0,0,0,0,0,24.45,1730.65,0,24,1,0,4766,58218,False,True,False,True,False,False,False
0,1,26,1,0,0,0,0,0,0,0,0,19.2,459.6,0,42,1,0,3656,27799,False,True,True,False,False,False,True
0,0,7,0,0,1,0,0,0,0,0,0,29.8,201.95,0,33,0,2,4236,32901,False,False,False,False,False,False,True
0,1,6,1,0,0,0,0,0,0,0,0,45.5,285.2,0,41,1,1,5450,56709,False,False,False,False,False,False,True
0,0,58,1,0,1,1,1,0,1,1,1,106.45,6145.85,1,57,0,0,5902,32562,True,False,True,False,False,True,False
0,1,51,0,0,0,1,0,0,0,0,1,30.05,1529.45,0,61,1,0,5045,29310,False,False,False,False,True,False,False
0,1,72,0,0,1,1,1,1,1,1,1,65.65,4664.5,0,32,1,1,4934,9805,False,False,False,True,False,False,False
0,0,18,1,0,1,0,0,0,1,1,1,96.05,1740.7,1,23,0,0,5581,27866,True,False,False,False,False,True,False
0,0,7,1,1,0,0,0,0,0,0,1,75.1,552.95,1,35,0,0,5514,64672,True,False,False,False,False,False,False
0,0,47,1,1,1,1,0,1,0,1,0,74.05,3496.3,0,56,0,0,2831,44764,False,False,False,True,False,False,True
1,0,2,1,0,0,0,0,0,0,0,1,44.7,93.7,1,72,0,0,4618,87383,False,False,False,False,False,True,False
1,0,62,1,1,0,1,1,1,1,1,1,110.75,7053.35,0,66,0,0,5166,39334,True,False,True,False,False,False,False
0,1,16,1,0,0,0,0,0,0,0,0,19.7,301.55,0,44,1,2,5293,49839,False,True,False,True,False,False,True
0,0,6,1,0,0,0,0,1,0,0,1,49.5,312.7,0,60,0,0,5552,47107,False,False,False,False,True,False,False
0,0,19,1,0,0,0,1,1,0,0,1,55.0,1046.5,1,55,0,0,4539,21739,False,False,False,False,True,False,False
0,1,69,0,0,1,0,1,0,0,1,1,43.95,2960.1,0,19,1,1,4479,33523,False,False,False,True,True,False,False
0,1,11,1,1,0,0,0,0,0,0,1,74.35,834.2,1,35,1,0,5075,8115,True,False,False,False,False,True,False
0,1,64,1,1,0,1,1,1,1,1,1,111.15,6953.4,0,41,1,0,5455,44004,True,False,False,False,False,True,False
0,1,39,1,0,1,0,1,1,1,1,1,104.7,4134.85,1,35,1,0,2371,3642,True,False,True,False,True,False,False
0,0,15,1,1,1,0,0,0,0,0,1,55.7,899.8,1,60,0,0,4519,38128,False,False,False,False,False,False,True
0,0,25,1,0,0,0,0,0,0,0,0,20.6,541.5,0,33,0,0,2305,24511,False,True,False,False,False,False,True
0,0,6,1,0,0,0,0,0,0,0,0,19.65,116.85,0,43,0,0,3945,29299,False,True,False,True,True,False,False
0,1,66,1,1,1,1,1,1,1,1,0,115.8,7942.15,0,28,1,0,5845,55668,True,False,True,False,False,False,False
0,0,61,1,1,0,1,1,1,1,1,0,88.65,5321.25,0,60,0,0,4730,24505,False,False,False,True,True,False,False
1,1,43,1,1,1,1,0,0,1,0,1,94.5,4156.8,0,76,1,0,4745,47534,True,False,False,False,False,True,False
0,0,12,1,0,0,0,0,0,0,0,0,20.1,223.6,0,25,0,0,5179,55204,False,True,False,False,False,False,True
1,0,23,0,0,0,0,0,0,0,1,1,34.65,768.45,0,78,0,0,2307,2527,False,False,False,False,False,False,False
1,1,71,0,0,0,1,1,0,1,1,1,52.3,3765.05,0,73,1,0,5491,21728,False,False,False,False,False,False,False
0,0,34,1,1,0,0,0,1,1,0,0,65.0,2157.5,0,32,0,0,5567,20408,False,False,False,False,False,False,True
0,0,5,1,0,0,0,0,0,0,0,0,19.85,108.05,1,57,0,0,3799,21,False,True,False,False,True,False,False
0,1,41,0,0,0,1,0,1,0,0,0,35.45,1391.65,0,59,1,0,2954,10470,False,False,True,False,False,False,True
0,1,72,1,0,0,0,0,0,0,0,0,19.7,1379.8,0,53,1,1,5451,105285,False,True,False,True,True,False,False
1,0,14,1,1,0,0,0,0,1,1,1,95.6,1273.3,0,65,0,0,3502,21397,True,False,False,False,False,True,False
0,0,41,1,0,0,0,0,0,0,0,1,19.85,810.45,0,53,0,0,3523,8321,False,True,False,True,False,False,True
0,1,23,1,1,1,0,0,0,0,0,0,81.85,1810.85,0,51,1,3,5939,11355,True,False,True,False,True,False,False
0,1,71,1,0,1,1,1,1,1,1,0,109.3,7782.85,0,36,1,3,5737,47305,True,False,False,True,True,False,False
0,0,1,1,0,0,0,0,0,0,0,1,70.3,70.3,1,57,0,0,5963,51387,True,False,False,False,False,True,False
0,1,72,1,1,0,0,0,0,0,0,0,25.4,1797.1,0,40,1,0,6011,29825,False,True,False,True,False,False,True
0,1,6,1,0,0,0,0,0,0,0,1,69.8,377.85,0,48,1,3,2651,31963,True,False,False,False,False,True,False
0,1,23,1,0,0,0,0,0,0,0,1,20.0,445.3,0,64,1,1,2170,15195,False,True,True,False,True,False,False
1,1,10,1,1,0,0,0,0,0,1,0,85.55,851.75,1,77,1,0,3336,24908,True,False,False,False,False,True,False
0,0,72,1,0,1,1,1,1,1,1,1,109.9,7624.2,0,19,0,0,5234,40152,True,False,False,True,False,True,False
0,1,7,1,0,1,0,0,0,0,0,1,50.3,355.1,0,19,1,0,2547,42459,False,False,False,False,False,False,False
0,0,6,1,0,0,0,1,0,1,1,0,94.5,575.45,1,53,0,0,3469,16041,True,False,False,False,False,False,True
0,1,9,1,0,0,1,0,1,1,1,1,101.5,906.85,0,33,1,1,2757,47758,True,False,False,False,False,True,False
0,0,12,1,1,0,1,0,0,0,1,1,89.15,1057.55,0,52,0,0,4041,9960,True,False,False,False,False,True,False
0,0,1,1,0,0,0,0,0,0,0,1,19.4,19.4,0,43,0,0,2742,26442,False,True,False,False,False,False,True
1,1,48,0,0,0,1,0,0,0,0,0,29.9,1388.75,0,75,1,2,2617,93315,False,False,True,False,False,False,False
0,0,20,1,0,0,0,0,0,1,0,0,78.8,1641.3,0,45,0,0,2317,18693,True,False,False,False,False,True,False
1,1,16,1,1,0,0,0,0,0,1,1,85.35,1375.15,1,66,1,0,5769,78114,True,False,False,False,True,False,False
0,0,2,1,0,0,0,0,0,1,0,1,79.65,152.7,1,56,0,0,5082,33300,True,False,False,False,False,False,True
0,0,10,1,0,0,0,0,0,0,0,1,19.3,185.2,0,25,0,0,4190,69850,False,True,True,False,False,False,True
1,0,2,1,0,0,0,0,0,0,1,1,79.6,195.05,1,80,0,0,4322,11,True,False,False,False,False,True,False
0,1,20,1,1,0,1,0,1,1,0,0,96.8,1826.7,0,32,1,3,3222,19630,True,False,False,False,False,False,True
0,1,20,1,0,0,0,0,0,0,0,0,20.65,417.5,0,27,1,0,4147,33758,False,True,True,False,False,False,True
0,1,19,1,0,0,0,0,0,0,0,0,19.8,344.5,0,33,1,1,4464,28094,False,True,True,False,False,False,True
1,0,19,1,1,1,0,0,0,1,0,1,90.6,1660.0,1,68,0,0,2373,22548,True,False,False,False,False,True,False
0,1,22,1,0,1,1,0,1,1,1,1,104.6,2180.55,0,53,1,0,2429,24979,True,False,False,False,False,True,False
0,0,35,1,1,0,0,0,1,0,0,0,80.05,2835.9,0,63,0,0,3999,41263,True,False,False,False,True,False,False
0,0,1,1,0,0,0,0,0,0,0,0,45.15,45.15,0,43,0,0,4131,34191,False,False,False,False,False,False,True
0,0,39,1,1,0,0,0,0,0,0,1,73.15,2730.85,0,43,0,0,3271,37322,True,False,False,False,True,False,False
1,1,54,1,0,0,0,1,1,1,1,1,99.1,5437.1,0,68,1,0,4118,96267,True,False,True,False,False,True,False
0,0,1,1,0,0,0,0,0,0,0,1,20.2,20.2,1,48,0,0,3061,5451,False,True,False,False,False,False,False
0,1,66,1,1,1,0,1,0,1,1,1,106.05,6981.35,1,30,1,0,5602,31021,True,False,False,True,True,False,False
0,0,56,1,1,1,0,0,1,1,1,1,105.35,5794.45,0,31,0,0,5680,18058,True,False,False,False,False,False,True
0,0,18,1,0,0,0,0,0,0,0,1,45.65,747.2,0,58,0,2,4403,11264,False,False,False,False,True,False,False
0,1,16,1,1,0,1,0,0,0,0,1,79.95,1267.95,0,30,1,2,3855,37527,True,False,False,False,True,False,False
0,0,68,1,0,1,0,1,0,0,0,1,54.45,3674.95,0,45,0,0,6309,30779,False,False,True,False,True,False,False
1,1,53,1,1,0,0,0,0,0,0,0,25.1,1275.6,0,79,1,0,5295,27778,False,True,False,True,True,False,False
0,1,72,1,1,1,0,1,1,1,1,0,84.7,5893.9,0,46,1,1,6375,28680,False,False,False,True,True,False,False
0,0,9,1,1,0,0,0,0,0,0,1,75.85,724.65,0,52,0,0,5212,13779,True,False,False,False,False,True,False
0,0,30,1,0,1,0,0,0,0,0,1,48.8,1536.75,0,37,0,0,4864,5221,False,False,False,False,False,False,True
0,0,36,1,1,0,1,0,0,1,1,1,99.15,3615.6,1,54,0,0,4188,11509,True,False,False,False,False,True,False
0,0,18,0,0,0,0,1,1,0,0,1,35.2,607.3,0,45,0,0,5381,23559,False,False,False,False,False,True,False
1,1,55,1,1,1,0,1,1,1,0,0,76.25,4154.55,0,66,1,1,4319,19975,False,False,True,False,False,True,False
0,1,39,0,0,1,0,1,0,1,1,0,55.9,2184.35,1,50,1,0,5632,26099,False,False,False,False,False,True,False
0,0,21,1,1,0,1,0,0,0,0,1,82.35,1852.85,1,25,0,0,2902,40705,True,False,False,False,False,True,False
0,0,2,0,0,0,1,1,1,0,0,1,40.4,77.15,1,34,0,0,3620,17058,False,False,False,False,True,False,False
1,0,33,1,1,0,0,0,0,0,0,1,24.9,847.8,0,73,0,0,5756,41979,False,True,True,False,False,False,False
0,1,44,0,0,0,1,1,0,1,1,0,54.3,2390.45,0,63,1,0,3222,31678,False,False,False,True,False,False,False
0,1,30,1,0,1,0,0,1,0,1,0,66.3,1923.5,0,47,1,2,4631,34873,False,False,False,False,False,False,False
0,1,71,1,0,0,0,0,0,0,0,1,20.9,1493.2,0,44,1,0,4030,32050,False,True,False,True,False,False,False
0,0,4,1,1,0,0,0,0,0,0,0,75.35,338.1,1,42,0,0,2220,26265,True,False,False,False,False,True,False
0,0,35,1,0,0,0,1,0,1,0,1,85.15,3030.6,1,37,0,0,5928,19109,True,False,True,False,False,True,False
0,1,1,1,0,0,0,1,0,0,0,0,75.35,75.35,0,32,1,0,3514,37887,True,False,False,False,True,False,False
1,1,23,1,1,0,1,1,0,1,1,1,104.45,2184.85,0,80,1,0,5883,38181,True,False,False,False,False,True,False
0,0,22,0,0,0,0,1,0,1,1,1,49.45,1031.4,0,55,0,2,5941,32148,False,False,True,False,True,False,False
0,0,49,1,0,0,0,0,0,0,0,0,19.45,921.3,0,25,0,1,4170,44442,False,True,True,False,True,False,False
0,1,42,1,0,0,0,1,0,1,1,1,92.15,3875.4,0,33,1,3,5697,33528,True,False,False,False,False,True,False
0,1,33,1,0,0,0,1,0,1,1,1,93.8,3124.5,1,48,1,0,5080,15505,True,False,True,False,False,True,False
0,1,7,1,0,0,0,0,0,0,0,0,19.85,144.15,0,38,1,1,3973,47344,False,True,False,True,False,False,True
0,1,67,1,1,1,0,1,1,0,1,1,100.25,6689.0,0,52,1,3,5588,67354,True,False,True,False,False,False,False
0,0,15,1,1,0,1,0,1,0,1,0,95.7,1451.1,0,24,0,0,4999,47568,True,False,False,False,False,True,False
0,1,67,1,1,0,1,1,0,0,1,1,93.15,6368.2,0,42,1,0,4001,62425,True,False,False,True,False,True,False
0,1,53,1,0,1,1,0,1,1,0,1,69.7,3729.6,0,61,1,2,4590,103214,False,False,False,True,False,False,True
0,1,21,1,0,0,0,0,0,0,0,0,19.8,350.1,0,38,1,1,3243,63288,False,True,True,False,False,False,True
0,1,40,1,0,1,1,0,1,0,1,1,71.35,2847.2,0,30,1,2,5807,16271,False,False,False,False,False,False,True
0,1,22,1,0,0,0,0,0,0,0,0,20.75,452.35,0,49,1,2,2258,29694,False,True,True,False,False,False,False
0,0,39,0,0,0,0,0,1,0,1,1,40.6,1494.5,0,25,0,0,4436,16398,False,False,False,False,False,True,False
0,0,45,1,0,0,0,0,0,0,0,1,20.4,930.45,1,49,0,0,5398,51556,False,True,True,False,False,True,False
0,1,2,1,0,0,0,0,0,0,0,0,20.35,41.85,0,35,1,0,5761,3699,False,True,False,False,False,False,True
0,1,57,1,0,0,0,0,0,0,0,0,19.75,1272.05,0,43,1,2,4235,72893,False,True,False,True,False,False,False
0,1,8,1,0,0,0,0,0,1,0,1,54.4,475.1,0,49,1,3,4854,24660,False,False,False,False,False,True,False
1,1,7,1,1,1,1,0,0,0,1,1,94.7,673.1,1,78,1,0,3591,30173,True,False,False,False,True,False,False
0,0,6,0,0,0,1,0,0,0,0,1,30.5,208.7,1,47,0,0,4667,27563,False,False,False,False,True,False,False
0,1,7,1,0,0,0,0,0,0,0,0,20.45,150.75,0,30,1,1,4484,20890,False,True,False,False,False,False,True
0,0,49,1,1,0,0,0,1,1,0,1,66.15,3199.0,0,49,0,0,6138,14852,False,False,False,True,False,False,False
0,0,65,1,1,1,1,0,1,0,0,1,89.85,5844.65,0,47,0,0,6421,21065,True,False,True,False,False,True,False
0,0,55,1,0,0,0,0,0,0,0,0,45.05,2462.6,0,48,0,0,4055,21343,False,False,True,False,False,False,False
0,1,71,1,1,1,1,1,1,1,1,0,86.85,6263.8,0,28,1,3,6452,55306,False,False,False,True,False,False,False
0,0,35,1,1,1,1,1,1,0,0,1,96.75,3403.4,0,62,0,0,5154,58639,True,False,False,False,False,False,True
1,0,3,1,1,0,0,0,0,0,0,1,77.0,237.75,1,74,0,0,3128,21279,True,False,False,False,False,True,False
0,0,11,1,0,0,0,0,0,0,0,0,20.1,221.35,1,62,0,3,4500,24180,False,True,False,False,True,False,False
0,0,1,1,0,0,0,1,0,0,0,0,75.3,75.3,1,53,0,0,2176,1107,True,False,False,False,False,True,False
0,0,17,1,1,1,1,1,1,1,0,1,106.65,1672.1,0,29,0,0,2754,174,True,False,False,False,False,False,False
0,1,72,1,1,1,0,1,1,1,1,1,110.15,7881.2,0,20,1,0,4498,53323,True,False,False,True,True,False,False
0,1,28,1,0,1,0,0,0,0,1,1,82.85,2320.8,0,30,1,1,5802,55486,True,False,True,False,False,False,False
0,1,18,1,0,0,0,0,0,0,0,0,20.1,370.5,0,59,1,0,4329,25566,False,True,False,True,False,False,True
1,1,40,1,0,0,1,0,1,1,1,1,99.2,4062.2,1,74,1,0,5098,38427,True,False,True,False,True,False,False
0,0,52,1,0,0,0,1,0,0,1,1,59.45,3043.7,0,30,0,0,6107,31352,False,False,False,False,False,True,False
0,1,47,1,0,0,1,0,0,1,0,1,58.6,2723.4,0,53,1,0,2613,43467,False,False,False,False,False,False,False
0,0,23,1,0,0,0,1,0,0,0,0,49.7,1081.25,0,44,0,0,4790,91664,False,False,False,False,True,False,False
0,1,66,1,0,1,1,1,1,0,0,0,65.85,4097.05,0,59,1,2,5500,49647,False,False,False,True,False,False,True
0,0,8,1,1,0,0,0,0,0,0,1,73.5,632.2,0,22,0,0,5777,31556,True,False,False,False,False,True,False
1,0,47,1,0,1,0,0,0,0,1,0,85.5,4042.3,1,65,0,0,3645,37417,True,False,False,False,False,False,True
0,0,7,1,0,0,0,0,0,0,0,0,20.05,164.85,1,62,0,0,5595,35656,False,True,False,False,False,False,True
0,1,71,1,1,1,1,1,1,1,1,0,113.65,8166.8,0,23,1,2,6208,63136,True,False,False,True,True,False,False
1,0,50,1,1,1,1,0,0,0,0,1,83.4,4113.7,0,65,0,0,4977,19034,True,False,False,False,False,True,False
0,1,46,1,0,1,1,1,1,0,0,0,65.65,3047.15,0,23,1,0,2680,38902,False,False,False,True,False,False,True
0,0,1,1,0,0,0,0,0,0,0,0,70.4,70.4,1,40,0,0,4238,425,True,False,False,False,False,True,False
0,0,66,0,0,1,0,1,1,1,1,1,61.35,4193.4,0,25,0,0,4824,36243,False,False,False,True,False,False,False
0,1,42,1,1,0,0,1,1,0,0,1,85.9,3729.75,0,60,1,0,2219,30028,True,False,False,False,True,False,False
0,0,5,1,0,0,0,0,1,0,0,1,75.65,399.45,0,62,0,0,2296,30933,True,False,False,False,False,False,True
0,1,7,1,0,1,0,0,0,0,0,1,49.75,331.3,1,24,1,0,5651,27414,False,False,True,False,False,True,False
0,0,29,1,1,0,1,1,0,0,1,0,70.9,1964.6,0,25,0,0,2064,20200,False,False,True,False,True,False,False
0,1,27,1,0,0,1,0,0,0,0,0,49.85,1336.15,0,37,1,5,5580,41067,False,False,False,False,False,False,True
1,0,15,1,0,0,1,0,0,0,0,1,75.3,1147.45,1,70,0,0,4526,7527,True,False,False,False,True,False,False
0,1,25,1,0,0,0,0,0,0,0,0,20.1,486.05,0,25,1,3,5306,10558,False,True,False,True,False,False,True
0,1,11,1,1,0,0,0,0,1,1,1,94.0,1078.9,1,64,1,0,2120,23984,True,False,False,False,False,True,False
0,1,57,1,1,1,1,1,1,1,0,1,103.05,5925.75,0,36,1,0,5586,18752,True,False,False,False,False,True,False
0,0,67,1,1,1,1,1,1,1,1,1,118.35,7804.15,1,53,0,0,6255,26753,True,False,True,False,False,False,False
1,1,47,1,1,0,0,1,0,1,1,0,99.7,4747.2,0,73,1,0,4787,16812,True,False,False,False,False,True,False
0,0,13,1,0,0,0,0,0,1,0,1,81.9,1028.9,0,47,0,0,2054,27891,True,False,False,False,False,False,True
0,0,8,0,0,1,0,0,0,0,0,1,30.45,226.45,1,55,0,0,4549,38460,False,False,False,False,False,True,False
0,1,44,1,1,0,0,0,0,1,1,1,96.1,4364.1,1,19,1,0,5606,10253,True,False,False,False,False,True,False
0,1,71,1,1,1,0,0,0,1,0,1,66.2,4692.55,0,42,1,3,4756,23742,False,False,True,False,False,True,False
1,1,24,1,1,0,1,1,0,1,1,1,104.25,2433.9,1,70,1,0,2104,32369,True,False,False,False,False,True,False
1,0,15,1,1,0,1,0,0,0,0,1,80.2,1217.25,1,75,0,0,4958,13158,True,False,False,False,False,True,False
0,0,1,1,0,0,0,0,0,0,0,0,19.75,19.75,0,57,0,0,3666,23981,False,True,False,False,False,True,False
1,0,2,1,1,0,0,0,0,0,0,1,72.6,154.3,0,73,0,0,5098,21990,True,False,False,False,False,False,True
1,0,55,1,1,1,1,1,1,1,1,1,116.5,6382.55,0,70,0,0,4222,14493,True,False,False,False,False,True,False
1,0,71,1,1,0,1,0,1,1,1,1,106.8,7623.2,0,67,0,0,6423,17015,True,False,False,True,False,True,False
0,1,50,1,1,0,0,0,0,0,0,0,24.95,1261.45,0,33,1,1,6019,41390,False,True,False,True,False,False,True
0,0,1,1,0,0,0,0,0,1,1,1,89.25,89.25,0,49,0,0,5579,31297,True,False,False,False,False,True,False
0,0,5,1,0,0,0,0,0,0,0,1,19.25,86.05,0,32,0,0,3056,9864,False,True,False,False,False,False,True
0,0,66,1,1,1,1,1,1,1,0,1,104.55,6779.05,0,44,0,0,4494,16910,True,False,True,False,False,False,False
0,1,49,1,0,1,1,1,1,1,1,1,87.2,4345.0,0,32,1,2,4567,29110,False,False,True,False,False,False,True
1,1,3,0,0,0,1,0,0,0,0,1,30.75,82.85,0,75,1,0,4133,25303,False,False,False,False,False,True,False
0,1,66,1,1,0,0,0,0,0,0,1,25.7,1714.55,0,32,1,3,5517,23661,False,True,True,False,True,False,False
0,0,11,1,1,0,0,0,0,0,1,0,86.2,893.2,0,31,0,2,3157,23519,True,False,False,False,False,True,False
0,0,28,0,0,0,0,0,1,0,0,1,30.1,810.85,0,29,0,0,2653,49242,False,False,False,False,True,False,False
0,1,65,1,1,1,1,1,0,1,0,1,99.35,6347.55,0,31,1,0,6300,43857,True,False,False,True,False,True,False
0,0,62,1,0,0,0,0,0,0,0,1,19.2,1123.65,0,45,0,0,4937,23637,False,True,False,True,True,False,False
0,1,2,1,0,0,0,0,0,0,0,0,20.1,43.15,0,38,1,0,4158,35325,False,True,False,False,False,False,False
0,0,2,1,0,0,0,0,0,0,0,0,20.35,35.1,0,57,0,0,3746,27614,False,True,False,False,True,False,False
0,1,55,1,1,0,0,0,0,0,0,1,25.65,1388.0,0,36,1,3,4466,37779,False,True,False,True,True,False,False
1,1,41,1,0,0,1,0,0,1,1,1,94.55,3851.45,0,65,1,0,4914,30742,True,False,False,False,False,True,False
0,1,17,1,1,1,0,1,0,1,1,1,104.2,1743.5,1,38,1,0,2365,25751,True,False,False,False,False,True,False
0,0,30,1,0,0,0,0,1,1,1,1,94.4,2638.1,0,64,0,0,4584,32307,True,False,True,False,False,False,False
0,0,17,1,0,1,1,0,0,0,0,0,56.1,946.95,0,58,0,0,5025,28067,False,False,True,False,False,False,True
0,1,16,1,0,1,1,0,1,0,1,0,68.25,1114.85,0,32,1,1,3559,97318,False,False,False,True,False,False,False
0,0,72,1,1,0,0,0,0,0,0,0,24.75,1777.6,0,25,0,0,5398,68018,False,True,False,True,False,False,False
0,0,9,1,1,0,0,0,0,0,0,1,76.25,684.85,0,48,0,0,2062,33389,True,False,False,False,False,True,False
0,0,1,1,0,0,1,0,0,0,0,0,74.35,74.35,0,43,0,0,4237,81986,True,False,False,False,False,True,False
0,0,23,1,0,0,1,0,1,0,0,0,54.15,1312.45,0,64,0,1,2496,57017,False,False,False,False,False,True,False
0,0,8,1,0,0,0,0,0,0,0,0,19.45,159.2,0,28,0,3,4119,48867,False,True,False,False,False,False,False
0,1,19,0,0,1,1,0,0,0,0,1,34.95,610.2,0,23,1,1,3422,17112,False,False,False,False,False,False,True
0,0,7,1,1,1,0,0,0,0,0,1,53.65,404.35,0,46,0,0,4389,40077,False,False,False,False,False,True,False
1,0,1,1,0,0,0,0,0,0,0,1,69.65,69.65,1,70,0,0,5844,59259,True,False,False,False,False,True,False
0,0,61,1,1,1,0,1,0,1,1,0,104.0,6363.45,0,24,0,0,4344,46639,True,False,True,False,False,True,False
0,1,57,1,0,1,1,0,1,1,0,1,70.35,4124.65,0,32,1,0,5779,17846,False,False,False,True,True,False,False
0,0,9,1,0,0,0,0,0,0,1,1,80.8,713.1,1,39,0,0,3890,24977,True,False,False,False,False,True,False
0,0,15,1,0,1,0,1,0,0,1,0,64.85,950.75,0,31,0,3,4442,27424,False,False,True,False,False,False,True
0,0,1,1,0,0,0,0,0,0,0,0,19.65,19.65,0,42,0,0,4639,42526,False,True,False,False,False,False,True
0,1,12,1,0,0,0,0,0,0,0,0,45.9,505.95,0,39,1,0,5790,18735,False,False,False,False,False,False,False
0,0,54,1,0,0,0,0,0,0,0,0,20.0,1149.65,0,48,0,0,6094,33057,False,True,False,True,False,False,True
0,1,4,1,0,0,0,0,0,0,0,0,44.8,169.65,0,40,1,2,2114,25988,False,False,False,False,False,True,False
0,0,7,1,0,0,0,0,0,1,0,1,80.3,526.7,1,21,0,0,3949,36123,True,False,False,False,False,False,True
0,1,20,1,0,0,0,0,0,0,0,0,20.35,393.15,0,23,1,0,4390,14814,False,True,True,False,False,False,True
0,0,26,0,0,1,0,0,1,0,1,0,45.8,1147.0,0,51,0,2,3287,9937,False,False,False,False,False,False,True
1,1,36,1,1,0,0,0,0,0,1,1,84.1,3021.6,1,71,1,0,2987,22177,True,False,False,False,False,True,False
0,1,53,1,1,0,1,1,1,1,1,1,108.95,5718.2,0,36,1,0,4163,40376,True,False,True,False,False,False,False
0,0,3,1,0,0,0,0,1,1,1,1,69.35,191.35,1,48,0,0,3520,42239,False,False,False,False,False,True,False
0,0,68,0,0,1,1,1,1,1,1,0,64.35,4539.6,0,38,0,0,4146,22085,False,False,False,True,True,False,False
0,1,72,1,1,1,1,1,1,1,1,1,90.8,6397.6,0,64,1,2,5028,51348,False,False,False,True,True,False,False
0,0,12,1,1,0,0,0,0,0,0,0,24.95,280.4,0,61,0,0,4443,50047,False,True,True,False,True,False,False
1,1,34,1,1,0,1,0,0,0,0,1,79.6,2718.3,1,79,1,0,3980,23646,True,False,False,False,False,False,True
0,1,68,1,1,1,1,0,0,0,0,1,84.7,5711.05,0,52,1,0,5520,29387,True,False,False,True,False,False,False
0,0,50,1,0,1,0,1,1,1,0,1,70.8,3478.15,0,25,0,2,4798,13129,False,False,True,False,True,False,False
1,0,1,0,0,0,0,0,0,1,0,1,36.45,36.45,1,79,0,0,5303,18112,False,False,False,False,False,True,False
1,0,41,1,1,0,1,1,0,1,1,1,104.4,4133.95,0,78,0,0,4477,11517,True,False,False,False,False,True,False
1,1,30,1,1,0,0,0,1,1,1,1,101.5,2917.65,0,79,1,0,4828,25882,True,False,False,False,False,True,False
0,0,1,1,1,0,1,0,0,0,0,0,54.3,54.3,0,62,0,0,3259,29245,False,False,False,False,False,True,False
1,1,29,1,1,0,0,1,0,1,1,1,103.95,2964.8,0,69,1,1,3733,18539,True,False,False,False,False,True,False
0,1,23,1,1,1,1,1,1,1,1,1,91.1,2198.3,0,20,1,2,5991,36625,False,False,False,True,True,False,False
0,0,60,1,0,0,0,0,0,0,0,0,19.95,1189.9,0,49,0,2,5316,16996,False,True,False,True,False,False,True
0,1,72,1,1,0,0,0,0,0,0,0,26.45,1914.5,0,21,1,0,5534,26157,False,True,False,True,True,False,False
0,0,22,1,0,0,1,1,0,1,0,1,89.4,2001.5,1,39,0,0,5438,57146,True,False,False,False,False,True,False
0,0,72,1,0,1,1,1,1,1,0,1,75.1,5336.35,0,32,0,0,6284,45358,False,False,False,True,False,False,False
1,0,66,1,1,0,1,1,0,1,1,0,108.1,7238.6,0,72,0,0,4722,27453,True,False,True,False,False,False,False
0,1,72,1,1,0,1,1,1,1,1,1,110.15,7998.8,0,54,1,0,5065,39064,True,False,False,True,False,True,False
1,1,47,1,1,1,0,0,0,0,0,0,80.35,3825.85,1,73,1,0,5915,57775,True,False,False,False,False,True,False
0,0,51,1,1,0,1,1,1,1,1,1,111.5,5703.25,0,19,0,0,4363,76890,True,False,True,False,False,True,False
0,1,70,1,1,0,1,1,0,1,1,1,106.5,7397.0,0,47,1,1,6319,66754,True,False,True,False,False,True,False
0,0,9,1,0,0,0,0,0,0,0,1,19.9,164.6,0,28,0,0,3643,75319,False,True,True,False,False,True,False
0,1,59,1,1,1,1,0,1,1,1,1,111.1,6555.2,0,40,1,3,4952,34716,True,False,False,True,False,False,True
0,0,3,1,0,0,0,0,1,1,1,0,70.7,225.65,0,44,0,1,2584,33817,False,False,False,False,False,False,True
1,1,38,0,0,0,0,0,0,0,0,1,24.85,955.75,0,69,1,0,3511,17554,False,False,False,False,False,True,False
0,0,37,1,1,1,1,1,0,0,0,0,91.2,3382.3,0,52,0,0,5135,25068,True,False,False,False,False,False,False
0,0,37,1,0,1,1,1,1,0,0,0,65.6,2313.8,0,35,0,0,3183,51970,False,False,False,True,False,False,False
1,1,24,0,0,0,0,1,0,0,1,1,40.65,933.3,1,74,1,0,3843,30211,False,False,False,False,True,False,False
0,1,14,1,0,1,1,0,1,0,0,0,59.45,780.85,0,29,1,2,5723,62660,False,False,False,False,False,False,False
0,1,72,1,1,1,1,0,1,1,1,1,109.95,7852.4,0,58,1,0,6258,45645,True,False,False,True,True,False,False
0,1,53,0,0,0,1,1,1,1,1,1,60.45,3184.25,1,61,1,0,5650,23079,False,False,True,False,False,True,False
0,1,8,1,1,0,0,0,0,0,1,1,84.9,764.95,1,58,1,0,2656,12937,True,False,False,False,False,True,False
0,1,72,0,0,1,1,1,0,0,0,0,38.5,2763.0,0,25,1,3,4710,25135,False,False,False,True,True,False,False
1,1,17,1,1,0,0,0,0,1,1,1,92.55,1614.7,0,77,1,0,3689,24973,True,False,False,False,False,True,False
0,1,2,1,0,0,1,0,0,0,0,1,73.55,145.4,1,27,1,0,5799,84965,True,False,False,False,False,False,False
0,1,8,1,0,0,0,0,0,0,0,0,20.15,156.25,1,24,1,0,4785,53686,False,True,False,False,False,False,False
0,1,48,0,0,0,1,1,0,0,0,0,34.7,1604.5,1,31,1,0,5995,30802,False,False,True,False,False,False,True
0,0,10,1,1,0,0,0,0,0,0,1,24.5,270.15,0,51,0,0,5594,46342,False,True,False,False,False,False,True
0,1,0,1,0,0,0,0,0,0,0,1,19.7,0.0,0,38,1,2,4890,35530,False,True,True,False,False,False,True
0,0,1,1,0,0,0,0,0,0,0,0,20.6,20.6,0,55,0,0,5370,18980,False,True,False,False,False,False,True
0,0,29,1,0,1,0,1,1,0,0,0,58.0,1734.5,0,42,0,0,2810,33280,False,False,True,False,True,False,False
1,1,65,1,1,0,1,1,0,1,1,1,107.45,7047.5,0,65,1,3,6211,26933,True,False,True,False,False,True,False
0,0,8,1,1,1,1,1,0,0,0,1,65.5,573.15,0,37,0,0,3033,47,False,False,False,False,False,False,False
0,1,61,1,1,0,0,0,0,0,0,0,25.45,1538.6,0,48,1,0,6015,56280,False,True,False,True,False,False,False
1,0,45,1,1,0,0,1,0,1,1,1,100.15,4459.8,0,68,0,0,2636,54254,True,False,True,False,False,False,False
0,1,72,1,1,0,1,1,0,1,1,1,104.45,7459.0,0,35,1,1,4750,34447,True,False,True,False,True,False,False
0,1,12,1,0,0,0,0,0,0,0,1,21.15,306.05,0,50,1,2,5209,49474,False,True,False,False,False,True,False
0,0,7,1,1,0,0,0,0,1,1,0,96.2,639.7,0,22,0,0,4329,46532,True,False,False,False,False,True,False
0,0,9,1,0,0,0,0,0,0,0,1,44.4,348.15,0,19,0,0,5457,69974,False,False,False,False,False,False,True
1,1,43,1,1,0,0,1,1,1,1,1,107.55,4533.9,1,80,1,0,4423,46626,True,False,True,False,False,True,False
0,1,58,1,1,0,0,1,1,0,1,0,94.35,5563.65,0,54,1,2,4777,36057,True,False,False,True,False,False,False
1,1,16,1,1,0,0,1,0,1,1,1,98.75,1587.55,1,69,1,0,3392,61623,True,False,False,False,False,True,False
0,1,2,1,0,0,0,0,0,0,0,0,20.3,40.25,0,37,1,2,5113,33878,False,True,False,False,False,False,True
0,1,8,1,0,0,1,1,0,1,1,0,101.15,842.9,1,47,1,0,2750,46086,True,False,False,False,False,True,False
0,1,40,1,1,1,0,1,0,1,1,0,105.75,4228.55,0,24,1,0,4078,38041,True,False,True,False,False,False,False
0,0,9,1,1,1,0,0,0,0,0,1,81.15,784.45,0,43,0,0,4544,32718,True,False,False,False,False,True,False
0,0,41,1,0,0,1,0,1,1,0,1,89.55,3729.75,0,62,0,0,5549,23331,True,False,True,False,False,True,False
0,0,26,1,0,0,1,1,0,0,0,1,54.75,1406.9,0,27,0,0,4020,48827,False,False,False,False,True,False,False
0,1,33,1,0,0,1,0,1,0,0,1,53.75,1857.3,0,27,1,0,3160,45118,False,False,True,False,True,False,False
0,1,68,1,0,0,1,1,1,1,1,0,105.75,7322.5,0,56,1,2,4437,44099,True,False,True,False,True,False,False
1,1,65,1,0,0,1,1,1,1,1,1,105.85,6725.5,0,65,1,0,4872,30458,True,False,False,True,True,False,False
0,0,55,1,0,0,1,0,1,0,1,1,64.2,3627.3,0,47,0,0,5151,31622,False,False,True,False,False,True,False
0,0,20,1,1,0,0,1,0,1,0,1,88.7,1761.45,1,20,0,0,4115,46086,True,False,False,False,False,True,False
0,0,19,1,0,0,0,0,1,0,1,1,87.7,1725.95,0,49,0,0,4446,30635,True,False,True,False,True,False,False
0,0,45,1,1,0,0,1,0,0,1,1,89.3,4192.15,0,42,0,0,5470,16486,True,False,False,False,True,False,False
0,1,70,1,0,0,0,0,0,0,0,1,20.15,1411.2,0,32,1,1,5219,17389,False,True,False,True,True,False,False
0,0,2,1,0,0,0,0,0,1,0,1,79.75,164.5,1,44,0,0,5172,46086,True,False,False,False,False,True,False
0,0,27,1,1,0,0,0,0,1,1,1,94.55,2724.6,1,48,0,0,4464,46086,True,False,False,False,False,False,True
0,1,12,1,0,0,0,0,0,0,0,1,20.05,264.55,0,60,1,0,5453,74025,False,True,False,True,False,True,False
0,0,72,0,0,1,1,1,1,1,1,0,67.2,4671.7,0,20,0,3,5592,71126,False,False,False,True,True,False,False
0,0,12,1,1,0,0,0,0,1,1,0,94.55,1173.55,0,38,0,0,5674,12884,True,False,False,False,False,True,False
1,0,5,1,0,0,0,0,0,0,0,1,69.05,318.5,1,71,0,0,3368,46086,True,False,False,False,False,False,True
1,1,71,1,1,1,1,1,0,1,1,1,107.5,7713.55,0,68,1,0,5775,9278,True,False,False,False,False,True,False
1,0,35,1,0,0,0,1,1,1,1,1,73.0,2471.25,0,79,0,0,2715,1587,False,False,True,False,False,True,False
0,1,70,1,1,1,1,1,1,1,1,0,114.75,7842.3,0,54,1,3,5035,727,True,False,False,True,True,False,False
0,0,31,1,1,0,0,0,0,0,0,1,76.05,2227.8,0,30,0,0,2421,796,True,False,False,False,False,True,False
0,1,52,1,1,0,0,1,1,0,1,1,96.25,4990.25,1,63,1,0,4751,46086,True,False,False,True,False,False,False
1,0,37,1,1,0,0,1,0,1,1,1,101.1,3744.05,1,73,0,0,4424,46086,True,False,False,False,False,True,False
0,0,69,1,1,0,1,0,1,1,1,1,104.7,7220.35,1,52,0,0,6350,46086,True,False,True,False,False,False,False
1,1,30,1,1,0,0,0,0,0,0,0,77.9,2351.45,0,65,1,0,2009,44652,True,False,False,False,False,False,True
0,0,33,1,1,1,0,0,0,0,1,1,90.65,2989.6,0,26,0,0,4460,24005,True,False,False,False,False,True,False
1,1,54,1,1,0,1,1,1,1,1,1,110.45,6077.75,0,77,1,0,4425,24961,True,False,False,True,False,True,False
0,0,59,1,1,1,0,0,1,0,1,0,68.7,4070.95,0,62,0,0,4244,81,False,False,True,False,False,False,False
1,0,55,0,0,1,1,0,0,1,0,1,44.85,2479.05,0,77,0,0,5829,62355,False,False,False,False,False,True,False
1,1,69,0,0,0,0,1,0,0,0,1,29.8,2134.3,0,69,1,0,5681,1604,False,False,True,False,True,False,False
0,0,66,1,1,0,1,0,0,1,0,1,88.9,6000.1,0,33,0,0,5868,905,True,False,True,False,False,False,False
0,1,37,1,0,1,0,1,1,0,0,1,58.75,2203.1,0,28,1,3,3483,56100,False,False,True,False,False,False,True
1,1,9,1,0,0,0,0,0,0,0,0,19.85,183.15,0,79,1,0,5601,7863,False,True,True,False,True,False,False
0,1,69,1,1,1,0,1,1,1,1,0,86.9,6194.1,0,47,1,3,4667,91,False,False,False,True,False,False,False
0,0,10,1,0,0,1,0,0,1,0,1,59.65,638.95,0,36,0,0,2385,3849,False,False,False,False,False,False,True
0,0,40,1,0,1,1,0,0,0,0,1,55.25,2139.2,1,20,0,1,2810,46086,False,False,False,False,False,False,True
0,0,13,1,0,0,0,0,0,1,1,0,66.4,831.75,0,50,0,1,3660,10375,False,False,False,False,True,False,False
0,0,6,1,1,0,1,0,0,1,0,1,90.1,521.3,1,53,0,0,5656,46086,True,False,False,False,False,True,False
0,1,69,1,0,0,0,0,0,0,0,0,20.15,1337.5,0,64,1,3,4554,43161,False,True,False,True,False,False,False
1,1,66,1,1,0,1,1,1,1,1,1,108.1,7181.95,0,73,1,0,5360,13945,True,False,True,False,True,False,False
0,0,11,1,1,0,0,1,0,0,0,0,53.75,608.0,1,60,0,0,3407,46086,False,False,False,False,False,True,False
0,1,46,1,0,1,0,1,1,0,0,0,56.9,2560.1,0,52,1,2,4258,55277,False,False,True,False,False,False,True
0,0,6,1,0,0,0,0,0,1,1,0,89.3,577.6,1,43,0,0,5800,46086,True,False,False,False,False,True,False
0,1,56,1,1,1,0,1,1,1,1,1,109.6,5953.0,0,36,1,2,5012,47126,True,False,False,False,False,False,True
0,1,70,1,1,0,0,0,0,0,0,0,25.15,1790.15,0,28,1,3,5114,49281,False,True,False,True,True,False,False
0,1,33,1,1,0,0,1,1,1,1,1,79.15,2531.4,0,47,1,2,3555,43436,False,False,True,False,False,True,False
0,1,72,1,1,1,1,0,1,0,0,0,66.75,4760.3,0,56,1,3,6063,48690,False,False,False,True,True,False,False
0,1,3,1,1,0,0,0,0,1,1,1,95.2,292.85,1,21,1,0,4176,46086,True,False,False,False,False,True,False
0,0,19,1,0,0,0,0,1,0,0,0,48.8,953.65,0,59,0,2,3749,17944,False,False,False,False,False,False,True
1,0,5,0,0,0,0,0,0,1,1,0,45.7,198.0,1,79,0,0,3561,46086,False,False,False,False,False,True,False
0,1,71,1,0,0,1,1,1,1,1,1,80.7,5705.05,0,48,1,0,5617,42617,False,False,False,True,True,False,False
0,1,8,1,0,1,0,0,0,0,0,1,74.5,609.9,1,51,1,0,3683,46086,True,False,False,False,False,True,False
0,0,1,1,0,0,0,0,0,0,0,0,20.55,20.55,0,29,0,0,4801,98239,False,True,False,False,True,False,False
0,0,1,1,0,0,0,0,0,1,0,1,79.65,79.65,1,57,0,0,2119,46086,True,False,False,False,False,True,False
0,0,61,1,1,1,1,1,1,1,1,1,115.1,6993.65,0,58,0,0,4785,46893,True,False,True,False,False,False,True
0,1,71,0,0,1,1,0,1,1,1,0,59.7,4122.65,0,44,1,1,6420,1831,False,False,False,True,False,False,False
0,1,68,1,1,0,1,1,0,0,0,0,86.45,5762.95,0,48,1,0,4480,234,True,False,True,False,True,False,False
0,0,46,0,0,0,0,1,1,0,0,0,33.7,1537.85,0,35,0,0,3007,2615,False,False,True,False,True,False,False
0,0,33,1,1,1,0,0,0,0,0,0,80.1,2603.3,0,29,0,0,3957,47969,True,False,True,False,False,False,False
0,1,53,1,1,1,1,1,1,0,1,1,104.05,5566.4,0,64,1,1,4190,33104,True,False,False,True,False,False,False
1,1,50,1,1,1,1,1,0,1,1,0,108.75,5431.9,0,70,1,0,5211,339,True,False,False,False,False,False,False
0,0,57,0,0,1,0,1,1,0,0,1,41.1,2258.25,0,44,0,0,5281,7615,False,False,True,False,True,False,False
0,1,54,1,0,0,0,0,0,0,0,1,20.35,1092.35,0,48,1,4,5646,52664,False,True,False,True,False,False,False
1,1,60,1,1,0,1,1,0,1,1,1,105.9,6401.25,0,71,1,0,5084,1143,True,False,False,False,False,True,False
1,1,28,1,1,0,0,0,1,1,1,1,101.3,2812.2,1,67,1,0,4994,46086,True,False,False,False,True,False,False
0,1,1,1,0,0,0,0,0,1,0,1,80.05,80.05,1,53,1,0,2943,46086,True,False,False,False,False,False,True
0,1,29,1,1,0,0,1,0,0,1,1,89.2,2698.35,1,25,1,0,5292,46086,True,False,False,False,False,True,False
0,1,10,1,0,0,1,0,1,0,1,1,65.5,616.9,0,59,1,1,3137,14575,False,False,False,False,False,True,False
0,0,43,0,0,1,1,1,0,0,0,1,40.45,1912.85,0,41,0,2,3176,62036,False,False,False,False,False,True,False
1,1,13,1,0,0,0,0,0,0,0,0,70.45,849.1,0,78,1,0,5225,44692,True,False,False,False,False,False,False
0,1,43,1,0,1,0,1,1,1,1,1,78.8,3460.3,0,42,1,0,3972,1205,False,False,False,True,False,True,False
0,1,19,1,1,0,0,0,0,0,1,1,83.65,1465.75,1,59,1,0,3427,46086,True,False,False,False,False,True,False
0,1,1,1,0,0,0,0,0,1,1,1,90.1,90.1,0,20,1,3,4142,27505,True,False,False,False,False,True,False
0,0,69,1,0,1,0,1,1,1,1,1,82.45,5555.3,0,46,0,0,4631,47140,False,False,False,True,True,False,False
0,1,61,1,0,0,0,0,0,0,0,0,20.25,1278.8,0,64,1,0,5974,30202,False,True,False,True,True,False,False
0,1,43,1,1,1,1,0,1,0,0,0,66.25,2907.35,0,42,1,0,2168,47689,False,False,False,False,False,False,False
0,1,6,1,0,0,0,0,0,0,0,0,19.5,146.3,1,62,1,0,5579,46086,False,True,False,False,False,False,False
0,0,1,1,0,0,0,0,1,0,0,0,51.25,51.25,1,58,0,0,2180,46086,False,False,False,False,False,False,True
0,1,56,1,0,0,0,0,0,1,1,0,89.7,4952.95,0,43,1,0,5955,27959,True,False,False,False,False,False,True
0,1,70,0,0,1,1,1,1,1,1,0,64.55,4504.9,0,21,1,0,4858,11650,False,False,False,True,False,False,False
0,0,1,1,0,0,0,0,0,0,0,1,45.6,45.6,1,31,0,0,3037,46086,False,False,False,False,False,True,False
0,1,49,1,1,0,1,1,0,1,0,1,93.65,4520.15,0,27,1,2,5542,24169,True,False,True,False,False,True,False
0,0,6,1,0,0,0,0,1,0,0,1,49.65,267.35,1,49,0,0,4248,46828,False,False,False,False,False,False,False
0,1,32,1,0,1,1,1,1,0,1,0,73.6,2316.85,0,26,1,1,4343,47431,False,False,False,True,False,False,True
1,1,72,1,1,1,0,1,1,1,1,1,109.75,8075.35,0,73,1,0,6010,66838,True,False,False,True,False,False,True
0,0,37,1,0,1,1,0,1,0,0,0,61.45,2302.35,0,45,0,1,5447,56887,False,False,False,True,True,False,False
0,1,69,1,0,1,1,0,1,1,1,1,106.4,7251.9,0,59,1,0,4328,33083,True,False,True,False,True,False,False
0,1,26,1,0,0,1,1,1,1,1,0,81.9,2078.55,0,26,1,0,3350,51213,False,False,False,False,False,False,False
0,1,58,1,1,0,1,1,0,1,1,1,105.2,6225.4,0,61,1,3,4605,24093,True,False,True,False,True,False,False
0,0,24,1,1,0,0,0,1,0,0,0,54.6,1242.25,0,28,0,0,3398,21866,False,False,True,False,False,False,False
0,1,5,1,0,0,0,0,0,0,0,0,20.55,99.45,0,27,1,2,3629,25569,False,True,True,False,False,True,False
0,1,15,1,0,0,0,0,0,0,0,1,20.0,288.05,1,59,1,3,4672,4258,False,True,False,False,False,True,False
0,1,30,1,0,0,0,0,0,0,0,0,19.7,599.25,0,24,1,1,5045,34902,False,True,False,True,False,False,True
0,1,55,1,1,1,1,0,1,0,0,1,66.05,3462.1,0,41,1,0,5501,25232,False,False,True,False,True,False,False
0,1,25,0,0,0,0,0,0,1,0,1,34.0,853.0,1,19,1,0,5024,30206,False,False,False,False,False,False,False
1,1,10,1,0,0,1,1,1,1,0,1,92.5,934.1,1,72,1,0,2415,74232,True,False,False,False,False,False,True
0,1,44,0,0,1,1,1,1,0,1,1,54.05,2375.2,0,19,1,2,4896,20046,False,False,False,True,True,False,False
0,0,47,1,0,1,1,0,1,0,0,1,58.9,2813.05,0,55,0,0,5774,42733,False,False,True,False,False,False,True
0,1,13,1,0,0,0,0,0,1,1,0,88.35,1222.8,1,52,1,0,3740,74232,True,False,False,False,False,True,False
0,1,49,1,1,0,1,1,1,1,1,1,107.95,5293.2,1,38,1,0,5785,74232,True,False,False,True,False,False,False
0,1,64,1,0,1,0,0,1,1,1,1,96.9,6314.35,0,31,1,0,5369,29283,True,False,True,False,False,False,True
0,0,1,1,0,0,0,0,0,0,0,0,19.1,19.1,0,61,0,0,2091,36351,False,True,False,False,False,False,True
0,0,20,1,0,0,0,0,1,0,0,0,50.0,1003.05,0,38,0,0,5741,68776,False,False,False,False,False,False,True
0,1,37,0,0,1,0,0,1,1,0,0,45.4,1593.1,0,23,1,0,4051,28488,False,False,False,True,False,True,False
0,1,30,1,1,0,0,0,0,1,0,0,85.45,2509.95,0,63,1,2,3409,56307,True,False,False,False,False,True,False
0,0,38,1,1,1,1,1,0,1,1,0,84.1,3187.65,0,57,0,0,2604,2743,False,False,True,False,False,False,False
1,0,1,1,1,0,0,0,0,0,0,1,74.45,74.45,1,75,0,0,4291,74232,True,False,False,False,False,False,True
0,0,37,1,0,0,0,0,0,1,1,1,64.75,2345.2,1,26,0,0,5554,74232,False,False,False,False,False,True,False
0,1,52,0,0,1,1,1,1,1,1,0,66.25,3330.1,0,22,1,0,4275,25859,False,False,False,True,True,False,False
0,0,71,1,0,1,1,1,1,1,0,1,76.9,5522.7,0,20,0,3,4633,17721,False,False,False,True,True,False,False
0,0,26,1,0,0,1,1,0,1,0,0,89.8,2335.3,1,49,0,0,3452,74232,True,False,False,False,False,True,False
0,0,66,1,1,1,1,1,0,0,1,1,74.6,4798.4,0,56,0,0,4838,23394,False,False,False,True,True,False,False
0,1,72,1,1,1,1,1,1,1,1,1,116.95,8594.4,0,45,1,0,5949,2355,True,False,False,True,True,False,False
0,0,25,0,0,1,0,0,0,1,0,1,40.65,970.55,0,56,0,2,5079,27804,False,False,True,False,True,False,False
0,1,69,1,1,1,1,1,1,1,1,1,114.35,7665.8,0,24,1,3,6082,7857,True,False,False,True,False,False,False
0,1,53,1,1,1,1,0,0,0,1,0,69.7,3686.05,0,54,1,3,4975,43141,False,False,False,True,False,False,False
0,0,12,1,0,0,0,1,0,1,1,0,95.5,1115.15,1,61,0,0,3538,74232,True,False,True,False,False,False,True
0,0,26,1,0,0,0,1,1,1,1,1,98.65,2537.0,0,26,0,0,4191,964,True,False,False,False,False,True,False
0,0,21,1,0,0,0,1,0,0,1,0,61.65,1393.6,0,25,0,0,2926,22796,False,False,False,False,False,False,True
0,0,1,1,0,0,0,0,0,1,1,1,89.35,89.35,0,38,0,1,2432,5529,True,False,False,False,False,True,False
0,0,48,1,1,1,0,0,1,0,1,1,95.4,4445.3,0,28,0,0,4334,1564,True,False,False,False,False,True,False
0,1,26,0,0,1,0,1,0,0,0,0,35.4,978.6,0,24,1,0,2519,43712,False,False,True,False,True,False,False
0,1,60,1,0,0,0,0,0,0,0,0,19.95,1258.15,0,39,1,0,5971,3535,False,True,False,True,False,False,True
0,0,18,1,0,0,0,0,0,0,0,0,19.25,331.35,0,50,0,0,4769,8062,False,True,False,False,False,False,True
1,0,10,0,0,0,0,0,1,0,0,1,29.65,291.4,1,76,0,0,5702,74232,False,False,False,False,False,True,False
0,1,5,1,1,1,0,1,0,0,0,1,84.5,453.75,1,64,1,0,5141,74232,True,False,False,False,False,True,False
0,0,4,1,0,0,0,0,0,0,0,1,20.4,84.75,0,52,0,1,5602,23971,False,True,True,False,False,False,True
0,1,65,1,1,0,0,0,0,0,0,0,24.75,1715.1,0,52,1,2,6263,8768,False,True,False,True,True,False,False
0,1,70,1,1,0,0,0,0,0,0,0,25.35,1715.15,0,63,1,1,6059,3499,False,True,False,True,False,False,True
0,0,18,1,1,0,0,1,0,0,1,1,90.7,1597.25,1,26,0,0,2931,74232,True,False,False,False,True,False,False
0,0,62,1,0,0,0,0,0,0,0,0,20.0,1250.1,0,44,0,2,4402,732,False,True,False,True,False,False,False
0,1,66,1,0,1,0,0,0,1,0,1,59.75,3996.8,0,58,1,2,5979,471,False,False,False,True,False,True,False
0,1,65,1,1,1,1,0,1,1,1,1,82.5,5215.1,0,23,1,2,5314,29340,False,False,False,True,False,False,False
1,0,3,1,0,0,0,0,0,0,0,1,70.3,235.5,1,69,0,0,5165,74232,True,False,False,False,False,True,False
0,0,34,1,0,0,0,0,0,0,0,0,20.35,673.2,0,19,0,0,2864,18884,False,True,False,False,False,False,True
0,1,16,1,1,0,0,1,0,1,0,1,90.8,1442.2,0,49,1,2,5560,291,True,False,False,False,False,False,False
0,0,54,1,1,1,0,1,0,1,1,1,103.95,5639.05,1,20,0,0,6117,74232,True,False,True,False,False,False,False
1,0,50,1,1,0,0,1,1,1,1,1,104.95,5222.35,0,75,0,0,5570,354,True,False,False,False,False,True,False
0,1,71,1,0,0,1,1,1,1,1,1,105.25,7291.75,0,54,1,0,6319,12465,True,False,False,True,False,True,False
0,0,10,1,1,0,0,0,0,0,0,1,74.75,799.65,1,39,0,0,5578,74232,True,False,False,False,False,True,False
0,0,1,1,0,0,0,0,1,0,0,1,50.8,50.8,1,20,0,0,4535,74232,False,False,False,False,False,True,False
0,0,18,1,1,0,0,0,0,0,0,0,23.75,424.5,0,45,0,0,3076,799,False,True,True,False,False,False,True
0,0,4,1,0,0,0,0,1,1,0,1,61.3,249.4,0,54,0,0,5281,6242,False,False,False,False,False,True,False
0,1,58,1,1,1,0,1,1,1,0,0,75.8,4415.75,0,28,1,2,4292,48690,False,False,False,True,False,False,True
0,1,56,1,1,1,0,0,0,1,1,1,98.0,5270.6,0,33,1,0,4615,14104,True,False,True,False,False,True,False
0,0,2,1,0,0,0,0,0,1,0,1,80.25,144.55,1,42,0,0,5055,74232,True,False,False,False,False,True,False
0,1,32,1,1,0,0,1,0,0,0,1,78.9,2447.95,1,62,1,0,5949,74232,True,False,False,False,False,True,False
0,1,56,0,0,1,1,0,1,1,0,1,52.0,2884.9,0,24,1,2,5845,805,False,False,True,False,False,False,True
0,0,36,1,1,0,0,0,0,0,1,1,84.75,3050.15,1,22,0,0,5272,74232,True,False,False,False,False,True,False
0,0,4,1,1,0,0,0,1,1,0,1,64.4,253.0,0,58,0,0,3334,20486,False,False,False,False,False,False,True
0,0,53,1,1,0,0,0,0,1,0,0,85.45,4517.25,1,38,0,0,4753,74232,True,False,False,False,False,False,False
0,0,10,1,0,0,0,0,0,0,0,1,45.8,436.2,0,34,0,0,5586,18980,False,False,False,False,True,False,False
0,0,4,0,0,0,0,0,1,0,0,0,30.5,118.4,0,52,0,0,3030,42,False,False,False,False,False,True,False
0,1,1,1,0,0,0,0,0,0,0,0,19.9,19.9,1,46,1,1,5441,74232,False,True,False,False,False,False,True
0,1,51,1,0,0,0,0,0,0,0,0,69.15,3649.6,0,63,1,0,5187,42239,True,False,False,False,False,False,True
1,0,12,1,1,0,0,1,0,1,1,1,99.45,1200.15,1,76,0,0,2819,74232,True,False,False,False,False,True,False
0,0,6,0,0,0,0,0,1,1,1,1,49.25,255.6,0,29,0,0,2979,904,False,False,True,False,False,False,True
0,1,63,0,0,0,1,1,1,0,0,0,39.35,2395.05,0,45,1,2,5374,9465,False,False,False,True,False,False,False
0,0,1,1,0,0,0,0,0,0,0,1,70.6,70.6,1,48,0,0,4063,74232,True,False,False,False,False,True,False
0,1,48,1,1,0,1,0,1,1,1,1,105.1,5083.55,0,22,1,0,3109,11024,True,False,False,False,True,False,False
0,0,5,1,0,0,0,0,0,1,0,1,81.0,389.6,1,61,0,0,3718,74232,True,False,False,False,True,False,False
0,0,35,1,0,0,0,0,0,0,0,1,20.1,644.5,0,44,0,1,3726,5447,False,True,True,False,True,False,False
0,0,6,1,0,0,1,0,0,1,0,1,84.85,523.5,1,61,0,0,3420,74232,True,False,False,False,False,True,False
0,0,2,1,0,0,0,0,0,0,0,0,19.75,39.3,0,58,0,0,4064,7334,False,True,False,False,False,False,True
0,0,50,1,0,0,0,0,0,0,0,0,19.75,989.05,0,63,0,0,4934,455,False,True,True,False,False,False,False
0,0,33,1,0,0,0,0,0,0,0,1,70.4,2406.1,0,43,0,0,4860,52202,True,False,False,False,False,False,False
0,0,31,1,0,0,0,0,0,0,0,0,20.45,638.55,0,59,0,0,2598,10484,False,True,False,True,False,False,True
0,1,9,1,0,0,0,0,0,0,0,0,20.35,191.1,0,22,1,1,5352,678,False,True,False,True,False,False,True
0,1,54,1,1,0,1,1,1,1,1,1,86.2,4524.05,0,40,1,2,6275,443,False,False,False,False,False,True,False
0,0,46,1,0,1,1,1,0,1,0,1,95.65,4664.2,0,27,0,0,4727,115,True,False,True,False,True,False,False
0,0,34,1,1,1,1,0,0,1,1,1,103.8,3470.8,0,35,0,1,5382,414,True,False,True,False,False,True,False
0,1,71,1,1,1,0,0,0,1,1,1,97.2,6910.3,0,28,1,2,4603,82630,True,False,False,True,False,True,False
0,1,63,1,0,1,1,1,1,0,0,0,63.55,4014.2,0,62,1,2,5733,54586,False,False,False,True,False,False,True
0,0,51,1,1,0,0,0,0,0,0,0,24.95,1288.0,0,56,0,0,5458,29847,False,True,False,True,False,False,False
1,0,26,1,1,0,1,0,0,1,0,1,89.15,2277.65,1,68,0,0,4074,74232,True,False,False,False,False,True,False
0,1,64,1,0,1,0,1,0,1,1,1,99.0,6375.8,0,35,1,0,5483,958,True,False,False,True,False,False,False
1,1,1,0,0,0,0,0,0,0,0,1,24.8,24.8,1,77,1,0,5377,74232,False,False,False,False,False,True,False
1,1,61,1,1,0,1,0,1,0,0,1,85.55,5251.75,0,78,1,0,4845,4948,True,False,True,False,False,False,False
0,0,15,1,0,0,0,1,0,1,1,1,94.0,1505.45,0,54,0,0,4521,68515,True,False,False,False,True,False,False
0,0,64,1,1,0,1,0,1,1,1,1,105.65,6903.1,1,30,0,0,4870,74232,True,False,True,False,True,False,False
0,0,18,1,1,0,0,0,0,0,0,1,50.3,913.3,0,40,0,0,5877,1933,False,False,False,False,False,True,False
0,1,57,1,0,0,1,0,0,1,1,1,95.0,5535.8,0,35,1,2,6245,9793,True,False,True,False,False,True,False
0,1,14,1,0,1,1,0,0,0,1,1,61.4,815.55,0,20,1,1,3186,18068,False,False,False,True,False,False,False
1,0,18,1,1,0,1,0,0,0,0,1,80.55,1411.65,0,67,0,0,5137,5256,True,False,False,False,True,False,False
1,1,72,1,1,1,0,0,0,0,0,0,78.5,5602.25,0,66,1,0,6072,1090,True,False,False,True,False,False,False
0,1,70,1,1,1,1,1,1,1,1,0,114.3,8244.3,0,23,1,0,4280,7324,True,False,False,True,True,False,False
0,0,38,1,0,0,0,0,0,0,0,0,20.05,741.5,0,33,0,0,2295,5488,False,True,False,True,False,False,True
0,1,68,1,0,1,1,1,1,0,0,0,62.65,4375.8,0,38,1,1,5215,162,False,False,False,True,True,False,False
0,0,13,1,0,0,0,0,0,0,1,1,80.85,1008.7,1,40,0,0,5964,74232,True,False,False,False,False,True,False
1,1,65,1,1,1,1,0,0,1,0,1,92.7,5968.4,0,71,1,0,5205,909,True,False,False,True,True,False,False
0,0,30,1,1,0,0,1,0,1,1,0,100.45,3096.9,0,27,0,0,3936,12463,True,False,False,False,False,True,False
0,1,51,1,1,0,0,0,1,1,1,1,75.2,3901.25,0,39,1,0,4708,4280,False,False,False,True,False,False,False
0,0,31,1,1,1,0,1,0,0,0,1,84.75,2613.4,0,30,0,0,3727,31230,True,False,False,False,True,False,False
0,1,9,1,0,0,0,0,0,1,1,0,89.45,853.1,1,62,1,0,4971,74232,True,False,False,False,False,True,False
0,1,72,1,1,1,1,1,1,0,1,1,79.5,5661.7,0,35,1,1,4390,75882,False,False,False,True,False,False,False
0,0,10,1,1,0,0,0,0,1,1,1,72.15,794.25,1,49,0,0,2457,18518,False,False,False,False,True,False,False
0,0,37,1,0,0,0,0,0,0,0,1,19.8,695.05,0,62,0,0,5987,5395,False,True,True,False,False,True,False
0,0,2,1,0,0,0,1,1,1,1,0,76.4,160.8,1,39,0,0,3005,87,False,False,False,False,False,True,False
0,0,55,1,0,1,1,0,0,1,1,1,100.9,5552.05,0,19,0,0,5101,1834,True,False,True,False,False,False,True
0,0,33,1,1,1,0,1,0,0,1,1,95.3,3275.15,0,55,0,3,3087,42239,True,False,False,False,False,False,False
0,1,46,1,0,0,0,1,1,0,1,0,90.95,4236.6,0,23,1,3,5187,63235,True,False,True,False,False,False,False
0,0,1,1,0,1,0,0,1,0,0,0,54.5,54.5,0,63,0,3,4359,12083,False,False,False,False,False,True,False
1,0,20,1,1,0,0,0,0,0,1,1,61.6,1174.35,1,67,0,0,3866,4253,False,False,False,False,False,False,True
0,1,9,1,0,0,1,1,0,0,0,1,79.9,741.7,1,35,1,0,4748,1195,True,False,False,False,False,True,False
1,0,32,1,1,0,0,0,0,1,1,1,96.15,3019.25,1,67,0,0,2246,41575,True,False,False,False,True,False,False
0,1,19,1,0,0,0,1,0,0,0,1,49.6,962.9,0,43,1,1,5735,1779,False,False,False,False,False,False,False
0,1,70,1,1,1,0,1,1,0,0,0,65.3,4759.75,1,57,1,0,5591,53636,False,False,False,True,True,False,False
0,0,61,1,1,0,0,0,0,0,0,1,25.0,1498.35,0,62,0,1,4673,24644,False,True,False,True,True,False,False
0,0,26,1,0,0,0,0,0,0,0,0,45.45,1233.15,0,28,0,0,5451,49355,False,False,False,False,False,True,False
0,1,45,1,1,0,1,1,0,1,1,1,107.75,4882.8,0,50,1,0,3301,12149,True,False,False,False,False,False,False
0,1,62,1,1,0,0,1,0,1,0,1,89.1,5411.65,0,23,1,2,5995,44556,True,False,False,True,True,False,False
0,0,1,1,0,0,0,0,0,0,0,0,19.65,19.65,1,43,0,0,5717,23146,False,True,False,False,False,False,True
0,0,3,1,0,0,0,0,0,0,0,0,44.75,148.05,0,37,0,0,3422,18999,False,False,False,False,False,False,True
0,1,41,1,1,1,1,1,0,0,1,1,101.6,3930.55,0,21,1,1,3275,71678,True,False,True,False,False,False,False
0,1,67,1,0,0,1,1,1,1,1,0,103.15,6895.5,0,31,1,3,4376,46550,True,False,False,True,False,False,False
0,0,1,1,1,0,0,0,0,1,0,1,84.65,84.65,1,25,0,0,4261,38446,True,False,False,False,False,False,True
0,1,71,1,1,1,1,0,0,1,0,0,95.65,6856.95,0,53,1,0,5856,42425,True,False,True,False,False,False,True
0,1,37,1,0,1,1,0,0,1,1,0,75.1,2658.8,0,32,1,2,4131,48649,False,False,True,False,False,False,False
0,1,60,1,0,1,1,0,1,0,0,1,61.35,3766.2,0,45,1,0,6174,17147,False,False,False,True,False,False,True
1,1,1,1,0,0,0,0,0,0,0,1,69.55,69.55,1,76,1,0,5948,63999,True,False,False,False,False,True,False
0,0,6,1,0,0,0,0,0,0,0,0,19.7,129.55,0,50,0,0,5387,1005,False,True,False,False,True,False,False
0,0,13,0,0,0,1,0,0,0,0,1,31.05,347.25,1,46,0,0,5131,38519,False,False,False,False,False,True,False
0,1,11,1,0,1,0,0,0,0,0,0,51.0,581.7,0,42,1,3,5777,4546,False,False,False,False,False,False,False
0,0,7,1,0,1,0,0,0,0,0,1,51.0,354.05,1,56,0,0,3736,2433,False,False,False,False,False,False,True
0,1,10,1,0,0,0,0,0,1,1,1,88.85,929.45,0,45,1,3,4531,3745,True,False,False,False,False,True,False
0,1,34,1,0,0,0,0,0,0,0,0,20.05,679.0,0,44,1,0,2236,29687,False,True,False,True,True,False,False
0,0,62,1,0,1,0,0,1,0,1,1,65.1,3846.75,0,45,0,0,5172,39264,False,False,False,True,False,False,True
0,1,64,1,1,0,1,0,1,0,1,1,70.15,4480.7,0,24,1,0,5037,25694,False,False,True,False,False,False,True
0,1,1,1,0,0,0,0,0,0,0,1,44.35,44.35,1,27,1,3,4599,4283,False,False,False,False,False,False,False
0,0,25,1,0,0,0,0,0,0,0,1,20.75,499.4,0,29,0,0,5161,3588,False,True,False,True,False,False,True
0,0,26,1,0,0,1,1,0,0,0,1,56.05,1553.2,0,30,0,0,3079,22983,False,False,True,False,False,False,True
0,0,10,1,0,0,0,0,0,0,0,1,19.95,219.5,0,22,0,1,3044,61205,False,True,True,False,False,False,False
0,0,53,1,1,1,1,1,0,1,0,0,98.6,5311.85,0,52,0,0,4635,12743,True,False,True,False,False,False,True
0,0,7,1,0,0,0,0,0,1,0,1,79.7,586.05,1,31,0,0,3109,46214,True,False,False,False,False,True,False
0,0,33,1,0,0,1,1,0,0,0,1,79.0,2576.8,0,59,0,0,4396,1500,True,False,False,False,True,False,False
1,1,71,1,0,0,1,1,0,0,1,0,89.45,6435.25,0,74,1,0,6004,36149,True,False,False,True,True,False,False
0,0,29,1,1,0,0,0,0,0,0,1,74.2,1993.25,0,25,0,0,3982,18311,True,False,False,False,False,True,False
0,1,24,1,1,1,0,0,1,1,1,0,81.0,1923.85,0,51,1,3,3019,7344,False,False,False,False,False,False,False
0,1,20,1,0,0,0,1,0,0,0,1,49.6,939.8,0,63,1,1,3235,36817,False,False,False,False,False,True,False
0,0,1,1,1,0,0,0,0,1,0,1,84.6,84.6,0,44,0,0,2196,26357,True,False,False,False,False,True,False
0,0,54,1,1,0,1,0,0,0,0,1,55.0,3092.65,1,43,0,2,5282,4456,False,False,False,False,True,False,False
1,0,5,1,0,0,0,1,0,1,0,1,84.85,415.55,1,66,0,0,3305,21349,True,False,False,False,False,False,True
0,1,72,1,1,1,0,1,1,1,1,1,84.2,5986.55,0,45,1,3,5598,14068,False,False,False,True,False,False,False
0,1,52,1,0,1,1,1,1,1,1,1,106.3,5487.0,0,26,1,0,4969,8692,True,False,False,True,False,True,False
0,0,9,1,0,0,0,0,0,0,0,0,69.05,651.5,0,63,0,0,5121,18161,True,False,False,False,False,True,False
0,0,1,1,0,0,0,0,0,0,0,1,45.4,45.4,0,38,0,0,4916,13151,False,False,False,False,False,False,True
1,0,1,1,1,0,0,0,0,0,0,1,73.65,73.65,1,80,0,0,5443,3070,True,False,False,False,False,True,False
0,1,33,1,0,0,0,1,1,1,1,1,73.9,2405.05,1,33,1,0,5374,25655,False,False,True,False,False,False,True
0,1,55,1,1,0,0,1,0,0,0,1,77.75,4458.15,1,38,1,0,4398,46171,True,False,False,False,False,True,False
0,1,69,1,1,0,0,0,1,1,1,1,99.35,6856.45,0,55,1,1,4637,19368,True,False,False,True,False,True,False
0,0,1,1,0,1,0,0,0,0,0,1,50.75,50.75,0,37,0,0,2250,4093,False,False,False,False,False,False,True
0,0,54,1,1,1,0,1,1,1,1,0,87.1,4735.2,0,60,0,0,5418,2762,False,False,False,True,False,False,False
0,0,33,1,0,0,0,0,0,0,0,1,20.15,682.15,0,51,0,3,5759,27369,False,True,True,False,False,False,True
1,1,45,1,1,0,1,1,1,1,0,1,98.7,4525.8,0,71,1,0,2535,17621,True,False,True,False,False,False,False
0,0,11,0,0,0,0,0,0,0,0,0,25.2,321.05,0,49,0,1,5916,10936,False,False,False,False,False,True,False
0,0,6,1,0,1,1,0,0,0,0,1,55.7,335.65,0,22,0,0,2482,41062,False,False,False,False,False,False,False
0,0,21,1,0,1,0,1,0,1,0,0,65.35,1424.4,0,28,0,0,2887,22499,False,False,False,False,False,False,False
0,1,65,1,1,0,0,0,0,0,0,1,25.3,1748.55,0,25,1,3,4533,6301,False,True,False,True,False,False,False
1,1,6,1,1,0,0,0,0,0,1,1,84.35,474.9,1,78,1,0,5721,26419,True,False,False,False,False,True,False
0,0,8,1,0,1,0,0,0,1,0,0,84.95,668.4,1,35,0,0,4437,7465,True,False,False,False,False,True,False
0,0,11,1,0,0,0,0,1,0,0,1,73.85,926.25,1,40,0,0,3634,13422,True,False,False,False,False,True,False
0,1,43,1,1,0,0,0,0,0,0,0,24.25,1077.95,0,60,1,2,4432,48207,False,True,False,True,False,False,True
0,1,49,0,0,0,1,0,0,1,1,1,51.8,2541.25,1,57,1,0,5375,62069,False,False,True,False,False,False,False
1,1,1,1,0,0,0,0,0,0,0,0,46.0,46.0,1,69,1,0,4531,27730,False,False,False,False,False,True,False
1,0,15,1,0,0,0,0,0,0,1,1,79.4,1156.1,1,78,0,0,3621,59176,True,False,False,False,False,True,False
0,1,60,1,0,1,1,1,0,0,0,0,60.5,3694.45,0,37,1,2,6026,56517,False,False,False,True,False,False,False
0,0,17,0,0,0,0,0,0,0,0,0,25.1,382.8,0,48,0,0,4580,58764,False,False,False,False,True,False,False
1,1,16,1,0,0,0,0,0,0,0,1,71.8,1167.8,1,78,1,0,3327,42663,True,False,False,False,False,False,False
0,1,35,1,0,0,0,0,0,0,0,0,20.05,746.75,0,24,1,1,3942,32304,False,True,True,False,False,False,False
1,1,44,1,1,0,1,0,0,0,1,0,88.4,3912.9,1,68,1,0,2674,25206,True,False,True,False,False,False,True
0,1,12,0,0,0,0,0,1,0,0,0,30.25,368.85,0,48,1,1,5988,48273,False,False,True,False,True,False,False
0,0,1,1,0,0,0,0,0,0,0,0,20.2,20.2,0,63,0,0,4496,8660,False,True,False,False,False,False,True
0,0,28,1,0,1,1,0,1,0,0,1,59.9,1654.7,0,57,0,0,4131,41237,False,False,True,False,False,True,False
0,1,70,1,1,0,0,0,0,0,0,0,25.15,1940.85,0,61,1,0,4279,5597,False,True,False,True,False,False,False
0,0,5,1,0,0,0,0,0,0,0,0,46.0,221.7,1,56,0,1,4846,28687,False,False,False,False,False,False,True
0,0,18,1,0,0,1,1,0,1,1,0,101.3,1794.65,0,61,0,0,5948,4242,True,False,False,False,True,False,False
0,1,70,1,1,1,0,0,1,1,1,1,76.95,5289.8,0,46,1,0,6280,3124,False,False,False,True,True,False,False
0,1,9,1,1,0,1,0,0,0,0,1,55.3,501.2,0,51,1,3,4291,22133,False,False,False,False,False,False,True
1,0,67,1,0,1,1,0,1,1,0,1,92.45,6140.85,0,69,0,0,5857,34946,True,False,False,True,False,False,False
0,0,1,1,0,1,0,0,0,0,0,1,48.45,48.45,0,63,0,0,5838,15297,False,False,False,False,False,False,False
0,1,18,1,0,0,0,0,0,0,0,0,19.35,309.25,0,20,1,3,2269,34321,False,True,False,True,False,False,True
0,0,4,1,1,0,0,0,0,0,0,0,51.75,201.1,1,39,0,0,3865,1859,False,False,False,False,True,False,False
1,1,71,1,0,1,1,1,0,0,0,1,86.7,6179.35,0,76,1,2,4485,62103,True,False,True,False,False,False,False
0,1,30,1,1,1,1,0,0,1,0,1,94.4,2838.7,1,52,1,0,2792,32268,True,False,False,False,False,True,False
0,1,1,1,0,1,0,1,0,0,0,0,55.7,55.7,0,61,1,0,5664,88230,False,False,False,False,False,False,True
0,0,55,1,1,1,0,1,0,0,0,1,84.25,4589.85,0,19,0,0,5735,42193,True,False,True,False,True,False,False
0,0,59,1,0,0,0,1,1,1,0,1,64.65,3735.45,0,60,0,0,5687,46371,False,False,False,False,False,True,False
0,0,1,1,0,0,0,0,0,0,0,1,70.15,70.15,1,34,0,0,3208,46227,True,False,False,False,False,False,True
0,1,7,1,0,0,0,0,0,0,0,1,69.2,477.55,0,19,1,0,2551,350,True,False,False,False,False,False,False
0,1,45,1,0,1,0,0,1,0,0,0,54.65,2553.7,0,21,1,1,5083,58157,False,False,False,True,False,False,False
0,1,54,1,1,0,0,0,0,0,0,1,24.75,1342.15,0,40,1,2,6466,70011,False,True,True,False,False,False,False
0,1,51,1,1,0,0,0,0,0,0,1,23.95,1216.35,0,40,1,3,5895,91188,False,True,True,False,False,False,True
1,1,72,1,1,0,1,1,0,1,1,0,105.0,7578.05,0,78,1,0,6423,44117,True,False,True,False,True,False,False
0,1,44,1,0,1,1,0,1,0,0,1,59.85,2603.95,0,39,1,0,5981,37879,False,False,True,False,False,False,False
0,0,2,1,0,0,0,0,0,0,0,0,20.05,42.7,0,19,0,0,4394,62634,False,True,False,False,False,False,True
0,0,66,1,1,0,0,1,0,1,0,1,92.15,6056.9,0,49,0,0,4928,54548,True,False,True,False,False,False,False
0,1,68,0,0,1,1,0,0,1,0,0,44.8,2983.65,0,39,1,2,4112,55062,False,False,True,False,False,False,True
0,0,31,1,0,0,0,0,0,0,0,0,20.9,689.35,0,52,0,0,5581,17494,False,True,False,True,True,False,False
1,0,21,1,1,0,0,0,0,1,1,1,95.4,2025.1,0,77,0,0,5691,60553,True,False,False,False,False,False,False
0,0,21,1,1,1,0,0,0,0,0,0,80.35,1747.2,0,61,0,2,4579,45086,True,False,False,False,False,True,False
0,1,55,1,1,1,0,1,1,1,1,1,85.1,4657.95,0,37,1,3,5661,81333,False,False,False,True,False,False,False
0,0,9,0,0,0,0,0,0,1,0,1,34.7,296.1,1,43,0,0,5352,68802,False,False,False,False,True,False,False
1,1,71,1,1,1,1,1,1,1,1,1,115.05,8016.6,0,72,1,0,4438,34398,True,False,False,True,False,False,False
0,0,1,1,0,0,0,0,0,0,1,1,81.1,81.1,1,53,0,0,2075,36301,True,False,False,False,False,True,False
0,1,22,1,0,0,0,0,0,0,0,0,19.95,433.5,0,37,1,1,2233,19629,False,True,True,False,False,False,True
0,1,1,1,0,0,0,0,0,0,0,0,20.55,20.55,1,25,1,2,3797,34055,False,True,False,False,False,False,True
0,0,61,1,1,0,0,1,1,1,1,1,106.6,6428.4,1,39,0,0,4183,1408,True,False,False,True,False,True,False
0,1,67,1,1,0,1,1,1,1,1,0,86.15,5883.85,0,41,1,0,5037,34592,False,False,False,True,False,False,False
1,0,14,1,0,1,1,0,0,0,0,0,78.85,1043.8,0,76,0,0,5327,24502,True,False,False,False,False,True,False
0,1,59,1,1,1,1,1,1,1,0,1,106.75,6252.9,1,47,1,0,4508,46105,True,False,False,False,False,True,False
1,1,21,1,0,0,0,1,0,1,0,0,86.55,1857.25,0,71,1,0,5318,21157,True,False,False,False,False,False,False
0,0,4,0,0,1,1,0,1,0,0,0,42.4,146.4,0,50,0,0,4282,50641,False,False,False,False,False,False,True
0,0,3,1,0,0,0,0,0,1,1,1,89.45,240.45,1,56,0,0,3591,31428,True,False,False,False,False,True,False
0,1,70,1,1,0,0,0,0,0,0,0,24.25,1724.15,0,36,1,0,4118,43491,False,True,False,True,False,False,False
0,0,3,1,0,0,1,0,1,1,1,1,97.9,315.3,1,40,0,0,4330,23481,True,False,False,False,False,True,False
1,0,21,1,0,0,0,0,0,0,0,0,20.5,429.55,0,79,0,0,5766,15878,False,True,True,False,False,False,False
0,0,20,1,0,0,0,0,0,0,0,1,19.6,356.15,0,46,0,0,5909,22443,False,True,False,False,True,False,False
0,1,22,1,0,0,0,0,0,0,0,0,20.25,488.25,0,50,1,2,3339,5935,False,True,True,False,False,False,False
0,0,1,1,0,0,0,0,0,0,1,1,55.7,55.7,1,62,0,0,4629,18058,False,False,False,False,False,False,True
0,0,63,1,0,0,0,0,0,0,0,1,20.6,1298.7,0,25,0,0,6469,15396,False,True,False,True,False,False,True
0,1,70,1,0,0,0,0,0,0,0,0,19.8,1378.75,0,38,1,2,5169,40915,False,True,False,True,False,False,False
0,0,13,1,0,0,1,1,0,0,0,1,79.8,973.45,1,61,0,0,5067,23172,True,False,False,False,False,True,False
0,0,5,1,0,0,0,0,0,1,0,0,80.2,384.25,0,25,0,0,3391,37916,True,False,False,False,False,True,False
0,1,72,1,1,1,1,1,1,1,1,1,116.4,8543.25,0,61,1,2,6491,48170,True,False,False,True,True,False,False
0,0,13,0,0,0,1,0,0,0,0,1,31.65,389.95,0,27,0,0,4959,44875,False,False,False,False,False,True,False
0,1,61,1,0,0,1,1,1,0,1,0,94.15,5731.85,0,63,1,0,4806,16998,True,False,False,False,True,False,False
0,0,1,1,0,0,0,0,0,0,0,0,20.65,20.65,0,50,0,0,2729,21911,False,True,False,False,False,True,False
1,1,56,1,1,0,0,0,1,0,0,1,76.85,4275.75,0,72,1,0,6035,60294,True,False,False,False,False,False,False
0,0,4,1,0,0,0,0,0,0,0,0,20.15,84.5,0,35,0,0,5535,13188,False,True,False,False,False,False,True
0,0,35,1,1,1,0,0,0,0,0,0,55.25,1924.1,0,64,0,0,5498,39458,False,False,False,True,False,False,True
0,1,18,0,0,0,0,1,0,1,0,1,39.05,669.85,1,46,1,0,2601,20893,False,False,False,False,False,True,False
0,1,72,1,1,0,1,1,0,1,1,0,82.15,5784.3,0,62,1,0,4552,32899,False,False,False,True,False,False,False
1,0,49,1,1,1,1,1,1,0,1,0,103.0,5166.2,0,77,0,0,5023,46894,True,False,True,False,False,False,False
0,1,44,1,1,1,1,1,1,0,0,1,95.1,4060.55,0,46,1,0,2221,27381,True,False,False,False,True,False,False
1,1,3,1,0,0,0,0,1,1,0,1,83.9,267.4,1,75,1,0,3464,42853,True,False,False,False,False,False,True
0,1,37,1,1,0,1,1,0,0,1,1,95.15,3532.85,0,40,1,1,3407,24945,True,False,False,False,False,True,False
0,1,61,1,1,0,1,1,0,1,1,1,79.8,4914.8,0,36,1,0,6432,17409,False,False,True,False,False,True,False
0,1,70,1,1,1,0,1,1,0,1,1,74.8,5315.8,0,34,1,0,6447,16013,False,False,False,True,True,False,False
1,0,1,1,0,0,0,0,0,0,0,1,69.85,69.85,1,70,0,0,5056,32984,True,False,False,False,False,True,False
0,0,41,1,0,0,0,0,0,0,0,0,20.45,775.6,0,52,0,0,2839,6503,False,True,False,False,False,True,False
0,1,70,1,1,1,1,1,1,0,1,0,78.35,5445.95,0,25,1,1,4422,21633,False,False,True,False,False,False,False
0,0,1,1,0,0,0,0,0,1,0,1,53.55,53.55,1,61,0,0,2326,79736,False,False,False,False,False,False,True
0,0,51,1,0,0,0,0,0,0,0,0,19.1,1007.8,0,34,0,0,4120,77791,False,True,True,False,False,True,False
0,1,42,1,0,0,0,0,0,0,0,0,20.0,833.55,0,63,1,1,3413,25322,False,True,False,True,False,False,True
0,1,70,1,1,1,1,1,1,0,0,0,93.9,6579.05,1,38,1,0,6173,1459,True,False,False,True,False,False,False
0,0,48,1,0,0,0,0,0,0,0,0,19.95,1004.5,0,43,0,0,4254,25634,False,True,True,False,False,False,False
0,1,68,1,1,1,1,1,1,1,1,1,113.15,7856.0,1,48,1,0,4610,32511,True,False,False,True,False,True,False
0,0,48,1,1,0,0,0,0,0,0,0,24.0,1183.05,0,54,0,0,3948,49027,False,True,False,True,True,False,False
1,1,26,1,0,0,1,0,0,0,1,0,84.95,2169.75,1,65,1,0,4316,64802,True,False,False,False,False,True,False
0,1,11,1,1,0,1,0,0,0,0,1,80.5,896.9,1,42,1,0,5119,2966,True,False,False,False,False,False,False
0,0,1,1,0,0,0,0,0,0,0,1,19.3,19.3,1,61,0,0,4266,576,False,True,False,False,False,False,True
0,0,27,1,0,0,0,0,0,0,0,0,19.15,501.35,0,36,0,0,5606,31727,False,True,True,False,False,False,True
1,0,46,1,0,0,1,1,0,1,0,1,91.3,4126.35,0,65,0,0,3191,20893,True,False,True,False,False,False,False
0,0,1,1,0,0,0,1,0,0,0,1,49.65,49.65,1,60,0,0,5338,25771,False,False,False,False,False,False,True
0,0,46,1,0,0,0,1,1,0,0,0,54.35,2460.15,1,52,0,0,2793,12741,False,False,False,True,True,False,False
0,1,25,1,0,0,0,0,0,0,0,1,19.15,477.6,0,49,1,2,3829,10986,False,True,False,False,False,False,True
0,0,4,1,0,0,0,0,0,1,1,1,88.45,370.65,1,32,0,0,2456,15757,True,False,False,False,False,True,False
0,0,13,1,0,0,0,0,0,0,0,0,19.75,265.75,0,56,0,0,2016,16477,False,True,False,True,False,False,True
0,1,31,1,0,1,1,1,1,0,1,1,75.5,2424.45,0,41,1,0,5611,49975,False,False,True,False,True,False,False
0,1,23,1,1,0,0,0,0,1,0,1,83.75,1849.95,0,30,1,2,3585,1054,True,False,False,False,False,True,False
0,0,2,1,0,0,0,0,0,0,0,0,19.4,61.05,0,58,0,0,5816,2872,False,True,False,False,False,False,True
0,0,65,1,1,0,0,0,0,0,0,0,26.5,1698.55,0,42,0,0,4404,16206,False,True,False,True,False,False,False
1,0,22,1,1,0,0,0,1,1,0,1,90.5,1910.6,1,71,0,0,5014,14697,True,False,False,False,False,False,False
0,1,55,1,0,0,0,0,0,0,0,0,19.15,998.1,0,31,1,1,5390,1954,False,True,True,False,True,False,False
0,1,9,1,0,0,1,1,1,1,0,1,94.85,890.6,1,54,1,0,3016,2078,True,False,False,False,False,False,True
0,1,7,1,0,0,0,0,0,0,0,1,69.95,529.5,1,49,1,0,3296,226,True,False,False,False,False,False,False
0,1,35,0,0,0,0,0,1,1,0,0,40.9,1383.6,0,36,1,1,5691,191,False,False,True,False,False,False,True
0,0,6,1,0,1,0,1,1,1,1,1,80.25,493.4,0,50,0,0,2706,18036,False,False,False,True,False,False,True
0,0,1,1,0,1,0,0,0,0,0,1,48.6,48.6,1,22,0,0,4207,23506,False,False,False,False,True,False,False
0,0,17,1,0,0,0,0,0,0,0,1,70.8,1207.0,0,26,0,0,5420,37280,True,False,False,False,False,True,False
0,1,10,1,0,0,0,1,0,1,0,0,60.2,563.5,0,50,1,2,5318,823,False,False,False,False,False,False,True
0,0,15,1,0,0,0,1,1,0,0,0,55.2,864.55,0,62,0,2,3608,9318,False,False,True,False,True,False,False
1,0,40,0,0,1,1,0,0,1,1,1,55.8,2109.35,1,72,0,0,4272,13333,False,False,False,False,False,True,False
0,1,13,1,0,1,0,0,1,0,0,0,54.15,701.05,0,51,1,1,4977,1526,False,False,True,False,False,False,False
0,1,29,1,1,0,1,0,0,0,0,1,80.15,2265.25,1,29,1,0,5189,8644,True,False,False,False,False,False,False
0,0,3,1,1,0,0,0,0,0,0,1,75.5,220.6,1,30,0,0,5948,626,True,False,False,False,False,True,False
1,1,58,1,1,0,0,0,1,1,1,1,100.4,5749.8,0,72,1,0,4005,4498,True,False,False,False,False,False,False
0,0,45,1,0,1,1,0,1,0,0,1,62.55,2796.45,0,48,0,0,2935,296,False,False,True,False,True,False,False
0,1,72,1,1,1,1,1,1,0,0,1,70.45,5165.7,0,52,1,1,4463,53204,False,False,False,True,False,False,False
0,1,68,1,1,1,1,0,0,0,0,1,85.5,5696.6,0,27,1,1,4380,6918,True,False,True,False,False,False,False
0,0,1,1,0,0,0,0,0,0,0,1,20.2,20.2,1,28,0,0,5394,4517,False,True,False,False,False,False,False
0,1,38,1,0,1,1,0,0,0,0,0,54.5,2076.05,0,30,1,3,5499,1873,False,False,False,False,False,True,False
0,0,2,1,0,0,0,0,0,0,0,0,20.75,44.2,0,35,0,0,3976,1809,False,True,False,False,False,False,True
0,0,11,1,0,0,0,0,0,0,0,0,20.35,215.25,0,43,0,0,5597,5564,False,True,False,False,False,False,True
1,1,20,1,0,0,0,0,0,1,1,1,91.0,1859.5,0,65,1,0,3748,15364,True,False,True,False,False,False,False
0,1,72,1,1,0,1,1,0,1,1,1,104.8,7470.1,0,58,1,0,4165,2900,True,False,False,True,False,False,False
0,1,3,1,1,0,0,0,0,0,0,1,74.75,229.5,1,39,1,0,3972,1247,True,False,False,False,True,False,False
0,0,23,1,1,0,0,1,1,1,1,1,104.05,2470.1,1,49,0,0,5963,293,True,False,False,False,False,False,True
0,0,40,1,0,0,0,0,1,0,0,1,51.1,2092.9,0,26,0,0,3355,30419,False,False,False,False,False,True,False
1,1,62,1,1,0,1,0,0,0,1,1,89.8,5629.55,0,65,1,0,4981,15508,True,False,False,False,False,False,False
0,0,22,1,0,0,0,0,0,0,0,1,20.55,469.85,0,28,0,2,3169,2502,False,True,False,False,False,True,False
0,0,11,1,0,1,0,1,0,0,1,0,64.05,733.95,0,19,0,0,4171,10781,False,False,False,False,False,False,False
1,1,7,1,1,0,0,0,0,0,0,1,74.85,485.25,0,68,1,0,2259,302,True,False,False,False,False,True,False
0,0,13,1,1,1,1,0,0,1,0,1,96.65,1244.5,1,28,0,0,2110,46171,True,False,False,False,False,True,False
1,0,1,1,0,0,0,0,0,0,0,0,20.05,20.05,1,69,0,0,3491,798,False,True,False,False,False,False,True
0,0,39,1,1,0,1,1,0,1,1,1,103.45,3994.45,1,52,0,0,4811,46171,True,False,False,False,False,True,False
0,1,3,0,0,0,0,0,0,0,0,0,25.0,78.25,0,46,1,0,2730,4198,False,False,False,False,False,False,True
0,0,58,1,0,0,0,0,0,0,0,0,20.3,1131.5,0,58,0,0,4335,65566,False,True,False,True,True,False,False
0,0,6,1,1,0,0,0,0,0,0,0,26.35,184.05,0,21,0,3,2189,266,False,True,False,False,False,False,True
0,1,1,1,0,0,0,0,0,0,0,1,19.9,19.9,1,33,1,1,4633,2956,False,True,False,False,False,True,False
0,1,22,1,0,0,1,1,0,0,0,1,54.7,1178.75,0,60,1,0,5722,56,False,False,False,False,False,False,True
0,1,14,0,0,0,0,0,0,1,1,0,46.35,667.7,1,53,1,0,5360,15177,False,False,False,False,False,True,False
0,1,64,1,1,0,0,1,0,0,1,0,90.25,5629.15,0,57,1,2,4799,3546,True,False,True,False,True,False,False
0,0,1,1,0,0,0,0,0,0,0,0,19.95,19.95,1,62,0,0,2051,1729,False,True,False,False,False,True,False
0,0,6,1,0,0,0,0,0,0,0,0,20.65,109.3,0,33,0,0,3266,5689,False,True,False,False,False,False,True
0,0,1,1,0,0,0,0,0,0,1,0,79.6,79.6,1,40,0,0,2199,14937,True,False,False,False,False,True,False
0,0,39,1,1,0,0,0,0,0,0,0,25.45,958.45,0,45,0,2,5986,5868,False,True,True,False,False,False,False
0,0,20,1,0,0,0,0,0,0,0,0,19.5,403.15,0,38,0,0,4700,2318,False,True,True,False,False,False,True
0,0,1,1,0,0,0,0,1,0,0,1,75.9,75.9,1,23,0,0,3389,46171,True,False,False,False,False,True,False
0,1,1,1,0,0,0,1,0,0,0,0,76.2,76.2,1,53,1,0,5973,56101,True,False,False,False,False,True,False
0,1,64,1,1,1,0,0,0,1,0,1,66.15,4392.5,0,40,1,0,4703,236,False,False,True,False,True,False,False
0,0,1,1,0,0,0,0,0,0,0,0,19.25,19.25,1,35,0,7,5437,44741,False,True,False,False,False,False,True
0,1,46,1,0,0,1,0,0,1,1,1,69.1,3168.0,0,29,1,0,2333,22760,False,False,False,False,True,False,False
1,1,28,0,0,0,1,0,0,0,1,1,39.1,1096.6,0,76,1,3,2305,1935,False,False,True,False,False,True,False
0,1,33,1,0,0,0,0,0,0,0,0,20.05,669.45,0,34,1,0,5759,2515,False,True,False,False,False,False,True
0,1,39,1,0,1,1,1,0,0,0,0,59.8,2343.85,0,60,1,2,3093,8870,False,False,True,False,False,True,False
0,1,42,1,1,0,0,1,1,0,0,1,84.3,3588.4,1,58,1,0,2514,88,True,False,False,False,False,True,False
0,0,1,1,0,0,1,0,0,0,0,1,48.6,48.6,0,51,0,0,3704,36718,False,False,False,False,False,True,False
0,0,7,1,0,0,0,0,0,1,0,1,79.0,522.95,1,63,0,0,3735,30395,True,False,False,False,False,True,False
1,1,70,1,0,1,1,1,0,1,1,0,105.35,7511.9,0,70,1,0,5866,12963,True,False,False,True,True,False,False
0,0,65,1,1,0,0,0,0,0,0,1,25.1,1725.0,0,22,0,0,5449,44588,False,True,False,True,False,False,False
0,0,1,1,0,1,0,0,0,0,0,0,49.75,49.75,0,47,0,0,2908,35643,False,False,False,False,False,True,False
0,1,18,1,1,0,0,0,0,1,1,1,94.75,1691.9,0,42,1,0,4477,53481,True,False,False,False,False,True,False
0,1,24,1,1,0,0,0,0,1,1,1,93.0,2248.05,0,54,1,0,5886,59195,True,False,False,False,False,True,False
0,0,63,1,1,1,0,1,1,0,1,1,71.9,4479.2,0,20,0,0,5816,44915,False,False,False,True,False,False,False
0,0,44,1,1,0,1,0,0,1,1,1,77.55,3471.1,0,39,0,3,5044,58632,False,False,True,False,False,False,True
0,0,4,1,0,0,0,0,0,0,0,1,19.85,63.0,0,26,0,0,5918,20440,False,True,False,False,False,True,False
0,0,1,1,0,0,0,0,0,0,0,1,70.25,70.25,1,27,0,0,4133,40836,True,False,False,False,False,True,False
0,1,37,1,1,0,0,0,0,1,1,1,95.25,3314.15,0,43,1,2,2969,25126,True,False,False,False,False,True,False
1,0,10,1,0,0,0,1,0,0,1,1,84.6,865.55,1,70,0,0,3320,27047,True,False,False,False,True,False,False
0,0,34,0,0,0,0,0,0,0,0,1,25.05,852.7,0,59,0,0,3800,14859,False,False,False,False,False,False,False
0,1,35,0,0,1,0,1,0,1,1,0,53.15,1930.9,0,53,1,0,5638,31982,False,False,True,False,True,False,False
0,1,4,1,0,0,0,0,0,0,0,0,20.15,91.4,0,35,1,0,2198,24499,False,True,False,False,False,True,False
1,1,39,1,1,0,0,0,1,1,1,1,101.25,3949.15,0,73,1,0,3172,29539,True,False,False,False,False,True,False
1,1,43,1,0,0,1,1,0,1,1,1,100.55,4304.0,0,77,1,0,4499,812,True,False,True,False,False,False,False
0,1,17,1,1,0,0,0,0,0,0,0,24.1,409.9,1,31,1,2,4648,1363,False,True,False,False,False,False,True
0,1,61,1,1,0,0,0,0,0,0,0,25.3,1554.9,0,52,1,0,4501,4644,False,True,False,True,False,False,False
0,1,49,1,1,1,1,1,0,0,1,0,71.8,3472.05,0,47,1,0,6193,6526,False,False,True,False,False,True,False
0,0,4,1,0,0,0,0,0,0,0,0,19.7,117.8,0,49,0,0,5018,210,False,True,True,False,False,False,True
0,1,64,0,0,0,1,1,1,0,1,0,49.85,3210.35,0,28,1,3,5644,3220,False,False,False,True,False,True,False
0,0,3,1,0,0,0,0,0,0,0,1,69.6,207.4,0,43,0,0,5487,1203,True,False,False,False,False,False,True
0,1,1,1,0,0,0,0,0,0,0,0,19.75,19.75,0,31,1,2,3068,13106,False,True,False,False,False,True,False
0,1,40,1,0,0,1,1,0,0,0,0,80.8,3132.75,0,46,1,0,3387,5726,True,False,True,False,False,True,False
0,0,1,1,0,1,1,0,1,0,0,1,60.0,60.0,1,64,0,2,4531,51737,False,False,False,False,False,True,False
0,0,8,1,1,0,0,0,0,0,1,1,86.55,649.65,1,47,0,0,4193,6165,True,False,False,False,False,True,False
1,1,1,1,0,0,0,0,0,0,0,1,20.85,20.85,1,80,1,0,3817,1328,False,True,False,False,False,False,True
1,1,34,1,0,0,0,1,1,1,0,0,64.2,2106.3,0,74,1,0,2225,1317,False,False,True,False,False,False,False
0,1,1,0,0,0,0,0,0,0,1,0,35.0,35.0,0,33,1,0,4099,10909,False,False,False,False,False,True,False
0,0,39,0,0,0,0,1,0,1,1,1,50.75,2011.4,1,35,0,0,4119,15405,False,False,False,False,False,True,False
1,1,58,1,0,1,1,0,1,1,1,1,105.5,6205.5,1,73,1,0,5067,7435,True,False,True,False,True,False,False
0,1,45,1,0,0,0,0,0,0,0,0,19.2,903.7,0,21,1,1,3451,35586,False,True,False,True,False,True,False
1,0,6,1,0,1,0,0,0,1,0,1,85.15,503.6,1,73,0,0,5831,8564,True,False,False,False,False,False,False
0,0,43,1,0,1,1,1,1,0,0,1,90.65,3882.3,0,19,0,0,2496,670,True,False,True,False,True,False,False
0,1,41,1,0,0,0,0,0,0,0,1,20.0,879.8,0,24,1,1,5743,2666,False,True,False,True,False,False,True
0,0,5,1,0,0,1,0,0,0,0,1,74.65,383.65,0,58,0,0,3319,471,True,False,False,False,False,True,False
0,0,72,0,0,1,0,1,1,1,1,1,61.2,4390.25,0,43,0,0,4085,2687,False,False,False,True,True,False,False
0,0,4,1,0,0,0,0,0,0,0,0,19.95,68.2,0,47,0,0,2195,30540,False,True,True,False,False,False,True
0,1,9,1,0,0,1,0,1,0,0,0,54.8,452.8,0,43,1,2,2848,37364,False,False,False,False,False,False,True
1,1,72,1,1,0,0,1,0,1,1,1,73.45,5329.0,0,79,1,0,5540,43684,False,False,False,True,True,False,False
0,1,33,1,0,0,0,0,1,0,0,1,51.45,1758.9,0,42,1,0,4935,5710,False,False,True,False,False,False,True
0,1,72,1,1,1,0,0,0,0,0,0,80.45,5737.6,0,59,1,0,4202,1255,True,False,False,True,False,False,False
0,1,22,1,0,1,0,0,1,0,0,1,54.2,1152.7,1,48,1,0,5102,7958,False,False,False,False,False,True,False
0,1,70,1,1,0,1,1,1,1,1,1,109.5,7674.55,1,21,1,0,4191,7918,True,False,True,False,False,True,False
0,1,21,1,1,0,1,1,0,1,1,0,104.4,2157.95,1,45,1,0,3796,4882,True,False,False,False,False,True,False
0,0,15,1,0,0,0,1,0,1,0,0,85.3,1219.85,0,41,0,0,5559,8316,True,False,False,False,False,True,False
1,1,29,1,1,0,0,0,1,0,0,1,79.3,2414.55,0,69,1,0,3172,7831,True,False,False,False,False,True,False
0,1,15,1,0,0,1,1,1,1,1,0,76.5,1155.6,0,63,1,1,3851,340,False,False,False,False,False,False,False
1,1,71,1,1,1,1,0,0,1,1,1,105.1,7548.1,1,79,1,0,5725,1826,True,False,False,False,True,False,False
1,0,72,1,1,0,0,0,0,0,0,0,25.4,1809.35,0,80,0,0,6141,13309,False,True,False,True,False,False,False
0,1,19,1,1,0,0,0,0,1,0,1,86.85,1564.4,0,34,1,0,5072,2241,True,False,False,False,False,True,False
0,0,1,1,0,0,0,0,0,0,0,0,19.65,19.65,0,40,0,0,3192,826,False,True,False,False,False,False,True
0,0,1,1,0,0,1,0,0,0,0,1,75.7,75.7,1,39,0,0,4884,1022,True,False,False,False,False,True,False
0,0,2,1,0,0,0,0,0,0,0,0,45.55,84.4,0,26,0,0,4372,64,False,False,False,False,False,True,False
1,1,11,1,1,0,0,1,0,0,0,1,78.1,864.85,0,77,1,2,2333,7685,True,False,False,False,True,False,False
0,0,12,1,0,0,0,0,0,0,0,0,19.3,228.75,0,58,0,0,2868,734,False,True,True,False,False,False,True
0,1,70,1,1,0,1,1,1,1,1,1,110.5,7752.05,0,41,1,0,5979,46171,True,False,False,True,False,True,False
1,1,20,1,1,0,0,1,0,1,0,0,90.8,1951.0,1,79,1,0,2312,207,True,False,False,False,False,True,False
0,0,23,1,0,0,0,0,0,0,0,1,20.3,470.6,0,38,0,0,3630,618,False,True,False,False,False,False,False
1,0,49,1,1,1,1,1,1,0,1,0,81.35,4060.9,0,67,0,0,4537,71,False,False,False,True,True,False,False
0,1,4,1,1,0,1,0,0,1,1,1,97.95,384.5,1,21,1,0,2570,1436,True,False,False,False,False,True,False
0,0,32,1,1,1,1,0,1,1,1,1,108.15,3432.9,1,22,0,0,2541,2771,True,False,False,False,True,False,False
0,0,2,1,0,0,0,0,0,0,1,1,55.3,108.65,0,22,0,1,4594,35109,False,False,False,False,False,True,False
1,1,69,0,0,1,1,0,0,1,1,0,56.55,3952.65,0,79,1,0,4162,57794,False,False,False,True,True,False,False
0,0,6,1,0,0,0,0,0,1,0,1,80.5,463.05,1,45,0,0,2181,49309,True,False,False,False,True,False,False
0,1,24,1,0,0,0,0,0,0,0,1,19.7,494.05,0,43,1,3,3594,504,False,True,False,True,False,False,True
0,0,32,1,1,0,1,1,0,1,1,1,104.05,3416.85,0,44,0,0,2335,11198,True,False,True,False,True,False,False
0,0,27,1,0,1,1,0,0,0,0,0,52.85,1498.65,0,44,0,0,2842,1220,False,False,False,True,False,False,False
1,1,27,1,1,1,0,0,1,1,1,1,104.3,2867.75,1,73,1,0,3444,42239,True,False,False,False,False,False,False
0,0,58,1,1,0,0,0,1,0,0,0,80.65,4807.35,0,52,0,0,6043,8217,True,False,False,False,False,False,False
0,0,1,1,0,0,0,0,0,0,0,1,71.35,71.35,1,23,0,0,5730,318,True,False,False,False,False,False,True
0,1,18,1,1,0,0,0,0,0,0,1,24.65,471.35,0,22,1,3,5231,67232,False,True,False,True,True,False,False
0,1,47,1,0,0,0,0,0,0,0,1,21.3,1041.8,0,47,1,3,2861,34045,False,True,False,True,False,False,False
0,1,70,1,1,0,1,1,1,1,1,1,110.2,7689.8,0,26,1,3,4098,25370,True,False,False,True,False,True,False
0,0,13,1,1,0,1,1,1,0,0,0,89.4,1132.35,1,42,0,0,2226,1613,True,False,False,False,False,True,False
0,1,36,1,0,1,0,0,0,0,0,0,51.05,1815.0,0,32,1,2,2161,117,False,False,False,False,True,False,False
0,0,67,1,0,0,0,0,0,0,0,1,19.8,1311.3,0,31,0,0,4260,46171,False,True,False,True,False,False,True
0,0,10,1,0,0,0,0,0,0,0,1,19.9,199.45,0,56,0,0,5811,14931,False,True,False,False,False,False,True
1,0,19,1,0,1,0,0,0,0,1,1,87.3,1637.3,0,66,0,0,4447,25805,True,False,False,False,False,True,False
0,1,71,1,0,0,0,0,0,0,0,0,19.85,1326.35,0,43,1,2,6342,46171,False,True,False,True,False,False,False
0,1,72,1,1,1,1,1,1,1,1,1,89.4,6376.55,0,45,1,2,6044,413,False,False,False,True,False,False,True
0,1,48,1,0,0,0,0,0,0,0,0,20.0,935.9,0,19,1,3,2608,6787,False,True,False,True,False,False,True
0,0,1,1,0,0,0,0,0,0,0,0,20.05,20.05,0,56,0,0,2067,1968,False,True,False,False,False,False,True
0,1,18,1,0,1,0,1,1,1,1,0,83.25,1611.15,0,29,1,1,2065,3464,False,False,False,False,False,True,False
0,0,1,1,0,0,0,0,0,0,0,0,20.6,20.6,1,56,0,0,3618,273,False,True,False,False,False,False,True
1,1,67,1,1,0,1,0,1,1,1,0,102.9,6989.7,0,72,1,0,5869,613,True,False,False,True,False,False,False
0,1,69,0,0,1,0,1,1,0,0,0,39.1,2779.5,0,52,1,1,5987,273,False,False,False,True,False,False,True
0,0,19,1,1,0,1,0,0,1,1,1,99.95,1931.75,1,54,0,0,3670,807,True,False,False,False,False,True,False
1,1,72,1,1,1,1,1,1,1,1,1,114.5,8331.95,0,75,1,0,6051,1766,True,False,False,True,False,False,True
1,0,38,1,0,0,0,0,0,0,0,0,20.2,735.9,0,65,0,0,4947,5446,False,True,False,True,False,False,True
1,1,40,1,0,0,0,0,0,0,1,0,55.8,2283.3,0,71,1,0,3587,19391,False,False,True,False,False,True,False
0,1,61,1,1,0,0,0,0,0,0,1,24.2,1445.2,0,56,1,1,6201,46858,False,True,False,True,False,False,True
0,0,10,1,1,0,1,0,0,0,0,1,81.0,818.05,1,46,0,0,2946,33856,True,False,False,False,True,False,False
0,1,32,1,1,1,0,0,1,1,0,1,72.8,2333.05,0,26,1,0,3278,9395,False,False,True,False,True,False,False
0,0,21,1,1,0,1,0,0,1,1,1,99.85,1992.55,0,24,0,0,2113,5519,True,False,False,False,True,False,False
1,0,59,1,1,0,0,1,0,1,1,1,99.5,5890.0,0,70,0,0,5513,1965,True,False,True,False,False,True,False
1,1,13,1,0,0,0,0,0,0,0,1,70.15,916.75,1,77,1,0,5101,24206,True,False,False,False,False,True,False
0,0,47,1,0,0,0,0,0,0,0,0,20.25,1029.8,0,50,0,0,5134,9388,False,True,False,True,True,False,False
0,1,69,1,1,0,0,0,0,0,0,1,26.0,1796.55,0,63,1,2,4933,506,False,True,False,True,False,False,False
0,0,2,1,0,0,0,0,0,0,0,1,19.9,33.7,0,56,0,0,5824,9491,False,True,False,False,True,False,False
0,1,22,1,0,0,0,0,0,0,0,0,19.05,454.05,0,35,1,1,4312,77,False,True,False,False,False,False,False
1,1,15,1,1,1,0,1,0,1,0,1,96.5,1392.25,0,79,1,0,2394,1852,True,False,False,False,False,True,False
0,0,53,1,0,0,0,0,0,0,0,0,19.85,1049.6,0,62,0,0,6338,5635,False,True,False,True,True,False,False
1,1,28,1,1,0,0,0,0,0,0,0,25.7,734.6,0,79,1,0,3136,1125,False,True,False,False,False,False,True
0,0,22,1,0,0,0,0,0,0,0,0,20.3,475.1,0,42,0,0,4510,152,False,True,True,False,False,False,True
0,0,1,1,0,0,0,0,0,0,0,1,70.15,70.15,1,53,0,0,5773,93,True,False,False,False,False,False,True
1,1,16,1,0,0,0,1,1,0,1,1,91.55,1540.05,0,66,1,0,4045,14062,True,False,False,False,False,True,False
0,1,48,0,0,1,1,0,1,0,0,0,39.4,1978.65,0,29,1,3,5701,14088,False,False,False,True,False,False,True
1,1,30,1,1,1,1,1,1,1,0,1,105.7,3181.8,0,75,1,0,2455,52,True,False,False,False,False,False,False
0,0,3,1,0,0,0,0,0,0,0,1,70.25,229.7,0,33,0,0,2156,29124,True,False,False,False,False,True,False
1,0,57,1,1,1,0,0,1,0,1,0,93.75,5625.55,0,77,0,0,4276,28434,True,False,False,True,False,True,False
1,1,68,1,1,1,1,0,0,0,1,1,96.55,6581.9,1,68,1,0,5957,49247,True,False,True,False,True,False,False
0,1,23,1,0,0,0,0,1,1,0,0,60.0,1347.15,0,55,1,0,3835,48690,False,False,True,False,False,False,False
0,1,65,1,0,0,0,0,1,1,0,1,59.8,3808.2,0,46,1,0,6034,571,False,False,False,True,True,False,False
0,1,44,1,0,0,0,0,0,1,1,1,90.65,3974.15,0,30,1,0,3786,3376,True,False,True,False,False,False,False
0,1,71,1,1,1,1,1,0,1,1,1,109.0,7661.8,0,22,1,1,4204,8521,True,False,False,True,False,False,False
0,1,37,1,1,1,0,1,1,0,0,0,68.1,2479.25,0,64,1,0,2873,173,False,False,True,False,True,False,False
0,0,12,1,0,0,0,0,0,0,0,0,20.4,266.6,0,53,0,0,4497,8449,False,True,False,False,False,False,True
0,1,69,1,1,0,1,1,1,1,1,1,81.95,5601.4,0,20,1,2,6182,9780,False,False,False,True,False,False,False
0,0,35,1,0,1,1,1,0,0,0,0,60.55,1982.6,0,57,0,0,3463,12587,False,False,False,False,False,True,False
0,0,5,1,0,0,1,0,1,0,1,1,65.6,339.9,0,22,0,0,5636,3258,False,False,False,False,False,False,False
0,1,58,1,1,0,0,0,0,1,0,0,82.5,4828.05,0,40,1,2,4348,1314,True,False,False,True,False,False,False
0,1,72,1,1,1,1,1,1,0,1,1,82.3,5980.55,0,56,1,0,5219,265,False,False,False,True,False,False,False
0,1,72,1,1,1,1,1,1,0,0,0,68.15,4808.7,0,56,1,0,4613,972,False,False,False,True,False,False,True
0,0,1,1,0,0,0,0,0,0,0,0,20.3,20.3,0,48,0,0,2507,25923,False,True,False,False,True,False,False
0,0,39,1,0,1,0,1,1,1,0,1,95.55,3692.85,1,29,0,0,2767,5729,True,False,True,False,False,True,False
0,1,53,1,0,0,0,0,0,0,0,0,20.2,1068.15,0,38,1,3,6050,28991,False,True,True,False,True,False,False
0,0,27,1,0,0,0,1,1,0,1,1,89.2,2383.6,0,31,0,0,4384,4318,True,False,False,False,False,True,False
1,0,1,1,0,0,0,0,0,0,0,1,69.65,69.65,1,70,0,0,4741,26213,True,False,False,False,False,True,False
1,0,1,1,0,0,0,0,0,1,1,1,89.3,89.3,1,68,0,0,3067,642,True,False,False,False,False,True,False
0,1,18,1,0,1,0,0,0,0,0,0,74.8,1438.05,0,25,1,0,4809,343,True,False,False,False,False,True,False
0,1,46,1,0,0,0,0,0,0,0,1,20.2,917.45,0,54,1,1,3136,306,False,True,False,True,False,False,True
0,1,72,1,1,1,0,1,1,1,1,1,84.4,6096.45,0,38,1,0,5046,2633,False,False,False,True,True,False,False
0,0,36,1,0,0,0,1,1,0,1,1,87.55,3078.1,1,42,0,0,2558,1130,True,False,False,False,False,True,False
0,1,4,0,0,0,0,0,0,0,0,1,25.15,99.95,0,55,1,0,3891,327,False,False,False,False,False,True,False
0,0,25,1,0,0,0,0,0,0,0,0,19.8,475.2,0,42,0,0,3875,646,False,True,False,True,True,False,False
0,1,40,0,0,0,1,0,0,1,1,1,50.85,2036.55,0,27,1,3,2819,3146,False,False,False,False,False,True,False
0,1,63,1,1,0,1,1,0,1,1,1,102.4,6444.05,0,47,1,0,5096,13858,True,False,False,False,False,True,False
1,0,15,1,0,1,0,1,1,0,1,1,96.3,1426.75,1,76,0,0,2933,47999,True,False,False,False,False,False,True
0,0,14,1,1,0,1,0,0,0,0,1,55.5,767.55,0,54,0,0,3520,31180,False,False,False,False,True,False,False
1,1,72,1,1,0,1,1,1,1,1,1,109.75,7932.5,0,66,1,0,4265,26580,True,False,False,True,False,False,False
0,0,39,1,1,1,1,0,0,1,1,1,106.4,4040.65,0,55,0,0,4111,35451,True,False,False,False,False,True,False
0,1,47,0,0,1,1,1,0,1,1,1,60.0,2768.65,0,37,1,2,3248,35790,False,False,False,True,True,False,False
0,1,19,1,1,1,1,0,1,0,0,1,88.8,1672.35,0,42,1,0,4600,29337,True,False,False,False,True,False,False
0,0,5,1,1,0,0,0,0,1,0,1,85.2,474.8,1,26,0,0,4109,33878,True,False,False,False,False,True,False
0,0,13,0,0,0,0,0,0,0,1,1,35.1,446.1,1,28,0,0,3104,45087,False,False,False,False,False,True,False
0,0,17,1,1,0,0,1,0,0,0,0,80.05,1345.65,0,62,0,0,3443,6848,True,False,False,False,False,False,False
1,1,34,1,1,0,0,0,0,0,0,1,75.55,2425.4,0,66,1,0,5381,60889,True,False,False,False,False,True,False
0,0,42,1,0,0,1,0,0,0,0,1,49.55,2077.95,0,40,0,0,3637,21010,False,False,False,False,False,True,False
0,1,5,1,1,0,1,0,0,0,0,1,81.3,416.3,1,33,1,0,3819,39148,True,False,False,False,False,True,False
0,1,71,1,1,0,0,0,0,0,0,0,23.9,1663.5,0,25,1,2,5471,54701,False,True,False,True,True,False,False
1,1,19,1,0,1,0,1,0,1,0,0,66.4,1286.05,0,71,1,0,4533,16346,False,False,False,False,False,False,False
0,0,2,1,0,0,0,0,0,0,0,1,19.6,35.85,1,31,0,5,2843,35739,False,True,False,False,False,True,False
0,0,57,1,0,0,0,0,0,0,0,0,18.8,1094.35,0,45,0,0,6466,58548,False,True,False,True,True,False,False
0,1,72,1,1,0,1,1,1,1,1,1,108.4,7719.5,0,29,1,0,4394,53946,True,False,False,True,False,True,False
0,0,6,1,0,0,1,0,0,0,1,1,85.95,514.6,0,28,0,0,3291,22292,True,False,False,False,False,False,True
0,1,17,1,1,0,0,0,0,0,1,1,85.45,1451.6,1,29,1,0,3670,13027,True,False,False,False,False,True,False
0,1,61,1,1,0,1,1,0,1,1,0,80.9,4932.5,0,29,1,0,4161,48690,False,False,False,True,False,False,False
0,1,1,1,0,0,0,0,0,0,0,1,71.0,71.0,1,57,1,0,4207,2966,True,False,False,False,False,True,False
0,1,48,1,1,1,1,1,1,1,1,0,111.8,5443.65,0,49,1,2,3922,13121,True,False,False,True,True,False,False
0,0,16,1,0,0,0,0,0,0,0,1,20.6,330.25,0,36,0,0,5667,6691,False,True,False,False,True,False,False
1,0,9,1,1,0,0,0,0,0,1,1,85.05,746.5,1,68,0,0,5095,1140,True,False,False,False,False,True,False
0,0,3,1,0,0,0,0,0,0,0,0,44.6,122.7,0,62,0,0,3122,9023,False,False,False,False,False,True,False
0,0,1,1,0,0,0,0,0,0,0,1,44.4,44.4,1,29,0,3,4067,14204,False,False,False,False,False,True,False
0,0,65,1,1,0,1,1,0,1,1,0,105.1,6631.85,0,47,0,0,5649,254,True,False,False,True,True,False,False
0,1,70,1,1,1,1,1,1,1,1,1,115.15,8250.0,0,45,1,3,4388,14477,True,False,False,True,True,False,False
0,1,60,1,0,1,0,0,0,1,0,1,59.8,3561.15,0,39,1,0,5488,538,False,False,True,False,False,False,True
0,1,69,1,1,0,0,0,0,0,0,1,26.3,1763.55,0,23,1,0,5418,21759,False,True,True,False,False,True,False
1,0,35,1,0,0,0,0,0,0,0,0,70.55,2419.0,0,65,0,0,5873,32857,True,False,False,False,False,True,False
0,0,22,1,0,0,0,0,0,0,0,1,20.05,470.2,0,43,0,0,5555,15449,False,True,False,False,False,False,True
0,1,66,1,1,0,1,1,0,1,1,0,79.85,5234.95,0,25,1,1,6236,4602,False,False,False,True,False,False,False
1,1,1,1,0,0,0,0,0,0,0,1,70.3,70.3,1,80,1,0,4962,521,True,False,False,False,False,True,False
0,1,1,1,0,0,0,0,0,1,0,1,79.35,79.35,1,30,1,0,3492,38244,True,False,False,False,False,False,False
0,1,34,1,1,0,0,1,0,0,1,1,90.05,3097.0,0,61,1,3,4648,13003,True,False,False,False,True,False,False
0,1,72,1,1,0,0,0,0,0,0,0,24.45,1709.1,0,36,1,1,5335,407,False,True,False,True,False,False,False
0,1,31,0,0,1,0,1,1,1,1,0,59.95,1848.8,0,64,1,2,4337,25566,False,False,True,False,False,True,False
0,0,30,1,1,0,0,0,0,0,0,0,25.35,723.3,0,61,0,2,5915,3635,False,True,True,False,False,False,False
0,0,9,1,0,0,0,0,0,1,1,1,90.8,809.75,1,53,0,0,2578,40346,True,False,False,False,False,False,False
0,1,20,1,0,0,0,0,0,0,0,1,70.45,1470.95,1,47,1,0,4773,47453,True,False,False,False,False,True,False
1,1,19,0,0,0,1,1,0,0,0,1,34.3,577.15,0,65,1,0,4615,63337,False,False,False,False,True,False,False
0,1,65,1,1,1,0,1,0,1,1,1,105.05,6914.95,0,35,1,0,5313,17929,True,False,False,False,False,True,False
0,1,30,1,0,0,0,0,0,0,0,0,19.3,602.9,0,49,1,1,4453,1622,False,True,False,True,False,False,True
0,0,6,1,0,0,0,0,0,0,0,0,19.15,124.4,0,33,0,0,5322,148,False,True,True,False,False,False,True
0,0,2,0,0,0,1,0,0,1,1,0,51.4,96.8,0,53,0,0,2580,18486,False,False,False,False,False,True,False
0,1,53,1,1,1,0,0,1,0,1,0,71.85,3827.9,0,61,1,3,4903,21496,False,False,False,False,False,True,False
1,1,7,1,1,0,0,0,0,0,0,1,75.4,533.05,0,80,1,0,3533,39062,True,False,False,False,False,True,False
0,1,61,1,0,1,0,0,0,0,0,1,49.7,2961.4,0,34,1,2,4577,6876,False,False,True,False,False,False,False
1,0,70,0,0,0,0,0,0,1,1,1,45.25,3264.45,1,79,0,0,5824,6601,False,False,True,False,False,True,False
0,0,13,1,1,1,0,1,0,1,1,1,78.75,995.35,0,34,0,0,5631,20350,False,False,False,False,False,True,False
1,1,35,1,1,0,0,1,0,0,0,1,81.6,2815.25,0,76,1,0,2300,2346,True,False,True,False,False,False,False
0,1,2,1,0,0,0,0,0,0,0,1,70.4,154.8,0,61,1,0,5748,3064,True,False,False,False,True,False,False
0,0,3,1,1,0,0,0,0,0,0,1,75.8,246.3,1,63,0,0,5475,32143,True,False,False,False,False,True,False
0,0,3,1,1,0,0,0,0,0,0,0,76.1,257.6,0,50,0,0,2650,13483,True,False,False,False,False,True,False
0,0,62,1,1,0,0,0,0,1,1,1,94.0,5757.2,0,42,0,0,4778,27822,True,False,True,False,False,False,False
0,1,72,1,1,1,1,1,1,0,1,0,103.95,7517.7,0,26,1,2,4495,38885,True,False,False,True,True,False,False
0,1,63,1,0,0,0,0,0,0,0,1,19.95,1234.8,0,56,1,0,5151,2055,False,True,False,True,False,False,False
1,0,20,1,0,0,0,0,0,0,0,0,71.3,1389.2,1,78,0,0,3684,35737,True,False,False,False,True,False,False
1,0,35,1,1,1,1,1,1,1,1,1,110.8,3836.3,0,74,0,0,2125,25569,True,False,True,False,False,False,False
1,1,21,1,0,0,0,0,0,0,0,1,69.1,1474.75,1,76,1,0,3853,32368,True,False,False,False,False,True,False
0,1,62,1,1,1,1,0,0,0,1,0,96.1,6001.45,0,19,1,0,6139,10658,True,False,True,False,False,True,False
0,0,15,1,1,0,0,0,0,0,0,1,48.8,720.1,0,34,0,0,2577,39566,False,False,False,False,False,False,True
0,0,55,1,0,1,0,0,0,0,0,1,50.55,2832.75,0,38,0,0,6250,28098,False,False,False,False,True,False,False
0,0,11,1,0,0,0,0,0,0,0,1,44.65,472.25,0,59,0,0,4492,291,False,False,False,False,False,False,True
0,1,17,1,1,0,0,1,0,1,0,0,88.25,1460.65,1,31,1,0,4041,60599,True,False,False,False,False,True,False
0,0,61,1,0,0,0,0,0,0,0,0,19.45,1336.35,0,24,0,0,4559,64010,False,True,True,False,False,False,False
0,1,71,1,1,1,1,1,1,1,1,0,89.3,6388.65,0,38,1,0,4658,50070,False,False,False,True,True,False,False
0,0,2,1,0,0,0,0,0,0,0,0,70.0,153.05,1,31,0,0,2928,16985,True,False,False,False,False,False,False
0,0,35,1,0,0,0,0,0,0,0,0,19.25,677.9,0,33,0,0,2682,28998,False,True,False,True,False,False,True
0,0,17,1,0,0,0,0,0,0,0,0,70.5,1165.6,0,53,0,0,3650,23036,True,False,False,False,False,False,False
0,0,21,1,1,0,0,0,0,1,1,1,97.35,2119.5,1,63,0,0,4321,384,True,False,False,False,False,True,False
0,1,47,1,0,0,0,0,0,0,0,0,19.65,921.55,0,21,1,0,4159,2066,False,True,False,True,False,False,False
0,1,3,1,0,0,0,0,0,0,0,0,20.85,72.0,0,35,1,0,5867,17372,False,True,False,False,False,False,True
0,0,3,1,0,0,0,0,0,0,0,1,19.65,68.35,0,46,0,0,4852,13723,False,True,False,False,False,False,True
1,1,44,1,0,0,0,0,0,0,0,1,19.35,847.25,0,74,1,0,4975,56330,False,True,False,True,True,False,False
0,0,1,1,0,0,0,0,0,0,0,1,44.0,44.0,0,51,0,0,4138,74641,False,False,False,False,False,False,True
0,1,44,1,1,0,1,1,0,0,1,0,94.4,4295.35,0,40,1,2,5019,3337,True,False,True,False,False,True,False
0,1,5,1,1,0,0,0,0,0,0,1,25.9,135.0,1,34,1,1,2102,73117,False,True,False,False,False,False,False
0,0,24,1,1,1,0,0,0,0,0,1,55.65,1400.55,1,43,0,0,4126,30587,False,False,False,False,False,False,False
0,0,1,1,0,0,0,0,0,0,0,1,69.65,69.65,1,52,0,0,2418,33122,True,False,False,False,False,True,False
0,0,18,1,0,1,0,0,0,0,0,1,75.4,1380.4,0,44,0,0,4792,42959,True,False,False,False,False,True,False
0,0,10,1,1,0,0,1,0,1,1,1,100.6,1060.2,1,41,0,0,4001,38756,True,False,False,False,False,True,False
0,1,65,1,0,1,1,1,0,0,1,0,71.0,4386.2,0,25,1,0,6308,38955,False,False,False,True,False,False,False
1,0,1,1,0,0,1,0,0,0,1,1,86.0,86.0,1,65,0,0,5359,42476,True,False,False,False,False,True,False
0,0,53,1,1,1,0,1,0,1,1,1,106.95,5785.5,1,44,0,0,5550,55504,True,False,True,False,True,False,False
0,0,3,1,0,0,0,0,0,0,0,0,21.2,52.05,0,40,0,0,2088,22920,False,True,True,False,False,False,True
0,1,33,1,0,1,1,0,1,0,0,1,61.05,2018.4,0,19,1,0,3215,33177,False,False,False,True,False,False,True
0,0,3,0,0,0,1,0,0,0,0,1,29.6,79.45,1,46,0,0,2734,20643,False,False,False,False,False,True,False
0,0,34,1,0,1,0,1,1,1,1,1,79.95,2727.3,0,40,0,0,3570,2240,False,False,True,False,False,False,False
0,1,14,1,0,0,0,0,0,0,0,1,19.7,263.65,0,40,1,1,2966,1458,False,True,False,True,False,False,True
0,0,13,1,0,0,0,0,0,0,0,1,20.3,275.4,0,27,0,0,5332,27906,False,True,False,False,False,False,True
1,1,46,0,0,0,1,1,1,1,1,1,59.9,2816.65,1,80,1,0,4011,26297,False,False,True,False,False,False,False
0,1,23,1,1,0,0,0,0,0,0,0,24.35,538.5,0,22,1,3,4031,26831,False,True,True,False,False,False,True
0,1,47,1,0,0,0,0,0,0,0,0,19.75,948.9,0,33,1,3,3843,40137,False,True,False,True,False,False,True
0,0,17,1,0,1,0,0,0,0,0,1,50.3,846.8,0,35,0,3,3202,16198,False,False,False,False,False,False,True
0,1,49,1,1,0,0,0,0,1,1,1,95.6,4783.5,1,53,1,0,5732,45499,True,False,False,False,False,True,False
1,1,59,0,0,0,1,0,0,1,1,1,50.25,2997.45,0,65,1,0,5546,1723,False,False,False,False,False,True,False
0,0,69,1,1,1,0,1,1,1,1,1,85.35,5897.4,0,42,0,0,6499,13386,False,False,False,True,True,False,False
0,0,11,0,0,0,0,1,0,1,0,1,41.6,470.6,1,39,0,0,3119,24492,False,False,True,False,False,True,False
0,0,10,1,0,1,0,0,0,0,0,1,51.65,524.5,0,38,0,0,4292,32488,False,False,False,False,False,False,True
0,1,12,1,1,0,0,0,0,0,0,1,24.0,269.65,0,56,1,1,3705,23393,False,True,False,True,False,False,False
0,0,45,1,1,0,1,0,0,1,1,1,100.85,4740.0,1,34,0,0,4898,37926,True,False,False,False,True,False,False
0,1,39,1,0,0,0,1,0,1,0,1,59.85,2341.5,0,32,1,2,3900,31882,False,False,False,False,False,False,True
1,1,71,1,1,0,0,0,0,0,0,0,25.45,1789.65,0,80,1,0,5341,58555,False,True,False,True,True,False,False
0,1,71,1,1,0,0,0,0,0,0,0,23.9,1626.4,0,39,1,1,5574,13996,False,True,False,True,True,False,False
0,1,33,1,1,0,0,0,0,0,0,0,24.15,800.3,0,22,1,1,4501,19777,False,True,True,False,True,False,False
1,0,67,1,1,0,0,0,0,0,0,1,75.7,5060.85,0,75,0,0,5823,15187,True,False,False,False,False,False,True
0,1,37,0,0,1,1,1,0,0,0,0,40.2,1448.8,1,52,1,1,3627,3641,False,False,False,False,False,False,False
0,1,49,1,1,0,0,0,0,1,0,0,84.5,4254.85,1,55,1,0,4639,90891,True,False,False,False,False,True,False
0,1,9,1,0,0,1,0,0,0,0,0,50.85,466.6,0,19,1,0,4623,25578,False,False,False,False,False,False,True
0,1,52,1,1,1,0,1,1,0,0,1,91.6,4627.8,0,61,1,0,6069,2379,True,False,False,True,True,False,False
0,0,70,1,1,0,1,0,0,1,1,0,98.9,6838.6,0,25,0,0,5980,138,True,False,True,False,False,True,False
0,0,1,1,0,0,1,0,0,0,1,1,85.0,85.0,0,60,0,0,5754,26577,True,False,False,False,False,True,False
1,0,14,1,1,0,1,0,0,0,0,1,78.95,1101.85,1,65,0,0,5203,10153,True,False,False,False,False,True,False
0,0,1,1,0,0,0,0,0,0,0,1,44.3,44.3,0,54,0,0,4427,7384,False,False,False,False,False,False,True
0,0,1,1,0,0,0,0,0,0,0,0,20.2,20.2,1,45,0,0,5418,14239,False,True,False,False,False,False,True
0,0,52,1,1,0,1,0,0,0,0,1,80.2,4297.6,0,43,0,0,5597,27394,True,False,True,False,False,False,True
0,0,6,1,0,0,0,1,0,1,0,0,60.9,414.1,0,29,0,0,2191,18650,False,False,False,False,False,False,True
0,1,7,0,0,1,1,0,0,0,0,0,34.2,256.6,0,47,1,0,5100,36186,False,False,False,False,False,False,True
1,0,47,1,1,0,1,1,0,0,0,1,85.2,3969.35,1,78,0,0,4661,39888,True,False,False,False,False,False,False
0,0,26,1,0,1,0,1,1,0,0,1,87.15,2274.1,0,19,0,0,5689,32685,True,False,True,False,True,False,False
0,1,25,1,0,1,0,0,1,0,0,0,54.3,1296.8,0,34,1,1,3971,3193,False,False,False,False,False,True,False
0,0,69,1,0,0,0,0,0,0,0,1,19.1,1268.85,0,19,0,0,4535,32873,False,True,False,True,False,False,True
0,0,72,1,1,1,1,1,1,1,1,1,112.75,8192.6,0,30,0,0,4927,23141,True,False,False,True,True,False,False
0,0,4,1,0,0,0,0,0,0,0,1,19.95,59.25,0,55,0,0,3172,77683,False,True,False,False,False,False,True
0,1,59,1,0,0,0,0,0,0,0,0,19.5,1147.85,0,35,1,2,5293,9978,False,True,False,True,False,False,True
0,0,67,1,0,1,0,1,0,0,1,0,65.55,4361.55,0,29,0,0,6035,66543,False,False,False,True,False,False,False
1,0,26,1,0,0,0,0,0,0,1,1,78.8,2006.1,0,70,0,0,4509,56126,True,False,False,False,False,True,False
0,0,27,1,0,0,1,1,1,1,1,0,78.2,2078.95,0,20,0,0,2297,46917,False,False,True,False,False,False,True
0,1,72,1,1,1,0,1,0,1,1,0,105.25,7609.75,0,41,1,2,4427,60274,True,False,False,True,False,False,False
0,0,6,1,0,0,0,1,1,0,1,1,89.25,487.05,0,60,0,0,4430,11147,True,False,False,False,False,True,False
0,1,62,1,0,0,0,0,0,0,0,0,20.65,1218.45,0,55,1,2,6403,72993,False,True,False,True,True,False,False
0,0,20,1,1,0,1,0,1,1,0,1,68.7,1416.2,0,23,0,0,2989,27311,False,False,True,False,False,True,False
0,0,6,1,0,1,0,1,1,1,1,0,78.65,483.3,0,44,0,0,2724,41698,False,False,False,False,True,False,False
0,0,51,1,1,0,0,0,0,0,0,0,24.75,1234.6,0,63,0,0,5080,22479,False,True,False,True,False,False,True
0,1,61,1,0,0,0,0,0,0,0,0,19.75,1311.6,0,44,1,2,6108,23996,False,True,False,True,True,False,False
1,1,62,1,1,1,1,1,0,0,0,1,89.1,5618.3,0,68,1,0,4415,75929,True,False,False,False,False,True,False
0,0,72,1,1,1,0,0,1,0,0,1,84.7,6185.15,0,45,0,0,4520,13212,True,False,False,True,False,False,False
1,1,13,1,0,0,1,1,0,1,1,1,98.0,1237.85,1,78,1,0,3714,46677,True,False,False,False,False,True,False
0,1,5,1,0,0,0,1,0,1,1,1,94.45,498.1,1,43,1,0,4580,33883,True,False,False,False,False,True,False
1,0,3,1,1,0,1,1,0,1,1,1,105.0,294.45,1,68,0,0,5960,16510,True,False,False,False,False,True,False
1,1,26,1,1,0,1,1,0,0,1,1,93.85,2381.55,1,73,1,0,2591,63947,True,False,False,False,False,True,False
1,0,13,1,0,0,1,0,0,1,0,1,59.9,788.35,0,76,0,0,5254,26894,False,False,False,False,False,True,False
0,1,38,1,0,0,0,0,0,0,0,1,19.95,756.4,0,26,1,3,3614,42491,False,True,False,True,False,False,True
1,1,8,1,1,0,0,0,0,0,1,1,84.0,613.4,1,75,1,0,4819,27607,True,False,False,False,False,True,False
1,1,34,1,1,0,1,1,1,1,1,1,108.9,3625.2,0,70,1,1,5151,17964,True,False,False,False,False,True,False
0,0,18,0,0,1,0,1,0,0,0,0,33.6,550.35,0,53,0,0,5388,16717,False,False,False,False,False,False,True
0,1,56,1,0,0,1,1,1,0,0,1,85.85,4793.8,0,60,1,1,5058,78816,True,False,True,False,False,False,True
0,0,36,0,0,0,1,0,1,0,0,1,34.85,1267.2,0,41,0,0,4452,36669,False,False,False,False,False,False,False
0,1,9,0,0,0,0,1,0,1,1,1,48.75,442.2,1,51,1,0,4359,494,False,False,False,False,False,True,False
0,0,1,1,0,0,0,1,0,1,0,1,84.85,84.85,1,25,0,0,3086,29636,True,False,False,False,False,True,False
0,0,12,1,0,1,0,0,1,0,0,0,56.65,654.85,1,42,0,0,3043,173,False,False,False,False,False,False,True
1,1,57,1,0,0,1,1,1,1,0,1,95.3,5567.45,0,75,1,1,4912,5246,True,False,False,False,True,False,False
0,0,42,1,0,1,1,1,1,0,1,0,73.9,3160.55,1,22,0,0,2774,8506,False,False,True,False,True,False,False
0,1,33,1,1,0,0,0,0,0,0,1,24.5,740.3,1,21,1,0,5194,9423,False,True,False,True,False,False,True
0,1,70,1,0,1,1,0,1,0,0,0,84.6,5706.2,0,45,1,0,5679,223,True,False,False,True,False,False,False
0,0,68,0,0,0,1,0,1,0,1,0,44.95,3085.35,0,53,0,0,5750,41871,False,False,False,False,False,True,False
0,0,1,0,0,0,0,0,0,0,0,1,24.7,24.7,0,47,0,3,3518,36568,False,False,False,False,False,True,False
0,0,37,1,1,0,0,0,1,1,1,0,100.3,3541.4,0,26,0,0,4040,19815,True,False,False,False,True,False,False
0,0,4,1,1,0,0,0,0,0,0,1,25.45,84.2,0,20,0,3,2616,26240,False,True,False,False,False,False,True
0,0,1,1,0,1,0,0,0,0,0,1,50.7,50.7,0,56,0,0,3007,44078,False,False,False,False,False,False,True
0,0,20,0,0,1,1,1,1,1,0,1,55.0,1165.55,0,45,0,0,4481,39279,False,False,False,False,True,False,False
0,1,72,1,0,1,1,0,1,1,0,0,68.4,4855.35,0,52,1,1,5504,790,False,False,False,True,False,False,False
0,0,31,1,1,0,0,1,0,0,1,1,89.9,2806.9,1,54,0,0,2031,66472,True,False,False,False,False,True,False
1,1,18,1,0,0,0,0,0,0,1,0,78.55,1422.65,1,66,1,0,3521,28568,True,False,False,False,False,True,False
0,1,11,1,0,0,0,0,0,1,0,1,55.05,608.15,0,38,1,0,2762,42209,False,False,False,False,False,False,False
0,1,33,1,0,0,0,0,0,0,0,0,19.8,641.35,0,35,1,1,2635,37218,False,True,False,True,True,False,False
1,0,62,1,1,0,0,0,0,1,0,0,84.45,4959.15,0,69,0,0,4166,51665,True,False,True,False,False,True,False
0,0,1,0,0,0,0,1,1,0,0,0,35.9,35.9,0,60,0,0,3929,159,False,False,False,False,False,False,True
0,1,16,1,0,1,1,0,0,0,0,0,80.75,1321.3,0,59,1,0,2942,18024,True,False,False,False,False,False,False
0,1,22,1,1,0,0,1,1,1,1,1,78.65,1663.75,0,64,1,2,3571,40917,False,False,True,False,False,False,True
0,1,49,1,0,1,0,1,1,0,0,0,61.75,3024.15,0,35,1,1,5511,26022,False,False,False,False,False,False,False
0,1,36,1,0,1,0,1,0,0,1,1,63.7,2188.5,0,36,1,2,2504,2873,False,False,True,False,True,False,False
0,1,42,1,1,0,1,1,1,0,1,1,99.45,4138.05,1,50,1,0,4624,54876,True,False,False,False,False,True,False
1,0,4,0,0,0,0,0,0,0,0,1,25.2,102.5,1,73,0,0,4694,28900,False,False,False,False,False,False,False
0,0,12,1,1,0,0,0,1,1,1,0,74.05,872.65,1,57,0,0,4149,31392,False,False,True,False,False,False,True
0,0,31,1,0,1,0,1,1,0,0,0,87.6,2724.25,0,56,0,0,5094,42854,True,False,False,False,False,True,False
0,1,5,1,1,1,0,0,0,0,1,1,89.15,413.25,0,33,1,0,2576,41876,True,False,False,False,False,True,False
0,1,66,1,0,0,0,0,0,0,0,0,20.0,1374.2,0,61,1,1,5011,21054,False,True,False,True,True,False,False
1,0,15,1,1,0,0,0,1,0,0,0,55.0,757.1,1,73,0,0,3167,24589,False,False,False,False,True,False,False
0,0,64,1,1,0,1,1,0,1,1,1,104.4,6692.65,0,37,0,0,5617,21097,True,False,False,True,False,False,False
0,1,10,1,0,0,0,0,0,0,0,1,20.05,218.5,0,55,1,3,2049,29964,False,True,False,False,True,False,False
0,1,7,1,0,0,1,0,1,1,0,1,89.75,608.8,1,25,1,0,3807,36517,True,False,False,False,False,True,False
0,0,29,0,0,0,1,0,1,0,0,0,34.3,1004.75,0,40,0,0,2555,11702,False,False,False,False,False,True,False
0,0,57,1,0,0,0,0,0,0,0,0,20.65,1125.6,0,60,0,0,4193,15438,False,True,False,True,False,False,False
0,0,46,1,1,1,1,0,0,0,0,0,84.25,3847.6,0,37,0,0,3509,24518,True,False,False,False,False,False,True
0,0,53,1,0,0,0,0,0,0,0,0,19.65,978.0,0,62,0,0,5878,30751,False,True,False,True,False,False,False
0,0,17,1,0,1,1,0,1,1,1,0,79.85,1387.35,0,45,0,0,5574,15638,False,False,True,False,True,False,False
0,1,38,1,0,0,0,0,0,0,0,1,20.2,746.05,0,54,1,1,2631,19763,False,True,False,True,False,False,True
0,0,15,1,0,0,0,0,0,0,0,0,19.8,304.6,0,49,0,0,5753,21205,False,True,True,False,False,False,True
0,0,22,0,0,0,1,0,0,1,1,1,50.35,1098.85,0,51,0,0,2875,12448,False,False,False,False,False,True,False
0,1,14,1,1,0,0,0,0,0,1,1,85.15,1139.2,1,27,1,0,4550,15882,True,False,False,False,False,True,False
0,1,57,1,1,0,1,1,1,1,0,0,74.6,4368.95,0,25,1,0,4546,11889,False,False,True,False,False,False,False
1,0,11,1,0,0,0,0,0,0,1,1,79.15,827.7,0,80,0,0,3355,10737,True,False,False,False,True,False,False
0,1,1,1,0,0,0,0,0,0,0,0,20.35,20.35,0,62,1,3,4836,10147,False,True,False,True,False,False,True
0,1,12,1,0,0,0,0,0,0,0,0,21.05,262.05,0,24,1,1,4843,8157,False,True,False,True,False,False,False
1,1,3,1,1,0,0,0,0,1,1,1,94.6,279.55,1,70,1,0,3019,28450,True,False,False,False,False,True,False
0,0,36,1,0,0,1,0,0,1,1,1,94.7,3512.5,0,55,0,1,4671,25399,True,False,False,False,False,True,False
0,0,16,1,0,1,0,0,0,1,1,1,94.25,1483.25,1,27,0,0,2827,39089,True,False,False,False,False,True,False
0,1,65,1,1,1,1,1,0,0,1,0,72.45,4653.85,1,24,1,0,4415,13984,False,False,True,False,True,False,False
0,0,2,1,0,0,1,0,0,0,0,0,74.95,151.75,0,54,0,0,3969,55720,True,False,False,False,False,True,False
0,0,42,1,1,1,0,1,0,1,1,1,105.2,4400.75,1,26,0,0,2317,40239,True,False,False,False,False,True,False
0,1,72,1,0,1,1,1,1,1,1,0,111.95,8033.1,0,47,1,1,4004,28403,True,False,False,True,False,False,False
0,0,62,1,0,0,0,0,0,0,0,0,19.85,1253.65,0,29,0,0,4278,12010,False,True,False,True,False,False,False
0,0,6,1,1,0,1,0,0,1,0,1,89.75,552.65,0,23,0,0,2370,13065,True,False,False,False,False,True,False
0,1,48,1,0,0,0,0,0,0,0,1,20.05,1036.0,0,44,1,0,2964,584,False,True,False,True,False,False,True
0,0,35,1,1,1,0,1,1,1,1,1,108.95,4025.5,0,42,0,0,5903,1785,True,False,False,True,False,True,False
0,0,52,1,0,0,0,0,0,0,0,0,19.65,928.4,0,23,0,2,4279,1573,False,True,True,False,True,False,False
0,0,1,0,0,0,0,0,0,0,0,1,24.9,24.9,0,37,0,0,5318,9038,False,False,False,False,False,False,True
0,1,6,1,1,0,0,0,0,1,0,1,82.85,460.25,1,34,1,0,4458,42544,True,False,False,False,False,True,False
0,1,71,1,1,1,1,1,1,1,1,0,93.2,6506.15,0,38,1,0,4493,330,False,False,False,True,True,False,False
0,1,67,1,0,1,1,1,0,0,0,0,84.8,5598.3,0,64,1,3,6072,8486,True,False,True,False,False,False,False
1,0,60,1,1,1,1,0,0,0,1,1,71.75,4374.55,0,72,0,0,4964,7936,False,False,True,False,False,True,False
0,1,23,0,0,0,0,0,1,0,0,1,30.35,678.75,0,45,1,1,4960,1025,False,False,False,False,False,False,False
0,0,39,0,0,0,0,1,1,1,1,0,54.85,2191.7,0,31,0,3,3884,1004,False,False,True,False,False,False,False
0,1,15,1,0,0,0,0,0,0,0,1,19.5,239.75,0,35,1,3,5471,821,False,True,True,False,False,False,True
1,1,53,1,1,0,1,1,0,1,1,1,103.85,5485.5,1,74,1,0,5860,6773,True,False,False,False,False,True,False
0,1,24,1,1,0,0,0,0,0,0,0,24.2,609.05,0,58,1,3,5865,406,False,True,False,True,False,False,True
0,1,37,1,0,0,0,0,0,0,0,0,19.35,683.75,0,20,1,2,2360,28727,False,True,False,False,False,True,False
0,1,5,1,0,0,1,0,0,0,1,1,83.6,404.2,1,54,1,0,4565,16429,True,False,False,False,False,True,False
1,1,50,1,1,0,0,0,1,1,1,1,100.65,5189.75,0,79,1,0,5791,607,True,False,True,False,False,True,False
0,0,54,1,0,0,0,1,0,1,1,1,94.1,5060.9,0,23,0,0,4084,24741,True,False,True,False,True,False,False
0,0,3,1,0,1,0,0,0,0,0,1,74.55,233.65,0,20,0,0,5125,13361,True,False,False,False,False,True,False
0,0,68,1,1,0,1,1,1,1,1,0,108.45,7176.55,1,24,0,0,4454,248,True,False,True,False,False,True,False
0,0,5,1,0,0,0,1,1,0,0,0,56.15,291.45,0,23,0,0,5232,3777,False,False,False,False,False,True,False
0,0,33,1,0,0,0,0,0,0,0,0,20.35,689.75,0,21,0,0,2507,31930,False,True,False,True,False,False,True
0,0,41,1,1,0,1,1,0,1,1,1,80.55,3263.9,0,51,0,0,4176,35419,False,False,True,False,False,True,False
0,1,34,0,0,1,0,1,1,1,1,0,61.25,1993.2,0,52,1,1,3607,1885,False,False,True,False,False,False,True
0,1,13,1,0,0,0,0,0,0,0,1,20.45,254.5,0,59,1,1,5417,16849,False,True,False,False,False,False,True
0,0,20,1,0,0,0,0,0,0,0,1,18.9,347.65,0,46,0,0,4277,548,False,True,False,False,True,False,False
1,0,51,1,0,0,0,0,0,0,0,0,19.6,967.9,0,66,0,0,4224,6448,False,True,False,True,True,False,False
0,1,3,1,1,0,1,0,0,0,1,1,91.5,242.95,1,33,1,0,5646,11213,True,False,False,False,True,False,False
0,0,41,1,0,0,0,0,0,0,0,0,45.2,1841.9,0,58,0,3,4418,781,False,False,False,False,False,False,False
0,0,13,1,0,0,0,0,0,0,0,0,19.45,232.1,0,42,0,0,2783,384,False,True,False,False,True,False,False
0,1,35,1,1,0,0,0,0,0,0,0,25.45,809.25,0,38,1,3,4873,66,False,True,False,True,False,False,False
0,1,12,1,0,1,0,0,1,0,0,0,80.85,866.45,1,57,1,0,4306,1449,True,False,False,False,False,False,False
0,0,4,1,0,1,1,0,1,0,1,1,94.9,360.55,0,25,0,0,3094,2147,True,False,False,False,False,False,True
0,0,43,0,0,0,0,1,0,1,1,1,49.05,2076.2,1,64,0,0,4044,24227,False,False,False,False,False,False,False
1,1,12,0,0,0,0,0,1,0,0,1,29.3,355.9,0,70,1,1,3353,3373,False,False,False,False,False,False,True
1,1,68,1,1,0,1,1,0,1,1,1,105.3,7299.65,1,70,1,0,6284,6407,True,False,False,False,False,True,False
1,0,25,1,1,0,1,0,0,1,0,1,88.95,2291.2,1,71,0,0,3878,10520,True,False,False,False,False,True,False
0,0,7,1,0,0,0,0,0,0,0,0,20.25,129.15,0,41,0,0,4208,1007,False,True,True,False,False,False,True
1,1,66,1,1,0,1,1,1,1,1,1,110.85,7491.75,1,66,1,0,4281,44976,True,False,True,False,False,True,False
0,1,53,1,0,1,1,1,1,1,1,0,110.5,5835.5,0,43,1,0,4135,9673,True,False,True,False,False,True,False
1,0,63,1,1,1,1,1,0,1,1,1,109.4,7031.45,0,68,0,0,5961,8582,True,False,False,False,False,False,False
0,1,70,1,1,1,1,1,1,1,1,1,114.2,7723.9,1,21,1,0,5947,54431,True,False,False,True,False,False,False
1,1,27,0,0,0,0,0,0,0,1,0,36.5,1032.0,1,68,1,0,4564,857,False,False,False,False,False,False,False
0,0,1,1,0,0,0,0,0,0,0,0,70.75,70.75,1,56,0,0,3963,8728,True,False,False,False,False,False,True
0,0,5,1,0,0,0,0,0,0,0,0,19.95,109.6,0,33,0,0,5252,4753,False,True,False,False,False,False,True
1,1,37,1,0,0,0,0,0,0,0,0,19.6,727.8,0,77,1,0,5730,49968,False,True,True,False,False,False,True
0,0,3,0,0,0,0,1,0,1,0,1,40.15,130.75,1,19,0,0,4710,48690,False,False,False,False,False,False,True
0,0,12,1,1,0,0,0,0,0,0,1,76.6,893.0,0,43,0,1,3280,13290,True,False,False,False,False,True,False
0,1,38,1,0,0,0,0,0,0,0,0,19.6,763.1,0,60,1,2,4623,24443,False,True,True,False,True,False,False
0,0,9,1,0,0,0,1,0,0,1,1,85.3,781.4,0,64,0,0,5850,10172,True,False,False,False,True,False,False
0,1,13,1,1,1,0,0,0,0,1,1,65.85,902.25,0,56,1,0,2731,62848,False,False,False,False,False,True,False
1,1,29,1,1,0,0,0,0,1,1,1,94.45,2653.65,1,73,1,0,2233,41707,True,False,False,False,False,True,False
0,1,47,1,0,0,0,0,0,0,0,0,20.05,1016.7,0,52,1,1,3260,899,False,True,False,True,True,False,False
0,1,61,1,1,1,0,1,1,1,0,0,99.4,5943.65,0,49,1,0,5404,77,True,False,False,False,False,False,False
0,0,16,1,0,0,0,0,0,0,0,0,20.0,275.7,0,22,0,0,3705,813,False,True,False,False,False,False,True
0,1,41,1,0,1,1,0,1,1,1,0,78.45,3126.45,0,20,1,2,5468,3402,False,False,False,True,False,True,False
0,0,43,1,1,0,0,0,0,0,0,1,25.1,1070.15,0,31,0,3,4797,5671,False,True,False,True,False,True,False
0,1,36,1,1,0,1,1,0,1,0,1,97.35,3457.9,1,39,1,0,4544,36349,True,False,False,False,False,False,False
0,0,6,1,0,0,0,0,0,0,1,1,55.0,340.4,0,27,0,0,2629,52986,False,False,False,False,False,True,False
0,0,58,1,1,1,1,1,1,0,0,1,71.1,4299.2,0,56,0,0,5395,13031,False,False,True,False,True,False,False
0,0,19,1,0,0,0,0,1,1,0,1,61.55,1093.2,0,62,0,0,5831,43192,False,False,False,False,True,False,False
0,1,11,1,0,0,0,0,0,0,0,1,45.9,521.9,0,54,1,0,3880,36631,False,False,False,False,False,False,False
0,0,39,0,0,1,1,0,1,0,0,1,40.3,1630.4,0,37,0,0,3424,4563,False,False,True,False,False,False,False
1,0,8,1,0,0,1,0,0,1,0,1,87.1,713.6,0,80,0,0,3950,8365,True,False,False,False,False,True,False
0,0,26,1,1,0,0,0,0,0,0,1,49.5,1265.65,0,53,0,1,4196,14574,False,False,False,False,False,False,True
1,0,53,1,0,0,1,0,0,0,0,1,73.8,4003.85,0,75,0,0,6469,30589,True,False,False,False,True,False,False
0,1,70,1,0,0,0,0,0,0,0,1,19.2,1401.4,0,38,1,3,5261,9823,False,True,False,True,False,False,True
0,0,1,0,0,0,0,0,0,1,1,1,45.3,45.3,1,34,0,0,4954,81141,False,False,False,False,False,False,True
0,0,59,1,1,0,0,0,0,0,0,0,25.0,1510.5,0,25,0,0,5537,18197,False,True,False,True,False,False,True
0,0,2,1,0,0,0,1,0,1,1,0,94.95,178.1,1,61,0,0,4493,57748,True,False,False,False,False,True,False
0,0,7,0,0,1,0,1,0,0,0,0,35.3,264.8,0,47,0,0,3463,52334,False,False,True,False,False,False,True
0,0,12,1,0,0,0,0,0,0,0,1,44.55,480.6,1,33,0,1,4162,561,False,False,False,False,False,True,False
0,1,59,1,0,0,1,1,1,1,1,0,76.75,4541.9,0,63,1,2,5918,51706,False,False,True,False,True,False,False
0,1,61,1,1,0,0,1,1,1,1,1,81.0,4976.15,0,27,1,3,4151,29914,False,False,False,True,False,False,False
0,1,72,1,1,1,0,1,0,1,1,1,105.55,7542.25,0,22,1,3,4331,31926,True,False,False,True,False,False,False
0,1,13,1,0,0,0,0,0,0,0,0,18.8,251.25,0,27,1,1,2333,10155,False,True,False,False,False,False,True
0,1,64,1,1,0,0,0,0,0,0,0,24.9,1595.5,0,50,1,1,5038,37090,False,True,True,False,False,False,True
0,1,1,0,0,0,0,0,0,0,0,1,23.45,23.45,1,55,1,0,4517,37127,False,False,False,False,False,True,False
0,0,10,1,0,0,1,0,1,0,1,0,64.9,685.55,0,54,0,0,4883,59841,False,False,True,False,False,False,True
0,1,65,1,0,1,1,1,0,0,0,0,61.35,3874.1,0,55,1,2,6354,59632,False,False,True,False,False,False,False
0,1,62,1,1,1,1,1,1,1,1,0,113.95,6891.4,0,21,1,0,6193,45257,True,False,False,True,False,False,True
0,1,55,1,1,1,1,1,1,1,1,1,90.15,4916.95,0,20,1,0,4712,46185,False,False,True,False,False,True,False
0,1,25,1,1,0,1,0,0,0,0,0,54.1,1373.0,0,29,1,0,5701,27023,False,False,False,False,False,True,False
0,0,1,0,0,1,0,0,0,0,0,0,29.7,29.7,1,30,0,0,3383,60620,False,False,False,False,False,False,True
0,0,1,1,0,1,0,0,0,0,0,1,49.8,49.8,0,55,0,0,2978,32804,False,False,False,False,True,False,False
0,1,59,1,1,0,1,0,0,1,1,0,101.1,6039.9,1,21,1,0,4160,37570,True,False,False,False,False,True,False
1,1,64,1,1,0,0,0,0,0,0,1,24.4,1548.65,0,69,1,1,4772,13481,False,True,False,True,False,False,False
0,1,36,1,1,0,0,0,0,1,1,1,95.0,3440.25,0,50,1,0,3057,26389,True,False,False,False,False,False,False
0,0,3,1,1,0,0,0,0,0,0,1,50.65,151.3,1,51,0,0,2876,40568,False,False,False,False,False,False,True
0,1,61,1,1,1,0,1,0,0,1,1,69.9,4226.7,0,37,1,0,5117,26032,False,False,False,True,False,False,True
0,0,26,0,0,0,1,0,0,1,0,1,39.95,1023.75,0,32,0,3,2715,9657,False,False,True,False,False,False,False
0,0,1,1,0,0,0,0,0,0,1,1,55.4,55.4,1,37,0,0,2294,15798,False,False,False,False,False,True,False
1,1,1,1,1,0,1,0,0,1,0,1,90.6,90.6,1,77,1,0,2905,36944,True,False,False,False,False,True,False
0,1,68,1,0,1,1,1,0,1,1,1,103.25,7074.4,0,51,1,2,4751,14792,True,False,False,True,True,False,False
1,1,2,1,1,0,0,0,0,1,0,1,86.85,156.35,1,73,1,0,5204,7023,True,False,False,False,False,False,True
0,1,72,1,1,1,1,1,1,0,0,1,94.25,6849.75,0,39,1,0,6295,38,True,False,False,True,False,False,False
0,1,71,0,0,0,0,1,1,0,1,1,47.05,3263.6,0,59,1,0,6302,44103,False,False,False,True,False,True,False
0,0,57,1,0,0,0,0,0,0,0,0,20.55,1252.85,0,56,0,0,4565,7071,False,True,False,True,True,False,False
0,0,4,1,0,0,0,0,0,0,0,1,19.65,67.55,0,20,0,0,4925,16357,False,True,False,False,False,False,True
1,0,1,1,0,0,0,0,0,0,0,1,70.2,70.2,0,69,0,0,2422,30476,True,False,False,False,False,True,False
0,1,72,1,1,1,1,1,1,0,1,0,81.0,5750.0,0,22,1,3,4237,34138,False,False,False,True,True,False,False
0,1,21,1,1,1,0,0,0,1,1,1,75.9,1549.75,0,42,1,3,3503,49657,False,False,True,False,False,False,False
0,1,71,1,1,0,0,0,0,0,0,0,24.7,1810.55,0,42,1,1,5187,49965,False,True,False,True,False,False,False
1,1,29,1,1,0,0,1,0,1,1,1,99.05,2952.85,1,65,1,0,3179,30814,True,False,False,False,False,False,False
1,0,69,1,1,1,0,1,1,1,1,0,110.25,7467.55,0,72,0,0,4948,40611,True,False,False,True,True,False,False
0,1,64,1,1,1,0,1,1,1,1,1,85.0,5484.4,0,41,1,0,5472,6951,False,False,False,True,True,False,False
0,0,16,1,0,0,0,0,0,0,0,0,19.75,294.9,0,48,0,0,5433,23789,False,True,False,False,True,False,False
0,0,4,1,1,0,0,0,0,0,0,0,23.9,97.5,0,33,0,0,5685,19109,False,True,True,False,False,True,False
0,0,52,1,1,1,1,0,1,1,1,1,111.25,5916.45,1,20,0,0,4861,6317,True,False,True,False,True,False,False
0,0,2,1,0,1,0,1,0,0,0,1,55.1,113.35,1,19,0,0,4235,4264,False,False,False,False,False,False,True
0,0,1,1,0,0,0,0,0,0,0,0,19.95,19.95,0,44,0,0,5916,5159,False,True,False,False,False,False,True
0,0,18,0,0,0,0,0,0,0,0,0,25.15,476.8,0,32,0,0,2675,115,False,False,False,False,False,False,True
0,0,2,1,1,0,1,0,0,0,0,0,54.15,101.65,0,47,0,0,3527,27,False,False,False,False,False,False,True
0,1,19,1,0,0,1,0,0,0,1,1,59.8,1130.85,0,20,1,0,3652,75,False,False,False,False,False,False,True
0,0,40,1,1,0,0,0,0,0,1,0,83.85,3532.25,0,50,0,0,4294,722,True,False,False,False,False,False,False
1,1,66,1,1,0,1,1,0,1,1,1,104.9,6891.45,0,67,1,1,4892,2633,True,False,True,False,False,True,False
0,0,21,1,1,0,0,0,0,0,0,0,75.3,1570.7,0,25,0,0,2847,596,True,False,False,False,False,False,True
0,0,8,1,0,0,1,0,1,1,0,1,66.65,520.95,0,41,0,0,3804,5094,False,False,False,False,False,True,False
0,1,72,1,0,1,1,1,1,1,1,1,109.5,7854.9,0,38,1,1,6419,21,True,False,False,True,True,False,False
0,0,48,1,1,0,1,1,1,1,0,1,73.85,3581.4,0,49,0,0,4740,335,False,False,True,False,False,False,False
0,0,69,1,0,0,0,0,0,0,0,1,19.3,1447.9,0,54,0,0,5028,3148,False,True,False,True,False,False,False
0,0,72,1,1,1,1,1,1,1,1,1,118.2,8547.15,0,60,0,0,4886,3205,True,False,False,True,False,True,False
0,0,14,1,0,0,1,0,0,0,0,0,51.45,727.85,0,64,0,0,4298,45755,False,False,True,False,True,False,False
0,0,6,1,0,0,1,0,0,1,0,0,59.45,357.6,0,58,0,0,2393,22073,False,False,False,False,False,True,False
0,1,8,1,0,0,0,0,0,0,0,0,19.5,159.35,0,48,1,3,5206,2718,False,True,False,True,False,False,False
0,0,17,1,0,0,0,0,0,0,0,0,19.55,280.85,0,21,0,0,4947,1692,False,True,True,False,False,False,True
0,0,65,1,1,1,0,0,1,0,1,0,93.55,6069.25,0,50,0,0,5774,4353,True,False,True,False,False,True,False
0,1,57,1,0,1,0,1,1,0,0,1,59.3,3274.35,0,54,1,1,6287,3930,False,False,True,False,False,False,True
0,1,13,1,1,0,0,1,0,1,1,1,102.25,1359.0,1,36,1,0,2003,460,True,False,False,False,True,False,False
1,0,19,1,0,0,0,1,0,1,1,1,95.9,1777.9,1,65,0,0,2851,460,True,False,False,False,True,False,False
0,1,56,1,1,1,1,1,0,1,1,0,109.8,6109.65,0,54,1,0,5648,11266,True,False,True,False,False,False,False
0,1,14,1,0,0,0,0,0,0,1,1,78.1,1122.4,0,50,1,0,3157,304,True,False,False,False,False,True,False
0,1,52,0,0,1,0,0,0,0,1,1,39.9,2020.9,0,47,1,0,6371,2198,False,False,False,False,False,True,False
0,0,58,1,0,1,1,1,1,0,0,1,64.9,3795.45,0,56,0,0,5040,435,False,False,False,True,True,False,False
1,0,47,1,1,0,1,0,1,1,0,1,95.05,4504.55,1,78,0,0,5214,4176,True,False,False,False,False,True,False
0,0,67,0,0,0,0,1,1,1,1,1,53.4,3579.15,0,61,0,0,5990,27808,False,False,False,False,True,False,False
0,0,2,0,0,0,0,0,0,0,0,1,24.9,49.7,0,22,0,0,4033,809,False,False,False,False,True,False,False
1,0,6,1,0,0,0,0,0,0,0,0,44.7,276.5,0,69,0,0,4270,167,False,False,False,False,True,False,False
0,1,71,1,1,1,1,1,1,1,1,1,114.0,8175.9,0,25,1,1,5600,986,True,False,False,True,False,False,False
0,1,46,1,0,0,0,0,0,0,0,0,20.25,890.35,0,42,1,1,3879,32881,False,True,False,True,False,False,False
0,0,5,1,0,1,0,0,1,0,0,0,53.85,259.8,1,34,0,0,5435,2144,False,False,False,False,True,False,False
1,1,67,1,1,1,1,0,0,0,0,0,83.85,5588.8,0,66,1,0,5261,2271,True,False,False,False,False,False,False
0,0,3,1,0,0,0,0,0,0,0,0,20.2,50.6,0,36,0,3,3594,55,False,True,False,False,False,False,False
0,0,3,1,0,0,0,0,0,0,0,0,19.95,58.0,0,60,0,0,5949,1508,False,True,False,False,False,False,True
1,1,52,1,1,1,0,1,0,1,1,1,104.2,5568.35,1,69,1,0,5648,10159,True,False,False,False,False,True,False
0,1,42,1,1,0,0,0,0,0,0,1,50.25,2203.65,1,30,1,0,4873,5513,False,False,False,False,False,True,False
0,1,50,1,0,0,0,0,0,0,0,1,20.35,938.95,0,40,1,2,6391,808,False,True,True,False,False,False,True
1,1,23,1,0,1,1,0,0,0,1,1,90.0,2024.1,0,70,1,0,4999,579,True,False,False,False,False,True,False
0,1,67,0,0,1,1,1,1,1,0,0,54.2,3623.95,0,29,1,2,5261,11474,False,False,False,True,True,False,False
0,0,25,1,0,0,1,1,0,1,1,1,99.5,2369.05,1,35,0,0,5932,3680,True,False,False,False,False,True,False
1,1,39,1,0,1,1,0,0,1,1,0,99.1,3877.95,0,77,1,0,4599,7872,True,False,True,False,False,False,True
0,0,69,1,1,1,1,0,1,0,0,1,66.9,4577.9,0,46,0,0,5059,1055,False,False,False,True,False,False,True
0,0,1,0,0,0,0,0,0,0,0,0,25.85,25.85,0,50,0,0,4467,7177,False,False,True,False,False,False,True
0,0,32,1,0,0,0,0,0,1,1,0,91.05,2871.5,0,40,0,0,2716,128,True,False,False,False,False,True,False
0,0,9,1,0,0,0,0,0,0,0,0,71.0,672.55,1,49,0,0,2236,6822,True,False,False,False,False,True,False
0,0,16,1,0,0,1,1,0,0,1,1,93.2,1573.7,1,40,0,0,5497,9559,True,False,False,False,True,False,False
0,1,60,1,0,0,0,0,0,0,0,1,20.95,1270.55,0,45,1,2,4425,2130,False,True,False,True,False,False,False
0,1,72,1,1,0,1,1,1,1,1,1,109.2,7711.45,0,40,1,1,6130,1749,True,False,False,True,False,False,False
0,1,5,1,0,0,0,0,0,0,0,0,19.35,126.05,1,53,1,0,3864,10834,False,True,False,False,False,False,True
1,0,26,1,0,1,0,0,0,1,0,1,85.8,2193.65,0,71,0,0,5700,3256,True,False,False,False,True,False,False
0,0,3,1,0,0,0,0,0,0,0,0,19.85,64.55,1,29,0,0,2158,12672,False,True,False,False,False,False,True
0,0,2,1,0,0,0,0,0,0,0,1,19.65,31.2,0,55,0,0,4841,683,False,True,False,False,False,True,False
0,0,2,1,0,0,0,0,0,0,0,0,20.5,38.25,0,44,0,3,4486,36738,False,True,True,False,False,False,False
0,0,36,1,1,1,0,1,1,1,1,1,89.65,3348.1,0,29,0,0,4844,19867,False,False,True,False,True,False,False
0,0,7,1,0,1,0,0,0,0,0,0,74.35,533.6,0,48,0,0,2463,10226,True,False,False,False,False,False,True
1,1,60,0,0,0,1,0,0,1,1,1,49.45,2907.55,0,70,1,0,4277,59289,False,False,False,True,True,False,False
0,1,19,1,1,0,1,0,0,0,1,1,89.1,1620.8,0,30,1,0,3624,433,True,False,False,False,False,True,False
1,1,45,1,1,1,0,1,1,0,1,0,75.15,3480.35,0,77,1,0,5837,1278,False,False,False,True,True,False,False
1,0,4,1,0,0,0,0,0,0,0,1,70.65,293.85,0,69,0,0,4510,23100,True,False,False,False,False,True,False
0,1,31,1,1,0,0,1,1,1,1,1,104.2,3243.45,1,51,1,0,5000,52872,True,False,False,False,False,True,False
0,1,47,1,0,1,0,1,0,0,1,0,90.05,4137.2,0,57,1,1,3291,47536,True,False,False,False,False,True,False
0,0,1,1,0,0,0,0,0,0,1,1,79.25,79.25,1,49,0,0,5533,27135,True,False,False,False,False,True,False
0,0,1,1,0,0,0,0,0,0,0,1,44.9,44.9,1,30,0,0,2632,47613,False,False,False,False,False,False,False
0,0,1,1,0,0,0,0,0,0,0,0,19.4,19.4,0,49,0,0,5566,26055,False,True,False,False,True,False,False
1,1,59,1,1,0,0,1,0,0,1,1,88.75,5348.65,0,75,1,1,6492,13343,True,False,False,False,True,False,False
0,1,10,1,0,0,0,0,0,0,0,1,70.1,659.65,1,42,1,0,2457,30668,True,False,False,False,False,True,False
1,0,35,1,1,1,0,0,0,0,1,0,91.0,3180.5,0,78,0,0,5527,8504,True,False,False,False,True,False,False
0,0,4,0,0,0,0,1,0,0,0,1,29.65,118.5,1,27,0,0,4207,25384,False,False,False,False,False,True,False
0,1,32,1,0,1,1,0,0,0,1,1,90.8,3023.85,0,29,1,3,2722,15536,True,False,True,False,False,True,False
0,0,43,1,1,0,1,0,0,0,0,1,77.85,3365.85,1,47,0,0,5107,235,True,False,False,False,False,True,False
0,0,4,1,0,0,0,0,0,0,1,0,54.3,195.3,1,64,0,0,5834,4150,False,False,False,False,False,True,False
1,1,54,1,0,0,0,0,0,0,0,1,18.95,1031.1,0,68,1,0,5548,12646,False,True,False,True,False,False,True
1,0,11,1,1,0,0,0,0,1,1,1,95.15,997.65,1,67,0,0,4074,16525,True,False,False,False,False,False,False
1,0,66,1,1,1,0,0,0,1,1,1,102.4,6471.85,0,68,0,0,4861,12466,True,False,False,True,False,False,False
0,1,61,1,1,0,0,1,0,1,1,1,99.9,6241.35,0,62,1,3,5641,1158,True,False,True,False,False,True,False
0,1,72,1,1,1,1,1,1,1,1,0,88.7,6501.35,0,64,1,2,4641,25340,False,False,False,True,True,False,False
0,1,44,0,0,0,0,1,1,1,1,1,54.3,2317.1,0,25,1,1,3423,1519,False,False,True,False,False,True,False
0,0,41,1,1,0,0,1,0,0,0,1,55.7,2237.55,0,40,0,0,5590,1960,False,False,False,False,False,False,False
0,1,50,1,1,1,0,1,0,1,1,1,103.95,5231.3,0,27,1,0,4363,69801,True,False,True,False,False,True,False
0,1,47,1,1,1,0,1,1,1,1,1,110.85,5275.8,1,42,1,0,3344,3979,True,False,True,False,True,False,False
0,1,8,1,0,0,0,0,0,0,0,0,20.15,165.5,0,30,1,3,3899,40545,False,True,False,True,False,False,True
0,0,18,1,0,0,0,0,0,0,0,0,20.05,358.5,0,61,0,0,4204,24708,False,True,False,False,False,False,True
0,1,72,1,1,1,1,1,1,1,1,1,91.95,6614.9,0,21,1,1,4403,4848,False,False,False,True,True,False,False
0,0,1,1,0,0,0,0,0,0,1,0,80.5,80.5,1,24,0,0,2734,274,True,False,False,False,False,True,False
1,0,42,1,1,0,0,1,0,0,0,0,55.65,2421.75,0,66,0,0,5831,8308,False,False,False,False,False,True,False
1,0,18,1,0,0,1,0,0,0,0,1,74.7,1294.6,0,78,0,0,3896,48690,True,False,False,False,False,True,False
0,0,13,1,1,0,1,1,0,1,1,1,104.15,1299.1,0,29,0,2,2810,11463,True,False,True,False,True,False,False
0,1,68,1,1,0,1,0,1,0,0,1,83.65,5733.4,0,50,1,2,5958,48690,True,False,True,False,False,False,False
0,0,4,1,1,0,0,0,0,0,0,1,72.2,305.55,1,20,0,0,5668,36125,True,False,False,False,False,False,False
0,0,69,1,1,1,1,1,0,1,1,1,110.05,7430.75,0,27,0,0,5798,40270,True,False,False,True,True,False,False
0,0,17,1,0,0,0,0,1,0,0,0,51.5,900.5,1,36,0,0,5659,35057,False,False,False,False,False,False,True
0,1,25,1,1,0,0,0,0,0,0,0,25.5,630.6,0,31,1,3,5230,22250,False,True,False,True,True,False,False
1,0,43,1,0,0,0,0,0,1,1,1,89.55,3856.75,1,74,0,0,3802,30876,True,False,False,False,False,False,True
0,1,59,1,0,0,0,0,0,0,0,0,19.5,1222.65,0,19,1,2,4579,25718,False,True,False,True,True,False,False
1,0,5,1,0,1,1,0,0,0,0,0,80.7,374.8,0,72,0,0,3468,1054,True,False,False,False,False,True,False
0,1,21,1,1,1,1,0,1,1,0,0,77.5,1625.0,1,34,1,0,5353,747,False,False,True,False,False,False,True
0,1,69,1,1,1,1,1,1,1,0,1,105.1,7234.8,0,19,1,3,4686,1374,True,False,True,False,True,False,False
0,0,13,0,0,0,0,0,0,0,0,1,25.15,331.85,0,37,0,0,4943,176,False,False,False,False,False,False,False
0,1,42,1,1,0,1,1,0,1,0,1,95.25,3959.35,1,37,1,0,2075,333,True,False,False,False,False,False,False
0,1,52,1,1,0,1,0,1,0,1,1,95.65,5088.4,0,27,1,0,4465,1575,True,False,False,False,True,False,False
1,0,46,1,0,1,0,0,0,0,1,0,85.0,3969.4,1,77,0,0,2097,13485,True,False,False,False,False,True,False
0,1,61,1,1,1,1,1,1,0,1,1,80.8,4860.85,0,53,1,0,4302,3684,False,False,False,True,False,False,False
0,0,29,0,0,0,0,0,0,0,0,1,24.85,788.05,0,19,0,0,4161,9210,False,False,True,False,False,False,True
0,0,25,1,0,0,1,0,1,0,0,1,54.75,1266.35,0,37,0,1,5136,1591,False,False,True,False,True,False,False
0,1,5,1,0,0,0,0,1,1,0,1,85.75,470.95,1,38,1,0,3608,371,True,False,False,False,False,True,False
0,0,15,0,0,0,0,1,0,1,1,0,50.75,688.2,0,52,0,0,5091,2296,False,False,True,False,False,True,False
0,1,19,1,0,0,0,0,0,0,0,0,20.15,387.7,0,48,1,3,4246,91,False,True,False,True,False,False,True
0,0,44,1,0,0,0,0,0,0,0,0,20.05,845.25,0,28,0,0,2798,187,False,True,False,True,False,False,True
1,0,6,1,1,0,1,0,0,1,1,1,98.25,560.6,1,79,0,0,3330,30173,True,False,False,False,False,True,False
0,1,58,1,1,1,1,1,1,0,0,0,71.6,4230.25,0,44,1,3,4747,383,False,False,False,True,True,False,False
0,1,62,1,0,1,1,0,0,0,0,1,81.45,4983.05,0,27,1,3,5179,6216,True,False,True,False,True,False,False
0,1,70,0,0,0,1,1,1,1,1,1,58.4,4113.15,0,52,1,2,4117,14417,False,False,True,False,False,False,False
1,0,1,0,0,0,0,0,0,0,0,1,25.7,25.7,1,68,0,0,4095,476,False,False,False,False,False,False,True
0,1,10,0,0,1,1,1,1,0,1,0,53.7,521.0,0,49,1,2,5671,2349,False,False,False,True,True,False,False
0,0,26,1,0,0,0,0,0,0,0,1,19.6,471.85,0,64,0,0,3722,4101,False,True,True,False,False,False,False
0,0,66,1,1,0,1,0,0,0,1,0,89.4,5976.9,0,55,0,0,4889,175,True,False,False,False,True,False,False
0,1,7,1,0,0,0,0,0,0,0,1,69.0,506.9,1,25,1,0,5672,390,True,False,False,False,False,True,False
0,1,51,1,1,0,1,0,1,0,0,0,84.2,4299.75,0,36,1,3,4952,1916,True,False,True,False,False,False,False
0,1,72,1,1,1,1,1,1,1,0,1,106.1,7548.6,0,31,1,1,4890,4913,True,False,False,True,True,False,False
0,0,65,1,1,0,0,0,0,0,0,0,25.75,1654.75,0,56,0,0,5707,17979,False,True,False,True,False,False,True
0,0,2,1,0,0,0,0,0,0,0,0,46.05,80.35,1,27,0,0,4662,1373,False,False,False,False,False,False,False
0,0,70,1,1,1,1,0,1,0,0,0,64.95,4551.5,0,31,0,1,5392,438,False,False,True,False,False,False,False
0,1,72,1,1,0,1,1,1,1,1,1,85.45,6227.5,0,39,1,0,5641,9902,False,False,False,True,True,False,False
0,1,1,1,0,0,0,0,0,0,0,0,20.05,20.05,0,61,1,3,5811,1653,False,True,False,False,False,False,True
1,1,1,1,0,0,1,0,0,0,0,1,76.4,76.4,1,76,1,0,2426,11180,True,False,False,False,False,False,True
0,0,5,1,1,0,0,1,0,1,1,1,100.5,514.0,1,54,0,0,5180,2706,True,False,False,False,False,True,False
0,0,3,1,0,0,0,0,0,0,0,0,20.7,57.5,0,27,0,0,2011,882,False,True,False,False,False,False,True
0,0,58,1,1,0,0,0,0,0,0,1,25.3,1474.35,0,39,0,0,4477,2644,False,True,False,True,True,False,False
1,1,22,0,0,1,0,0,0,0,1,0,40.05,880.2,1,80,1,2,2061,3002,False,False,False,False,False,False,True
1,1,33,1,1,0,1,0,0,1,1,1,100.6,3270.25,0,79,1,0,3669,586,True,False,False,False,False,False,False
0,0,1,1,0,0,0,0,0,0,0,0,69.95,69.95,1,48,0,0,5066,2229,True,False,False,False,False,True,False
1,1,54,1,1,0,0,0,0,0,0,0,74.0,3919.15,0,73,1,0,4991,7789,True,False,False,False,False,False,False
0,1,72,1,1,0,1,0,0,1,1,1,99.4,7285.7,0,21,1,0,6022,1537,True,False,False,True,False,True,False
0,0,1,1,1,0,0,0,0,1,1,1,93.3,93.3,1,59,0,0,2578,148,True,False,False,False,False,True,False
0,0,3,1,0,0,0,1,0,0,0,1,49.15,169.05,1,47,0,0,5598,2223,False,False,False,False,False,True,False
0,1,72,1,1,1,1,1,1,0,1,0,107.45,7658.3,0,35,1,2,4505,1880,True,False,False,True,True,False,False
0,1,72,1,1,1,1,1,0,1,1,1,83.6,5959.3,0,36,1,1,4116,1113,False,False,False,True,True,False,False
1,1,54,1,1,0,0,1,0,1,1,1,99.05,5295.7,0,67,1,0,4011,1352,True,False,False,False,True,False,False
0,1,59,1,1,0,1,0,1,1,1,1,80.1,4693.2,0,34,1,0,4093,1884,False,False,True,False,False,True,False
0,0,54,1,0,1,1,0,0,1,0,1,65.3,3512.9,0,47,0,0,4556,5995,False,False,False,True,False,False,False
0,0,60,1,1,0,0,1,0,1,0,1,89.55,5231.2,0,34,0,0,5874,298,True,False,False,True,False,True,False
0,1,60,0,0,0,1,1,1,1,1,0,60.8,3603.45,0,19,1,0,5784,31266,False,False,False,True,True,False,False
0,0,3,1,1,0,0,0,0,0,0,0,74.5,217.45,0,39,0,0,5203,34314,True,False,False,False,False,True,False
0,1,69,1,1,1,0,0,0,1,1,0,99.15,6875.35,0,52,1,0,5031,30988,True,False,False,True,False,False,False
0,1,1,1,0,0,0,0,0,0,0,0,19.25,19.25,0,29,1,5,2053,2344,False,True,False,False,False,True,False
0,1,50,0,0,1,0,0,0,1,0,1,39.45,2021.35,0,44,1,3,6018,309,False,False,False,False,True,False,False
0,0,56,0,0,0,0,0,0,1,1,1,44.85,2564.95,0,58,0,0,4021,13472,False,False,False,False,True,False,False
0,1,60,1,0,1,0,0,1,1,1,1,97.2,5611.75,0,59,1,0,4905,23701,True,False,False,True,False,True,False
1,1,69,1,1,1,0,1,1,1,1,1,110.55,7610.1,0,73,1,0,4887,240,True,False,True,False,False,False,True
0,0,1,0,0,0,0,0,0,0,1,0,35.05,35.05,1,62,0,0,3706,335,False,False,False,False,False,False,True
1,0,1,1,0,0,1,0,0,0,0,1,73.0,73.0,1,72,0,0,4116,752,True,False,False,False,False,True,False
0,1,3,1,0,0,0,0,0,0,0,1,19.9,45.75,0,55,1,0,3716,23224,False,True,False,False,False,False,True
0,1,60,1,0,0,1,0,1,1,1,0,76.95,4543.95,0,39,1,3,5053,23570,False,False,False,True,False,False,False
0,0,13,0,0,0,0,1,1,0,0,0,35.4,450.4,0,58,0,0,3239,261,False,False,False,True,False,False,True
0,1,62,1,0,0,0,0,0,0,0,0,20.45,1297.35,0,45,1,2,5746,199,False,True,False,True,False,False,False
0,0,45,1,1,1,1,0,0,0,1,0,96.75,4442.75,0,58,0,0,3682,15921,True,False,True,False,False,False,False
0,0,25,0,0,0,0,1,1,1,1,0,54.2,1423.15,0,37,0,0,4458,19596,False,False,True,False,False,True,False
0,0,44,1,0,0,0,1,1,1,1,0,100.1,4378.35,0,30,0,0,4025,1689,True,False,False,True,False,False,False
0,0,2,1,0,0,0,0,0,0,0,1,45.25,74.2,0,34,0,0,5441,1584,False,False,False,False,False,False,True
1,0,33,1,1,0,1,1,0,0,0,1,83.85,2716.3,1,78,0,0,2583,695,True,False,False,False,True,False,False
0,0,1,1,0,0,0,0,0,0,0,1,70.1,70.1,1,43,0,0,3706,485,True,False,False,False,False,True,False
0,0,22,1,0,0,0,0,0,0,0,0,20.85,450.65,0,50,0,0,3171,1072,False,True,True,False,False,False,False
0,0,35,0,0,0,0,1,1,0,0,1,33.45,1175.85,0,59,0,0,2553,42239,False,False,False,False,False,False,True
0,1,29,1,0,0,0,0,0,0,0,0,20.2,558.8,0,40,1,1,2784,2965,False,True,False,True,False,False,True
1,1,27,1,1,1,0,1,0,0,0,1,85.9,2220.1,0,72,1,0,5755,228,True,False,True,False,False,True,False
0,0,54,1,0,0,1,1,1,0,0,1,61.0,3283.05,0,20,0,2,5594,12241,False,False,True,False,False,True,False
1,0,2,1,0,0,0,0,0,0,0,1,70.65,142.35,1,67,0,0,2189,2423,True,False,False,False,False,True,False
0,0,57,1,1,0,0,0,0,1,0,1,86.9,4939.25,0,45,0,0,6109,532,True,False,True,False,False,True,False
0,0,62,1,1,1,1,1,1,0,0,0,69.4,4237.5,0,55,0,0,6469,82,False,False,False,True,False,False,False
0,1,15,1,0,0,0,0,0,0,0,0,20.35,335.95,0,44,1,3,3205,3041,False,True,True,False,True,False,False
0,0,2,1,0,0,0,0,0,0,0,0,20.35,33.2,1,62,0,0,5627,1201,False,True,False,False,False,False,True
0,1,70,1,1,0,0,1,1,1,1,1,104.3,7188.5,0,50,1,0,5583,1215,True,False,False,True,False,False,False
0,1,21,1,0,0,0,0,0,0,0,1,44.95,926.25,0,33,1,2,3752,264,False,False,False,False,False,True,False
0,0,23,1,0,0,0,0,1,0,0,1,49.45,1119.35,0,61,0,3,5237,155,False,False,True,False,False,True,False
0,0,6,1,0,0,0,0,0,0,0,0,20.6,116.6,0,24,0,0,4439,1447,False,True,True,False,False,False,True
0,1,4,1,0,0,0,0,0,0,0,0,19.55,68.8,0,53,1,3,5573,265,False,True,False,True,True,False,False
0,0,3,1,0,1,0,1,0,1,1,1,99.0,287.4,1,29,0,0,5236,867,True,False,False,False,True,False,False
0,0,23,1,1,0,0,0,0,1,1,1,93.5,2341.55,0,46,0,0,4861,644,True,False,False,False,False,True,False
0,0,26,0,0,1,0,0,1,1,1,0,54.55,1362.85,0,22,0,0,4296,494,False,False,True,False,True,False,False
0,0,8,1,0,0,0,0,0,0,0,0,20.05,163.6,0,24,0,2,2675,574,False,True,False,False,False,False,True
0,0,26,1,1,0,0,0,0,0,1,1,83.95,2254.2,1,36,0,0,5869,300,True,False,False,False,False,True,False
0,0,2,1,1,0,1,0,0,0,0,1,79.45,145.15,0,20,0,0,2657,163,True,False,False,False,False,True,False
0,0,67,1,1,1,1,1,1,1,1,0,116.2,7752.3,1,25,0,0,4495,1851,True,False,False,True,True,False,False
0,1,71,1,1,0,0,0,0,1,1,1,93.7,6585.35,1,55,1,0,4296,3284,True,False,False,True,False,False,False
0,0,59,1,1,1,1,1,1,0,1,0,79.85,4786.1,0,26,0,0,6041,660,False,False,True,False,True,False,False
0,1,39,1,1,0,0,1,0,1,1,0,100.0,3835.55,0,62,1,3,5434,395,True,False,True,False,False,True,False
0,0,21,1,0,0,0,0,0,0,0,0,19.6,397.0,0,45,0,2,2447,1125,False,True,False,True,False,False,True
0,0,1,1,0,0,0,0,0,0,0,0,19.7,19.7,1,42,0,0,5707,2020,False,True,False,False,False,False,True
0,1,48,1,0,0,0,0,0,0,0,0,20.2,1027.25,0,60,1,2,3828,202,False,True,False,True,False,False,False
1,1,31,0,0,1,1,1,0,0,1,1,50.4,1580.1,0,72,1,0,2166,400,False,False,True,False,True,False,False
0,1,64,1,1,1,1,1,1,1,1,0,113.35,7222.75,0,63,1,1,4952,2369,True,False,True,False,False,True,False
0,1,46,1,1,0,1,0,0,0,0,1,80.0,3769.7,0,43,1,1,3315,270,True,False,False,False,False,False,False
0,0,52,1,1,0,0,1,1,1,1,1,80.95,4233.95,0,32,0,0,4924,1666,False,False,False,True,False,False,False
0,1,67,1,1,0,0,0,0,0,0,1,24.9,1680.25,0,54,1,1,5847,321,False,True,False,True,False,False,True
1,0,67,1,1,0,1,0,0,0,0,0,54.9,3725.5,0,68,0,0,4826,200,False,False,False,False,False,True,False
0,0,5,1,1,0,0,0,0,0,0,0,75.55,413.65,1,20,0,0,4600,42239,True,False,False,False,False,True,False
0,1,71,1,1,0,1,1,1,1,1,0,109.25,7707.7,0,32,1,0,5044,259,True,False,False,True,False,True,False
0,0,9,1,0,0,0,0,0,1,0,1,77.65,714.15,1,40,0,0,3847,222,True,False,False,False,False,False,False
1,0,26,1,1,1,1,0,0,0,1,1,95.0,2497.2,1,74,0,0,4232,18197,True,False,False,False,False,True,False
0,0,71,1,1,1,1,1,1,1,1,1,116.3,8309.55,0,22,0,0,4644,24944,True,False,True,False,False,False,False
0,0,32,1,0,0,0,0,0,0,0,0,19.9,601.55,0,35,0,0,4374,12756,False,True,False,False,False,False,False
0,0,2,1,0,0,0,0,0,0,0,0,70.35,139.25,0,32,0,0,3430,382,True,False,False,False,False,True,False
0,1,71,1,1,0,0,0,0,0,0,0,25.6,1888.25,0,48,1,0,5063,262,False,True,False,True,True,False,False
0,0,60,0,0,1,0,1,0,0,1,1,44.45,2773.9,0,29,0,0,4928,58830,False,False,True,False,False,True,False
1,0,55,1,1,0,0,1,0,1,1,1,100.15,5409.75,0,75,0,0,5182,43718,True,False,True,False,False,True,False
0,0,54,1,0,1,1,0,1,1,1,1,105.4,5643.4,1,31,0,0,4406,1417,True,False,True,False,True,False,False
0,0,2,1,0,0,0,1,0,1,1,1,95.85,197.7,1,63,0,0,3790,3674,True,False,False,False,False,True,False
0,0,6,1,1,0,0,0,0,0,0,1,73.85,401.3,0,45,0,0,4220,699,True,False,False,False,False,False,True
0,1,48,1,0,1,1,1,0,0,1,1,70.1,3238.4,0,56,1,3,5476,67411,False,False,False,True,True,False,False
0,1,63,1,1,0,0,0,0,0,0,0,25.25,1573.05,0,19,1,3,6245,648,False,True,False,True,False,False,True
0,0,1,1,1,0,1,0,0,0,0,1,79.15,79.15,1,64,0,0,4243,4426,True,False,False,False,False,True,False
0,0,12,1,0,0,0,0,0,0,0,0,21.05,235.8,0,19,0,2,4001,18529,False,True,False,False,True,False,False
1,1,54,0,0,0,0,0,0,0,0,1,24.95,1364.75,0,76,1,0,4691,41636,False,False,False,False,False,False,False
0,1,30,1,0,0,0,1,1,1,0,1,64.5,1985.15,0,56,1,1,2215,4097,False,False,True,False,False,True,False
0,1,30,1,0,0,0,0,0,0,0,0,19.65,655.85,1,42,1,0,2486,38534,False,True,False,False,False,False,False
0,0,4,1,0,0,0,0,0,1,0,1,79.0,303.15,1,61,0,0,2085,171,True,False,False,False,False,True,False
0,0,40,1,1,0,0,1,1,1,1,1,105.95,4335.2,0,41,0,0,3784,6197,True,False,True,False,True,False,False
0,1,9,1,0,0,0,0,1,0,0,1,75.85,647.5,0,39,1,1,4843,2756,True,False,False,False,False,True,False
0,1,17,1,0,1,0,0,1,1,0,0,91.85,1574.45,1,30,1,0,5643,40750,True,False,False,False,False,True,False
0,0,62,0,0,0,1,1,0,0,1,1,43.6,2748.7,0,38,0,0,4507,850,False,False,False,True,True,False,False
0,0,28,1,0,0,1,0,1,1,0,1,91.25,2483.65,0,50,0,0,2886,51855,True,False,True,False,False,False,False
0,0,70,1,1,1,1,1,1,1,1,0,89.75,6367.2,0,64,0,0,5150,5714,False,False,False,True,True,False,False
0,0,46,1,0,0,1,1,1,1,1,1,104.4,4904.2,0,20,0,0,4190,24194,True,False,False,True,False,False,False
0,1,23,1,1,0,0,1,0,0,1,0,90.15,2044.95,0,33,1,0,5110,2536,True,False,False,False,False,False,True
0,1,47,0,0,1,0,1,1,0,0,0,40.3,1794.8,0,27,1,1,5040,2723,False,False,True,False,False,True,False
0,1,68,1,0,1,1,1,0,1,1,1,105.25,7173.15,0,41,1,2,5795,1140,True,False,False,True,False,False,False
1,0,60,1,1,0,0,1,1,1,1,1,106.0,6441.4,1,68,0,0,5507,659,True,False,True,False,False,True,False
0,0,67,1,1,0,1,0,1,1,1,1,104.0,7039.05,0,28,0,1,4741,228,True,False,False,True,False,True,False
0,0,14,1,0,0,0,0,1,1,1,1,69.65,921.4,0,52,0,0,5351,1745,False,False,False,False,False,True,False
0,1,57,1,1,0,0,0,0,0,0,1,74.3,4018.35,0,59,1,2,4133,213,True,False,False,False,False,True,False
0,1,55,1,1,1,0,0,0,1,1,0,100.9,5448.6,0,34,1,1,6153,9752,True,False,True,False,False,False,True
0,0,1,1,0,0,0,0,0,0,0,1,20.25,20.25,0,25,0,0,4769,2010,False,True,False,False,False,False,True
0,0,1,1,0,0,0,0,1,0,0,1,49.9,49.9,1,34,0,1,3113,6202,False,False,False,False,False,False,True
0,0,23,1,1,0,0,1,1,1,0,1,96.9,2085.45,0,61,0,0,3875,1793,True,False,False,False,True,False,False
0,0,13,1,1,1,0,0,0,1,1,1,100.35,1358.85,1,54,0,0,2008,129,True,False,False,False,False,True,False
0,1,47,1,1,0,1,1,0,1,1,1,104.1,5135.15,0,61,1,0,3142,15286,True,False,False,False,False,True,False
0,0,38,1,0,0,0,0,0,0,0,0,20.1,730.1,0,38,0,0,2907,11191,False,True,True,False,False,False,True
1,1,38,1,1,0,0,0,0,0,0,1,74.95,2869.85,1,66,1,0,5165,485,True,False,False,False,False,False,False
1,0,2,1,1,0,1,0,0,0,0,1,56.55,118.25,0,68,0,0,2069,844,False,False,False,False,True,False,False
1,1,1,1,0,0,0,0,1,0,0,1,49.25,49.25,1,71,1,1,4478,929,False,False,False,False,True,False,False
0,1,15,1,0,0,0,0,0,0,0,1,68.6,1108.6,0,54,1,0,3351,6096,True,False,False,False,False,False,False
0,0,26,1,0,0,0,0,0,0,0,1,69.05,1815.65,0,49,0,0,5379,751,True,False,False,False,True,False,False
0,1,35,1,0,0,0,0,0,0,0,0,19.7,730.4,0,62,1,2,5636,32202,False,True,False,True,True,False,False
0,0,3,1,0,0,0,0,0,0,0,1,20.05,75.45,0,23,0,1,2948,25173,False,True,False,False,False,False,True
0,1,50,1,1,0,1,0,1,1,1,0,103.7,5071.05,1,28,1,0,5897,32040,True,False,False,False,False,True,False
0,1,42,1,1,1,0,1,0,0,1,1,94.4,4014.6,0,52,1,0,2662,2048,True,False,False,False,False,True,False
0,1,10,1,0,1,0,0,1,0,0,1,54.95,568.85,0,34,1,0,3519,1173,False,False,False,False,True,False,False
0,1,61,1,0,1,1,0,1,0,1,0,93.7,5860.7,0,19,1,0,4300,4354,True,False,True,False,False,False,False
0,0,68,1,1,1,1,0,1,1,1,0,110.25,7279.35,0,43,0,0,5502,5501,True,False,False,True,True,False,False
0,0,10,1,0,1,0,1,0,1,1,1,98.9,1064.95,0,37,0,0,4614,34146,True,False,True,False,False,True,False
0,1,65,1,1,1,1,1,0,0,0,0,89.75,5769.6,1,39,1,0,6110,901,True,False,True,False,False,True,False
0,1,72,1,0,1,0,1,1,1,1,1,80.45,5886.85,0,35,1,3,4480,2220,False,False,False,True,False,False,False
0,1,55,1,0,0,1,0,1,0,0,0,79.4,4238.45,0,43,1,3,4162,49729,True,False,False,False,False,True,False
0,0,1,1,0,0,0,0,0,0,0,1,20.3,20.3,1,44,0,0,3830,3815,False,True,False,False,False,False,True
0,0,7,1,0,0,0,1,1,0,1,0,62.8,418.3,0,42,0,0,4080,14010,False,False,False,False,False,False,False
0,0,2,1,1,0,0,0,0,0,0,1,74.9,136.05,0,50,0,0,2044,947,True,False,False,False,False,False,True
0,0,9,1,0,1,0,0,0,0,0,1,74.85,708.2,0,28,0,0,5770,364,True,False,False,False,False,True,False
0,0,27,1,1,0,0,0,0,0,0,1,25.85,788.55,0,54,0,1,2682,21510,False,True,False,True,True,False,False
1,1,7,1,1,0,0,1,0,1,1,1,101.95,700.85,1,65,1,0,2016,30614,True,False,False,False,False,True,False
0,1,64,1,0,0,1,1,1,0,1,1,68.3,4378.8,0,57,1,0,5425,1219,False,False,False,True,False,False,True
0,0,70,0,0,1,0,1,1,0,1,0,48.4,3442.8,0,23,0,0,4483,24738,False,False,False,True,False,False,False
1,0,2,1,1,0,0,0,0,1,1,1,94.0,181.7,1,65,0,0,5569,4731,True,False,False,False,False,True,False
1,0,67,1,0,1,1,0,1,1,1,1,105.05,7171.7,0,65,0,0,4143,2958,True,False,False,True,False,True,False
0,0,45,1,1,0,1,0,0,1,0,1,89.3,4016.85,1,41,0,0,4880,4610,True,False,False,False,True,False,False
0,0,24,1,1,0,0,0,0,0,0,0,25.15,553.0,0,19,0,0,3904,1472,False,True,False,True,True,False,False
0,1,4,1,0,0,0,0,0,0,0,0,19.5,96.85,0,62,1,2,5390,63157,False,True,False,True,True,False,False
0,1,44,1,0,0,0,1,0,1,1,1,92.95,4122.9,0,46,1,1,5635,32564,True,False,False,False,False,False,False
0,1,72,1,0,0,0,0,0,0,0,1,20.7,1482.3,0,64,1,3,4528,1273,False,True,False,True,False,False,True
0,0,1,1,0,0,1,0,0,0,0,1,74.3,74.3,1,31,0,0,5996,2344,True,False,False,False,True,False,False
0,0,66,1,0,0,0,0,0,0,0,0,19.35,1240.8,0,58,0,0,5637,19050,False,True,False,True,False,False,False
0,0,1,0,0,0,1,0,1,0,1,1,44.65,44.65,1,49,0,0,3704,3600,False,False,False,False,False,False,True
0,1,13,1,0,1,0,0,0,0,1,0,84.05,1095.3,1,40,1,0,4745,5889,True,False,False,False,False,True,False
0,0,10,1,1,0,1,0,0,0,0,1,80.7,788.8,1,54,0,0,3492,8406,True,False,False,False,False,False,False
1,1,65,1,1,0,1,1,0,1,1,1,104.35,6578.55,0,76,1,0,4073,38547,True,False,False,False,False,True,False
0,0,1,1,0,0,0,0,0,0,0,0,19.55,19.55,0,42,0,3,5272,751,False,True,False,False,False,False,True
0,1,38,1,0,1,1,1,1,1,0,0,74.05,2802.3,0,59,1,3,5975,1526,False,False,True,False,False,True,False
0,0,23,0,0,1,0,1,1,0,0,0,40.1,857.75,0,36,0,3,2327,4829,False,False,False,True,False,False,True
0,1,10,1,0,0,0,0,0,0,0,0,20.1,184.4,0,23,1,0,3509,8525,False,True,True,False,False,False,True
0,0,4,1,1,0,1,0,0,1,1,1,101.7,364.55,1,28,0,0,2777,350,True,False,False,False,False,True,False
0,1,72,1,1,1,0,1,1,1,1,1,83.55,6093.3,0,25,1,2,5940,185,False,False,False,True,True,False,False
0,1,35,1,0,0,1,0,1,0,0,0,56.85,1861.1,0,20,1,0,3102,407,False,False,False,False,False,True,False
0,0,1,1,0,0,0,0,0,0,0,0,20.4,20.4,1,31,0,0,3663,183,False,True,False,False,False,False,True
0,1,58,1,0,0,0,0,0,0,0,0,19.55,1079.65,0,52,1,2,4125,69,False,True,False,True,True,False,False
0,1,70,1,0,0,1,1,1,1,1,1,106.15,7475.1,0,37,1,3,4649,3747,True,False,True,False,False,True,False
0,1,38,1,1,0,1,1,0,1,1,0,78.95,2862.55,0,56,1,3,2125,8577,False,False,True,False,True,False,False
0,1,60,0,0,0,1,0,0,1,1,1,49.75,3069.45,0,39,1,3,6307,88,False,False,False,False,False,True,False
0,0,26,1,1,1,1,0,0,1,0,1,92.4,2349.8,0,34,0,0,5461,25,True,False,False,False,True,False,False
0,0,8,1,0,1,1,0,1,0,0,0,58.2,469.25,0,60,0,0,3325,31,False,False,True,False,False,False,False
0,1,41,1,1,0,0,1,1,1,1,1,102.6,4213.35,1,36,1,0,2098,299,True,False,True,False,False,True,False
1,1,36,1,1,0,1,0,0,1,0,1,91.95,3301.05,0,74,1,0,3273,20675,True,False,False,False,True,False,False
1,0,54,1,0,0,0,1,1,0,1,0,65.25,3529.95,0,79,0,0,6161,25418,False,False,True,False,False,False,False
0,1,71,1,1,0,1,1,0,1,1,1,106.0,7723.7,1,60,1,0,4072,47065,True,False,False,True,False,False,False
0,0,55,1,1,0,0,0,0,0,0,1,73.1,4144.9,0,50,0,0,5832,22028,True,False,False,False,False,True,False
0,0,72,1,1,1,1,0,0,0,0,0,59.75,4265.0,0,40,0,0,4515,15494,False,False,False,True,False,False,False
0,0,3,1,0,1,0,0,1,0,0,1,55.1,154.65,1,43,0,2,4412,15022,False,False,False,False,False,False,True
0,1,54,1,1,0,1,1,0,0,0,1,59.8,3246.45,0,61,1,3,5898,16599,False,False,False,True,False,False,False
0,1,72,1,1,1,1,1,1,1,1,1,116.6,8337.45,0,26,1,1,5227,25355,True,False,False,True,False,False,False
0,0,52,1,1,1,0,1,1,1,1,1,109.3,5731.4,0,54,0,0,5624,16164,True,False,False,True,False,True,False
1,0,60,1,1,1,0,0,0,1,1,1,101.4,6176.6,0,74,0,0,4483,14966,True,False,True,False,False,False,False
0,0,39,0,0,0,0,1,0,1,1,1,50.65,1905.4,0,56,0,0,5433,21313,False,False,False,False,True,False,False
0,0,15,1,0,0,0,0,0,1,0,0,56.15,931.9,0,28,0,0,5473,15975,False,False,True,False,False,False,True
0,0,69,1,1,0,0,1,1,1,1,1,106.5,7348.8,1,58,0,0,4859,37031,True,False,False,True,False,False,False
0,1,43,1,0,0,0,0,0,0,0,1,19.2,776.25,0,39,1,1,5594,35426,False,True,True,False,False,False,True
1,0,63,1,1,1,1,1,1,1,0,0,83.0,5243.05,0,71,0,0,5428,44683,False,False,True,False,False,False,False
1,1,2,1,0,0,0,0,0,0,0,0,70.1,141.65,0,70,1,0,5592,72199,True,False,False,False,False,True,False
0,1,72,1,0,1,1,1,1,1,1,1,108.3,7679.65,0,51,1,2,4183,30580,True,False,False,True,False,False,False
0,1,32,1,1,0,0,1,0,0,1,1,91.05,2954.5,1,51,1,0,3590,30715,True,False,False,False,False,False,False
0,1,40,1,1,0,0,0,0,0,0,0,25.25,1006.9,0,43,1,1,3217,38818,False,True,False,True,True,False,False
0,1,58,0,0,1,1,0,0,1,0,1,45.35,2540.1,0,55,1,0,5137,19611,False,False,True,False,False,True,False
0,0,67,0,0,1,0,0,1,1,0,0,43.9,3097.2,0,44,0,0,6344,54880,False,False,False,True,False,True,False
1,1,51,1,1,1,0,0,0,0,0,1,77.5,3807.35,1,69,1,0,5748,11396,True,False,False,False,False,True,False
0,1,31,1,1,0,0,1,1,1,1,1,79.3,2484.0,0,47,1,0,5238,592,False,False,True,False,False,False,True
1,1,69,1,1,1,1,0,0,0,0,1,84.9,5785.65,0,77,1,0,4503,42832,True,False,False,False,True,False,False
0,1,32,1,1,0,0,0,1,0,0,1,79.25,2619.15,0,64,1,0,2735,9063,True,False,True,False,False,True,False
0,0,21,1,0,1,1,0,1,1,0,0,71.05,1524.85,0,23,0,0,5138,31422,False,False,False,True,True,False,False
0,0,52,1,0,1,0,1,0,0,0,0,53.75,2790.65,0,42,0,0,5957,8403,False,False,True,False,False,True,False
0,1,72,1,1,0,0,0,0,0,0,0,24.25,1784.5,0,42,1,3,5897,854,False,True,False,True,True,False,False
0,1,72,0,0,0,1,1,0,1,1,1,54.2,3937.45,1,51,1,0,4481,264,False,False,False,True,False,True,False
0,1,52,0,0,1,0,1,0,0,1,0,44.25,2276.1,0,48,1,2,6340,34894,False,False,True,False,False,False,False
0,0,41,1,0,0,0,0,1,0,0,0,50.05,2029.05,0,62,0,0,2157,20993,False,False,True,False,False,False,False
0,0,41,1,0,0,0,0,0,0,0,0,20.15,802.35,0,46,0,0,4982,31373,False,True,False,True,False,False,True
0,0,6,1,0,0,0,0,0,0,0,1,69.25,418.4,1,50,0,0,5816,36432,True,False,False,False,False,False,True
0,1,67,1,1,1,1,1,1,0,0,1,69.35,4653.25,0,39,1,1,5589,23362,False,False,True,False,True,False,False
0,1,16,1,0,0,0,0,0,0,0,0,19.35,275.9,0,40,1,3,4146,38091,False,True,False,False,False,False,True
0,0,17,1,0,0,0,0,0,0,0,0,19.15,343.45,0,35,0,0,2717,5654,False,True,False,True,False,False,True
0,1,35,1,0,1,1,1,0,0,0,0,61.0,2130.45,0,27,1,0,4355,118,False,False,False,False,False,False,True
0,1,58,1,0,0,0,0,0,0,0,0,20.5,1191.4,0,52,1,2,6186,4796,False,True,False,True,True,False,False
0,0,1,1,0,0,0,1,0,0,0,1,50.5,50.5,1,35,0,0,2077,626,False,False,False,False,False,True,False
0,1,52,0,0,0,1,1,1,1,0,0,50.2,2554.0,0,35,1,2,5396,1279,False,False,False,True,False,False,True
0,0,70,1,0,1,0,1,1,1,1,0,79.6,5589.45,0,60,0,0,5474,3169,False,False,False,True,False,False,False
0,1,19,1,1,0,0,0,0,0,0,1,24.9,467.7,0,20,1,1,5396,1477,False,True,False,True,False,False,False
1,0,1,1,1,0,0,0,0,0,0,1,74.4,74.4,1,68,0,0,3429,1237,True,False,False,False,False,True,False
0,1,35,1,0,1,0,1,1,1,1,1,106.9,3756.45,0,33,1,3,5447,303,True,False,False,False,False,True,False
0,0,32,1,1,0,0,1,0,1,1,1,101.35,3334.9,0,33,0,0,4341,632,True,False,False,False,False,True,False
0,1,17,1,0,1,0,0,1,0,0,1,55.35,920.5,0,25,1,3,5465,86,False,False,False,False,True,False,False
0,1,67,1,0,0,1,0,0,0,0,0,50.55,3431.75,0,44,1,3,5122,262,False,False,True,False,True,False,False
0,0,9,1,0,0,0,0,0,0,0,0,19.5,150.35,0,56,0,0,4883,35808,False,True,False,False,False,False,False
0,0,31,1,1,0,1,0,1,1,1,1,79.45,2587.7,1,37,0,0,2872,32848,False,False,True,False,False,False,True
0,0,4,1,1,1,0,0,0,1,0,0,90.65,367.95,0,43,0,0,3559,282,True,False,False,False,False,True,False
1,1,58,1,1,1,1,0,1,0,0,1,89.85,5125.75,0,71,1,1,5035,7503,True,False,True,False,False,False,False
0,0,60,1,0,1,0,1,1,1,1,0,79.0,4801.1,0,62,0,0,4807,178,False,False,True,False,False,False,True
0,0,58,1,1,0,0,1,1,1,1,1,104.65,6219.6,1,34,0,0,5411,614,True,False,True,False,False,True,False
0,0,1,1,0,0,0,0,0,0,0,0,19.55,19.55,0,35,0,0,3718,404,False,True,False,False,False,False,True
0,1,27,1,0,0,0,0,0,0,0,0,19.9,550.1,0,36,1,3,4870,19,False,True,False,True,False,False,True
1,1,66,1,1,1,1,1,1,1,1,1,116.25,7862.25,0,77,1,2,4578,3524,True,False,True,False,False,True,False
0,0,15,1,1,1,0,0,0,1,0,1,87.75,1242.2,0,20,0,0,5415,587,True,False,False,False,False,False,False
1,1,47,1,1,0,0,1,0,1,1,1,100.05,4871.05,1,68,1,0,5166,452,True,False,False,False,False,True,False
0,0,41,1,1,1,0,0,0,0,0,1,81.3,3190.65,0,32,0,0,2299,1351,True,False,False,False,True,False,False
0,1,59,0,0,0,0,0,0,1,1,1,44.3,2666.75,0,21,1,0,5905,1454,False,False,False,False,False,True,False
0,0,50,1,0,0,0,0,0,0,0,0,70.35,3533.6,0,45,0,2,5521,76,True,False,False,True,True,False,False
0,1,17,0,0,1,0,1,0,1,0,0,44.45,792.15,0,20,1,2,3522,23990,False,False,True,False,True,False,False
0,1,6,1,0,1,0,0,0,0,0,1,49.15,295.65,0,48,1,3,4076,9752,False,False,False,False,False,True,False
1,1,51,0,0,0,1,0,0,0,0,1,29.45,1459.35,0,71,1,0,6285,2064,False,False,False,False,True,False,False
0,0,44,1,0,0,1,0,1,1,1,0,100.55,4398.15,1,41,0,0,3486,9763,True,False,False,False,False,True,False
0,1,49,1,0,0,1,0,0,1,0,1,85.3,4297.95,0,44,1,0,4696,17922,True,False,False,False,True,False,False
0,0,2,1,0,0,1,0,0,1,1,0,95.65,167.3,1,34,0,0,5332,531,True,False,False,False,False,True,False
0,1,59,1,1,1,0,0,1,0,1,1,69.1,4096.9,0,30,1,0,4765,1931,False,False,True,False,False,False,True
1,0,50,1,1,1,1,0,0,1,0,1,70.35,3454.6,0,69,0,0,5596,8695,False,False,False,False,False,False,False
0,1,59,1,0,0,0,0,0,0,0,0,20.6,1286.0,0,45,1,2,6325,11168,False,True,False,True,False,False,True
0,0,18,1,1,0,0,0,0,0,0,0,74.15,1387.0,0,63,0,0,2643,1146,True,False,False,False,False,False,True
0,0,10,1,1,0,0,0,0,0,0,0,75.05,786.3,0,22,0,0,3399,301,True,False,False,False,False,True,False
0,1,14,1,0,0,0,0,0,0,0,0,44.6,641.25,0,57,1,0,4612,776,False,False,True,False,False,True,False
0,0,35,1,0,0,0,0,0,0,0,0,21.45,705.45,0,47,0,0,3967,17269,False,True,False,True,False,False,False
0,1,8,1,0,0,0,0,0,0,0,1,43.45,345.5,0,48,1,2,4184,565,False,False,True,False,False,False,True
0,1,18,1,0,0,0,0,0,0,0,0,20.05,345.9,0,56,1,3,4458,6439,False,True,True,False,False,False,False
0,1,60,1,1,1,1,0,0,1,0,0,94.15,5811.8,0,35,1,3,6399,1519,True,False,True,False,False,False,False
0,0,1,1,0,0,0,1,0,1,1,0,94.4,94.4,1,49,0,0,5764,13706,True,False,False,False,False,True,False
0,0,6,1,0,0,0,0,0,0,0,0,19.55,124.45,0,61,0,0,5980,17782,False,True,False,True,False,False,True
0,0,19,1,1,1,1,0,1,1,0,1,75.9,1375.6,0,49,0,3,4198,28382,False,False,False,False,False,False,True
0,1,53,1,1,1,1,0,1,0,0,0,64.15,3491.55,0,35,1,2,5570,1254,False,False,True,False,False,False,False
1,1,72,1,1,1,1,1,0,1,1,1,109.55,7920.7,0,67,1,0,4086,28318,True,False,False,True,False,False,False
0,1,60,1,1,0,1,1,1,1,1,1,110.8,6640.7,0,34,1,0,5942,495,True,False,False,True,True,False,False
0,0,1,1,0,0,0,0,0,1,0,1,55.0,55.0,1,47,0,0,3809,6189,False,False,False,False,True,False,False
0,0,13,1,0,0,0,1,1,0,0,0,53.45,718.1,0,40,0,1,4335,26971,False,False,False,False,False,False,True
0,1,5,1,0,0,0,0,0,0,0,0,69.95,320.4,0,47,1,2,3850,74,True,False,False,False,True,False,False
0,0,1,1,1,0,0,1,0,1,1,1,101.45,101.45,1,32,0,0,4390,1601,True,False,False,False,False,True,False
0,1,13,1,0,0,0,1,0,1,1,0,97.0,1334.45,0,60,1,1,5282,963,True,False,False,False,False,True,False
0,0,37,1,1,1,1,1,1,1,1,1,90.6,3358.65,0,42,0,0,2546,28,False,False,True,False,False,False,False
0,1,64,1,0,1,0,0,0,0,0,1,73.55,4764.0,0,40,1,0,5018,844,True,False,False,False,False,False,True
0,1,5,1,1,0,0,1,1,1,0,0,67.95,350.3,1,39,1,0,3889,101,False,False,False,False,False,False,False
0,1,61,1,1,0,1,0,1,0,1,1,94.35,5703.0,0,55,1,0,4676,3193,True,False,False,True,False,False,False
0,0,1,1,0,0,0,0,0,0,0,1,69.5,69.5,1,41,0,0,3365,513,True,False,False,False,False,True,False
0,0,1,1,0,0,0,0,0,0,0,1,18.85,18.85,1,53,0,0,4132,73,False,True,False,False,False,False,True
0,0,26,1,0,0,0,0,0,0,0,0,19.4,525.55,0,29,0,0,4602,145,False,True,True,False,False,False,True
0,0,1,1,0,0,0,0,0,0,0,1,69.2,69.2,1,44,0,0,4073,4579,True,False,False,False,False,True,False
0,1,24,1,0,0,0,0,0,0,0,0,19.75,483.15,0,32,1,0,3455,8812,False,True,False,True,False,False,True
0,1,17,0,0,0,0,1,1,1,1,0,54.6,934.8,0,29,1,0,4590,34967,False,False,True,False,False,True,False
0,0,26,0,0,0,0,1,0,0,0,1,29.8,786.5,0,24,0,2,3746,27786,False,False,False,False,False,False,True
0,0,1,1,0,0,0,0,0,0,0,1,69.65,69.65,1,30,0,0,5258,31586,True,False,False,False,False,True,False
1,1,40,1,1,1,0,0,0,1,1,0,101.85,4086.3,1,76,1,0,2837,30338,True,False,False,False,False,True,False
0,0,52,1,1,0,1,1,0,1,1,1,103.05,5364.8,0,33,0,0,5432,41476,True,False,False,False,False,True,False
0,0,1,1,0,0,1,1,0,0,0,1,82.3,82.3,1,64,0,0,4278,615,True,False,False,False,False,True,False
0,0,1,1,0,0,0,0,0,0,0,0,20.3,20.3,0,22,0,0,5203,21418,False,True,False,False,False,False,True
0,0,21,0,0,1,0,0,1,0,0,0,35.1,770.4,0,34,0,0,2991,899,False,False,False,True,False,False,True
0,1,67,1,1,0,1,1,0,1,1,1,105.7,6816.95,0,23,1,0,5027,595,True,False,True,False,False,False,False
0,1,44,1,0,1,0,0,1,0,0,0,56.25,2419.55,0,36,1,3,3918,269,False,False,False,False,False,False,False
0,1,70,0,0,0,1,1,1,1,1,0,60.35,4138.7,0,19,1,3,4122,265,False,False,True,False,False,True,False
0,0,3,1,0,0,0,0,0,1,0,0,79.25,267.6,1,33,0,0,4183,4552,True,False,False,False,False,True,False
0,1,56,1,0,1,1,1,0,0,0,1,59.8,3457.45,0,45,1,2,4964,290,False,False,False,True,False,False,False
0,0,13,1,1,0,0,0,0,0,1,1,84.6,1115.2,1,27,0,0,2659,417,True,False,False,False,False,True,False
0,1,58,1,1,1,1,0,0,0,1,1,93.4,5435.6,1,37,1,0,5989,344,True,False,False,False,False,False,False
0,1,42,1,1,0,0,0,0,1,1,1,94.2,4186.3,1,25,1,0,5458,228,True,False,False,False,False,True,False
1,1,1,0,0,0,0,0,0,0,0,0,25.05,25.05,1,74,1,0,2119,6277,False,False,False,False,False,True,False
0,1,46,1,1,1,0,1,1,0,1,0,99.65,4630.2,0,32,1,1,4736,2664,True,False,False,True,False,False,True
0,1,63,1,0,1,0,0,0,0,0,1,50.65,3221.25,0,37,1,1,4847,13840,False,False,False,True,False,False,False
0,0,11,1,0,0,1,1,1,0,0,1,60.9,688.5,0,23,0,0,2726,12348,False,False,False,False,False,True,False
0,1,15,1,1,0,0,1,1,0,0,1,59.65,867.1,0,22,1,2,3974,1162,False,False,False,False,False,False,False
0,1,72,0,0,1,1,1,1,1,1,1,64.7,4746.05,0,33,1,0,6075,960,False,False,False,True,False,True,False
0,0,29,0,0,0,0,0,0,0,0,1,25.1,712.85,1,53,0,0,2796,2602,False,False,False,False,True,False,False
0,0,1,1,0,0,0,1,0,0,0,0,48.95,48.95,1,22,0,2,3913,2156,False,False,False,False,False,True,False
0,1,6,1,0,0,0,0,0,1,0,0,54.85,355.1,0,23,1,2,5729,1902,False,False,False,False,False,True,False
0,0,1,1,0,0,0,0,0,0,0,0,45.3,45.3,1,59,0,0,5774,84,False,False,False,False,False,True,False
0,1,63,1,1,0,1,0,0,0,1,1,91.35,5764.7,0,62,1,2,4512,170,True,False,True,False,False,True,False
0,0,2,1,0,0,0,1,0,0,1,1,85.85,167.3,1,58,0,0,3273,48690,True,False,False,False,False,True,False
0,1,18,1,1,0,0,0,0,0,0,0,25.1,428.45,0,33,1,1,3675,373,False,True,False,True,False,False,True
0,1,43,0,0,1,0,0,1,0,0,0,34.0,1505.35,0,34,1,0,5409,392,False,False,False,False,False,False,False
0,0,15,0,0,1,1,1,1,0,0,0,45.9,693.45,0,60,0,0,3572,3357,False,False,True,False,False,False,True
0,0,10,1,1,0,0,0,0,1,1,0,95.2,930.4,1,54,0,0,4922,295,True,False,False,False,False,True,False
0,1,55,1,0,0,0,0,0,0,0,0,20.5,1177.95,0,57,1,3,5011,616,False,True,False,True,False,False,True
0,0,49,1,1,0,0,0,1,1,1,1,100.6,5069.65,1,42,0,0,5585,1294,True,False,True,False,False,False,False
0,1,6,1,0,0,1,1,0,0,0,1,55.3,324.25,1,49,1,1,3878,397,False,False,False,False,False,False,True
0,1,70,1,0,0,0,0,0,0,0,0,20.35,1458.1,0,38,1,1,5748,42239,False,True,False,True,True,False,False
1,0,2,1,1,0,0,0,0,0,0,1,74.85,156.4,1,79,0,0,5378,1026,True,False,False,False,False,False,True
1,1,63,0,0,1,0,0,1,0,0,0,36.1,2298.9,0,76,1,0,5089,268,False,False,True,False,False,False,False
0,0,25,1,0,0,1,0,1,0,1,1,65.8,1679.65,0,33,0,0,3962,911,False,False,False,False,False,False,False
1,0,18,1,0,0,0,0,0,0,0,0,20.35,369.6,0,77,0,0,4713,734,False,True,True,False,False,False,False
1,1,28,1,1,0,1,0,1,1,1,1,105.8,2998.0,0,67,1,0,4174,482,True,False,False,False,False,True,False
1,0,53,1,0,1,1,0,1,0,1,1,96.75,5206.55,0,72,0,0,4766,1236,True,False,True,False,False,False,True
0,0,35,1,0,0,1,1,0,1,1,1,102.35,3626.1,1,26,0,0,2473,1845,True,False,True,False,False,False,False
0,0,1,0,0,0,0,0,0,0,0,0,24.4,24.4,0,45,0,0,4570,386,False,False,False,False,False,False,True
0,1,70,1,1,1,1,1,1,1,1,0,115.65,7968.85,1,51,1,0,5563,3756,True,False,True,False,True,False,False
0,0,2,1,0,0,0,1,1,0,0,1,79.85,152.45,1,46,0,0,3280,1554,True,False,False,False,False,True,False
0,1,26,1,0,0,1,0,1,1,1,1,73.05,1959.5,0,35,1,0,2753,1586,False,False,False,False,False,True,False
0,0,34,1,0,1,1,0,0,0,1,0,64.35,2053.05,0,55,0,0,3445,816,False,False,True,False,False,True,False
0,0,19,1,0,0,0,0,0,0,0,0,20.5,398.55,0,29,0,1,4855,598,False,True,False,True,False,False,True
0,0,15,1,1,0,0,0,0,0,0,1,76.0,1130.85,1,29,0,0,4938,78,True,False,False,False,False,False,True
0,1,62,1,0,1,0,1,0,0,0,0,54.75,3425.35,0,22,1,3,5010,830,False,False,True,False,True,False,False
1,0,42,1,1,0,1,1,0,1,1,1,104.75,4323.45,1,69,0,0,2984,124,True,False,False,False,False,False,False
0,0,9,1,0,1,1,0,0,1,1,1,74.65,703.55,1,31,0,0,5900,42239,False,False,False,False,False,True,False
0,0,24,1,0,1,0,0,0,0,0,1,51.15,1275.7,0,60,0,0,5796,431,False,False,False,False,False,True,False
1,1,68,0,0,1,1,1,0,0,0,1,41.95,2965.75,0,79,1,0,5607,7309,False,False,False,True,False,True,False
0,1,31,1,0,0,0,1,1,0,0,0,54.35,1647.0,0,20,1,1,3615,240,False,False,False,False,False,False,True
0,0,1,1,0,0,0,0,0,0,1,1,56.25,56.25,1,49,0,0,3065,829,False,False,False,False,False,True,False
0,1,21,1,1,0,0,1,1,1,1,1,106.1,2249.95,1,27,1,0,3584,182,True,False,False,False,False,True,False
0,1,63,1,0,0,1,0,0,1,1,1,96.0,6109.75,0,20,1,0,5016,4931,True,False,True,False,False,True,False
1,0,2,1,0,0,0,0,0,0,1,1,79.75,159.4,1,74,0,0,4038,263,True,False,False,False,False,False,False
0,1,61,0,0,0,1,1,1,1,1,1,61.45,3751.15,0,46,1,3,5063,433,False,False,False,True,False,False,False
0,0,1,1,0,0,0,0,0,0,0,0,68.65,68.65,1,62,0,0,3052,215,True,False,False,False,False,True,False
0,0,18,1,0,0,0,0,0,0,0,0,19.65,411.25,0,32,0,0,4695,26438,False,True,True,False,False,False,True
0,1,6,1,0,0,0,0,0,0,0,0,19.0,105.5,0,38,1,3,5518,459,False,True,True,False,True,False,False
0,0,33,1,1,0,1,0,0,1,1,1,100.0,3320.6,0,44,0,0,4643,88,True,False,False,False,False,True,False
0,0,16,1,0,0,0,0,0,0,0,0,20.25,327.45,1,24,0,0,4327,332,False,True,False,False,False,False,False
0,1,56,1,0,0,0,1,1,1,1,1,98.7,5669.5,0,62,1,0,5141,528,True,False,False,False,False,True,False
0,0,23,1,0,0,0,0,0,0,0,0,19.8,465.45,0,50,0,3,3058,4231,False,True,True,False,False,False,True
0,0,9,1,0,0,0,1,0,0,0,1,73.8,704.3,0,54,0,0,4895,405,True,False,False,False,False,True,False
1,1,14,1,1,0,1,0,0,1,1,1,100.2,1369.8,1,71,1,0,3369,734,True,False,False,False,False,True,False
0,1,15,1,1,0,0,0,0,0,0,1,74.9,1107.25,1,39,1,0,2510,439,True,False,False,False,False,False,False
0,0,5,1,0,0,0,0,0,0,0,0,20.05,95.55,0,26,0,0,2483,3749,False,True,False,False,True,False,False
0,1,61,1,1,1,1,0,0,1,1,1,106.2,6375.2,0,40,1,0,6298,5896,True,False,False,False,False,True,False
0,1,70,1,1,1,1,1,1,1,1,1,116.55,8152.3,0,21,1,2,6116,843,True,False,False,True,True,False,False
0,0,15,1,1,1,0,0,0,1,1,1,99.7,1566.75,0,53,0,0,4157,9538,True,False,False,False,False,True,False
0,1,8,1,0,0,0,0,0,0,0,0,19.7,130.25,0,27,1,1,5962,5096,False,True,False,True,False,False,True
0,1,8,1,0,0,0,0,0,0,0,0,19.5,162.15,0,19,1,2,3598,1839,False,True,False,True,False,False,True
0,0,4,0,0,1,0,0,0,0,0,1,29.15,110.05,0,53,0,0,2657,857,False,False,False,False,False,False,True
0,0,34,1,0,1,1,0,0,0,0,0,55.0,1885.15,0,31,0,0,4027,650,False,False,True,False,False,False,True
0,1,68,1,1,1,1,1,1,1,1,1,90.8,6302.85,0,38,1,0,4265,88,False,False,False,True,True,False,False
0,1,45,0,0,0,1,1,1,0,1,0,51.0,2264.5,0,52,1,2,4534,1332,False,False,True,False,False,False,False
1,0,9,1,1,0,0,1,0,1,0,1,90.1,816.8,0,66,0,0,2893,104,True,False,False,False,False,True,False
0,0,22,1,1,1,0,0,1,0,0,1,59.05,1253.5,0,33,0,0,3995,1177,False,False,False,False,False,False,True
0,0,2,1,0,0,0,0,0,0,0,0,20.3,41.2,0,39,0,0,5074,132,False,True,False,False,False,False,True
0,1,70,1,1,0,1,1,1,1,0,0,72.95,5265.55,0,50,1,0,6466,231,False,False,False,True,False,False,False
0,0,10,1,1,1,0,1,1,0,1,0,73.55,693.3,0,23,0,1,4434,946,False,False,True,False,True,False,False
0,0,72,1,1,1,0,1,1,1,1,0,84.3,5997.1,0,55,0,0,6012,3093,False,False,False,True,True,False,False
0,1,49,1,0,0,1,1,0,1,1,0,78.0,3824.2,0,23,1,1,4200,42239,False,False,True,False,True,False,False
1,0,54,1,1,0,1,0,1,1,0,0,72.1,3886.05,0,68,0,0,4277,277,False,False,True,False,False,False,True
0,0,71,1,1,1,1,1,0,1,1,1,106.75,7283.25,0,57,0,0,5610,385,True,False,False,True,True,False,False
0,0,22,1,0,0,0,0,0,0,0,1,19.25,412.55,0,50,0,0,2691,1822,False,True,True,False,False,False,True
0,1,50,1,0,0,0,0,0,0,0,0,20.55,1070.25,0,37,1,3,4878,85,False,True,False,True,True,False,False
0,1,43,1,0,0,0,0,0,0,0,0,20.0,817.95,0,51,1,2,4882,957,False,True,True,False,False,False,True
0,1,45,1,1,0,0,0,0,0,0,1,24.65,1171.3,0,21,1,1,2194,481,False,True,False,True,True,False,False
1,0,64,1,1,1,1,0,0,1,1,1,103.5,6548.65,0,78,0,0,5125,4236,True,False,False,False,False,False,False
0,1,23,1,1,0,0,0,0,0,0,0,23.85,625.65,0,61,1,3,5945,61,False,True,False,True,False,False,True
0,1,68,1,1,0,0,0,0,0,0,0,25.8,1911.5,0,41,1,0,4747,322,False,True,False,True,True,False,False
0,0,1,1,0,0,0,0,0,0,0,1,70.85,70.85,1,51,0,0,2874,348,True,False,False,False,False,True,False
0,0,2,1,0,0,0,0,0,0,0,1,69.8,134.7,1,56,0,0,2320,227,True,False,False,False,True,False,False
0,0,26,1,0,0,0,0,1,1,0,0,59.45,1507.0,0,47,0,0,2074,408,False,False,True,False,True,False,False
0,1,55,0,0,0,0,1,1,1,1,1,54.55,2978.3,1,30,1,0,6041,19440,False,False,False,False,False,False,False
0,0,14,1,0,0,0,0,0,0,0,1,20.05,299.3,0,27,0,0,5728,72,False,True,False,False,False,True,False
0,1,71,1,0,1,0,1,1,1,1,1,82.55,5832.65,0,34,1,0,4668,116,False,False,False,True,False,True,False
0,0,64,1,1,1,1,1,1,1,0,0,81.25,5567.55,0,25,0,0,4761,2595,False,False,True,False,False,True,False
0,0,7,1,0,0,0,0,1,1,1,1,70.75,450.8,1,57,0,0,2248,162,False,False,False,False,True,False,False
0,0,57,1,0,1,1,1,1,1,0,1,74.3,4166.35,0,61,0,0,5741,4158,False,False,False,True,True,False,False
0,1,13,1,1,0,1,1,0,1,0,0,94.1,1215.6,1,26,1,0,2973,1943,True,False,False,False,False,True,False
0,1,3,0,0,1,0,0,0,0,0,0,29.7,91.7,1,46,1,2,2613,858,False,False,False,False,True,False,False
1,1,72,1,1,0,1,1,1,1,1,0,109.7,7898.45,0,76,1,0,4319,1291,True,False,False,True,True,False,False
0,1,40,1,1,0,1,1,0,1,0,1,96.35,3915.4,0,51,1,2,2004,4806,True,False,False,False,True,False,False
0,1,14,1,1,0,0,0,1,1,0,1,66.6,979.5,0,48,1,0,3516,4002,False,False,False,False,True,False,False
0,1,2,1,0,0,0,0,0,0,0,1,44.5,90.05,0,33,1,1,5456,942,False,False,False,False,False,True,False
1,0,66,1,1,0,1,1,1,1,1,0,110.9,7432.05,1,69,0,0,4389,678,True,False,True,False,True,False,False
0,1,38,1,1,0,0,1,1,1,1,1,105.0,4026.4,1,60,1,0,2341,4258,True,False,False,False,False,True,False
0,0,1,0,0,0,0,0,0,0,0,1,25.3,25.3,1,20,0,3,5421,4258,False,False,False,False,False,True,False
0,0,22,1,0,0,1,0,1,0,0,1,55.15,1193.05,1,22,0,0,5866,4258,False,False,True,False,True,False,False
0,0,1,1,0,0,0,0,0,0,0,1,20.1,20.1,1,25,0,0,4389,4258,False,True,False,False,False,False,True
0,0,5,1,0,0,0,0,0,1,0,1,80.1,398.55,0,56,0,0,5225,58198,True,False,False,False,False,False,True
0,1,29,1,1,1,0,0,1,1,0,0,69.05,1958.45,0,26,1,2,4459,67852,False,False,True,False,False,False,False
0,1,1,1,0,0,0,0,0,0,0,1,69.9,69.9,1,49,1,0,2100,4258,True,False,False,False,False,False,True
0,0,3,1,0,0,0,0,0,0,0,0,20.4,63.15,0,42,0,0,5695,62784,False,True,False,False,False,False,True
0,1,71,1,0,0,0,0,0,0,0,0,19.7,1301.1,0,53,1,1,4808,45025,False,True,False,True,True,False,False
0,0,9,1,0,0,1,0,0,0,0,1,50.1,484.05,0,34,0,2,4738,30852,False,False,False,False,False,True,False
0,0,43,1,1,0,1,0,0,1,1,1,101.4,4528.0,1,39,0,0,3370,4258,True,False,False,False,False,True,False
0,0,48,1,1,1,1,1,0,1,1,1,83.45,3887.85,0,30,0,0,4250,101215,False,False,True,False,True,False,False
0,0,26,1,1,1,1,0,0,0,0,1,86.65,2208.75,0,19,0,0,4469,30596,True,False,False,False,True,False,False
0,0,9,1,0,0,0,0,0,0,0,0,20.15,238.15,0,63,0,0,3772,9732,False,True,False,False,False,False,False
0,0,1,1,0,0,0,0,0,0,1,1,80.8,80.8,1,34,0,0,4424,4258,True,False,False,False,False,True,False
0,1,46,1,0,0,0,0,0,0,0,0,19.4,958.15,0,46,1,3,4630,15140,False,True,False,True,True,False,False
0,0,2,1,1,0,0,0,0,0,1,0,62.05,118.3,1,44,0,0,5344,4258,False,False,False,False,False,False,False
1,0,1,1,1,0,0,0,0,0,0,1,76.45,76.45,1,74,0,0,3763,4258,True,False,False,False,False,True,False
0,1,64,0,0,1,0,1,1,1,1,1,60.05,3845.45,0,48,1,1,4120,47143,False,False,False,True,False,False,False
1,0,12,1,1,0,1,0,0,1,0,1,91.3,1094.5,1,79,0,0,4703,4258,True,False,False,False,False,True,False
1,1,6,1,0,0,0,1,0,1,1,1,95.75,573.75,1,69,1,0,5750,4258,True,False,False,False,False,True,False
0,1,59,1,0,0,0,0,0,0,0,0,20.35,1267.0,0,29,1,0,5757,3012,False,True,True,False,False,False,True
0,0,7,1,0,0,1,0,0,1,1,1,94.05,633.45,0,20,0,0,5545,68701,True,False,True,False,False,False,True
1,1,72,1,1,1,1,1,0,1,1,1,84.1,6129.65,0,72,1,0,4999,47487,False,False,False,True,True,False,False
1,0,16,1,0,0,0,0,0,0,1,1,78.75,1218.25,0,68,0,0,4351,44150,True,False,False,False,False,True,False
0,1,25,1,1,0,0,1,0,0,0,0,55.55,1405.3,0,49,1,0,2950,41175,False,False,False,False,True,False,False
0,1,34,1,1,1,1,0,1,0,0,0,62.65,2274.9,1,19,1,0,3918,73686,False,False,False,False,False,True,False
0,0,1,1,1,0,0,0,0,0,0,1,74.5,74.5,1,33,0,0,2016,48727,True,False,False,False,False,True,False
0,1,10,1,1,0,1,1,0,1,1,1,102.1,1068.85,1,31,1,0,3596,30568,True,False,False,False,True,False,False
0,1,24,1,0,0,0,0,0,0,0,0,20.1,533.9,0,56,1,0,5689,41713,False,True,True,False,False,False,True
0,1,10,1,1,1,1,0,0,1,0,0,70.3,676.15,0,42,1,1,5496,38415,False,False,True,False,False,True,False
0,1,69,1,0,1,1,0,0,0,0,1,53.65,3804.4,0,36,1,0,6092,46960,False,False,True,False,True,False,False
0,0,57,1,0,0,0,0,0,0,0,0,20.75,1118.8,0,37,0,0,6271,49431,False,True,False,True,False,False,True
0,1,50,1,0,0,1,1,1,1,1,1,103.4,5236.4,0,38,1,1,5437,58218,True,False,True,False,False,False,False
0,1,28,0,0,1,0,1,1,1,0,0,50.8,1386.8,0,42,1,1,3240,27799,False,False,True,False,False,False,True
0,0,16,1,0,1,0,0,0,0,0,1,50.15,762.25,1,21,0,0,4254,32901,False,False,False,False,False,True,False
0,0,25,1,0,1,1,0,1,1,1,1,79.0,1902.0,0,28,0,0,5263,56709,False,False,False,False,False,False,True
1,1,3,1,0,0,1,0,0,0,0,1,74.6,239.05,0,80,1,0,3711,32562,True,False,False,False,False,False,False
0,1,61,1,1,0,0,0,0,1,1,1,96.5,5673.7,0,46,1,0,5926,29310,True,False,True,False,False,False,False
0,0,2,1,0,0,0,0,0,0,0,0,20.1,39.8,0,60,0,0,2051,9805,False,True,False,False,False,False,True
0,1,51,1,0,0,0,0,0,0,0,0,19.4,997.75,0,38,1,3,4025,27866,False,True,True,False,False,False,True
0,1,71,1,0,1,0,1,0,1,1,0,77.55,5574.35,0,21,1,3,5097,64672,False,False,False,True,True,False,False
0,1,20,1,0,0,0,0,0,0,0,0,20.05,406.05,0,31,1,2,2698,44764,False,True,False,False,False,False,True
0,1,6,1,0,0,0,0,0,0,0,0,19.85,138.85,0,54,1,2,2186,87383,False,True,False,False,True,False,False
0,0,6,1,0,0,0,0,0,0,0,0,20.2,123.65,0,64,0,0,5029,39334,False,True,False,False,False,False,True
0,0,29,1,1,1,1,0,1,0,0,0,67.45,1801.1,0,48,0,0,3152,49839,False,False,False,False,False,False,True
0,0,36,1,0,0,0,0,0,0,0,1,18.55,689.0,0,33,0,0,5703,47107,False,True,False,True,True,False,False
0,0,28,0,0,0,0,1,0,0,0,1,29.75,790.7,0,35,0,0,5463,21739,False,False,False,False,False,False,True
0,1,7,1,1,0,0,0,0,1,0,1,86.5,582.5,1,62,1,0,3887,33523,True,False,False,False,False,True,False
0,0,63,1,1,0,0,0,0,0,0,0,24.2,1618.2,0,64,0,0,4948,8115,False,True,False,True,False,False,True
0,1,48,1,1,0,0,0,0,0,0,0,23.55,1173.35,0,39,1,1,5019,44004,False,True,False,True,False,False,True
0,1,49,1,0,0,0,0,0,0,0,0,20.45,900.9,0,48,1,0,6061,3642,False,True,True,False,False,False,False
1,0,27,1,1,0,1,0,0,0,0,1,81.45,2122.05,1,80,0,0,2571,38128,True,False,False,False,False,True,False
0,1,72,1,1,1,1,1,1,1,1,0,92.3,6719.9,0,42,1,0,5136,24511,False,False,False,True,True,False,False
0,1,1,1,0,0,0,0,0,0,0,1,69.15,69.15,1,54,1,0,4179,29299,True,False,False,False,False,True,False
0,1,72,0,0,0,1,0,1,1,1,0,53.65,3784.0,0,49,1,3,5498,55668,False,False,False,True,True,False,False
0,0,47,0,0,1,1,0,1,0,0,0,39.65,1798.65,0,57,0,0,4670,24505,False,False,True,False,True,False,False
0,0,1,1,0,0,0,0,0,1,0,1,54.65,54.65,0,41,0,0,5882,47534,False,False,False,False,False,True,False
0,0,36,1,1,0,1,1,0,1,1,1,104.8,3886.45,0,52,0,0,5319,55204,True,False,True,False,False,False,False
0,1,43,0,0,0,1,0,0,0,0,0,29.3,1224.05,0,44,1,3,4741,2527,False,False,False,False,True,False,False
1,1,27,1,1,0,1,1,1,1,1,0,83.85,2310.2,0,76,1,0,5907,21728,False,False,False,False,False,True,False
0,0,9,1,0,0,0,0,0,0,1,1,79.55,723.4,1,40,0,0,3246,20408,True,False,False,False,False,True,False
0,0,38,1,1,0,0,1,1,1,1,1,103.65,3988.5,0,22,0,0,2511,21,True,False,False,False,False,True,False
1,0,35,1,1,1,0,0,0,1,1,1,99.05,3554.6,0,78,0,0,3484,10470,True,False,False,False,False,True,False
0,1,0,1,1,0,1,1,1,1,0,0,73.35,0.0,0,25,1,3,2342,105285,False,False,False,True,False,False,True
0,1,59,1,0,0,1,0,1,1,1,1,100.05,6034.85,0,32,1,0,4521,21397,True,False,False,True,False,False,True
0,0,27,1,0,0,0,0,0,0,0,0,20.35,531.6,0,42,0,0,4962,8321,False,True,False,True,True,False,False
1,0,2,1,0,0,0,0,0,0,0,0,43.95,85.1,0,74,0,0,4057,11355,False,False,False,False,False,True,False
0,0,7,1,1,0,0,0,0,0,0,0,23.5,173.0,0,54,0,0,5508,47305,False,True,False,False,False,False,True
0,0,36,1,1,0,1,0,1,0,1,1,70.7,2511.95,0,55,0,0,3566,51387,False,False,True,False,False,False,True
0,1,41,1,1,1,1,0,0,1,0,1,94.3,3893.6,0,19,1,2,2196,29825,True,False,False,False,False,False,False
0,0,13,0,0,0,1,0,0,0,0,0,29.15,357.15,0,33,0,0,2876,31963,False,False,False,False,False,True,False
0,0,19,1,0,0,0,0,0,0,0,0,20.85,467.5,0,62,0,2,2654,15195,False,True,False,True,True,False,False
0,1,60,0,0,1,1,0,1,0,0,0,37.7,2288.7,0,61,1,0,5148,24908,False,False,False,True,False,False,False
0,0,48,1,0,0,1,1,1,1,0,1,95.5,4627.85,1,47,0,0,2459,40152,True,False,False,True,False,False,True
1,0,3,1,1,0,0,1,0,1,0,0,91.05,289.1,1,65,0,0,2194,42459,True,False,False,False,False,True,False
0,1,69,1,1,0,1,0,1,1,0,1,92.45,6460.55,0,47,1,0,4452,16041,True,False,False,True,False,False,True
0,0,43,0,0,0,0,1,1,0,1,0,44.15,1931.3,0,63,0,0,2522,47758,False,False,True,False,False,True,False
0,0,11,0,0,1,0,0,1,0,0,1,36.05,402.6,0,54,0,1,4265,9960,False,False,True,False,False,False,True
0,1,45,1,0,0,0,1,0,0,0,1,50.25,2221.55,0,42,1,0,2036,26442,False,False,False,False,True,False,False
0,1,72,1,1,0,1,1,1,1,1,1,109.75,7758.9,0,53,1,0,5791,93315,True,False,False,True,True,False,False
1,1,2,1,1,0,0,1,0,0,0,0,79.2,172.85,1,78,1,0,4225,18693,True,False,False,False,False,True,False
0,1,12,1,0,0,0,0,0,0,0,0,20.3,224.5,0,48,1,3,5190,78114,False,True,False,True,False,False,False
0,1,67,1,1,0,1,1,1,1,1,1,112.35,7388.45,0,20,1,3,5427,33300,True,False,True,False,True,False,False
0,1,37,1,1,0,0,1,1,1,0,0,94.3,3460.95,0,23,1,0,2615,69850,True,False,False,True,False,False,True
0,0,39,0,0,1,1,0,1,0,0,0,41.15,1700.9,0,19,0,0,3445,11,False,False,True,False,False,False,False
0,0,41,1,1,1,0,1,1,0,1,1,74.65,3090.65,0,47,0,0,3859,19630,False,False,False,False,False,False,False
0,0,25,0,0,0,0,1,0,1,1,1,48.25,1293.8,0,20,0,0,4284,33758,False,False,False,False,False,True,False
0,1,8,1,1,1,1,0,1,0,1,1,76.15,645.8,0,32,1,1,4457,28094,False,False,False,True,True,False,False
0,1,71,1,1,1,1,1,1,0,0,0,71.1,5224.95,0,63,1,3,6090,22548,False,False,False,True,False,False,True
0,0,5,1,1,0,1,1,0,0,1,0,96.55,500.1,0,40,0,0,3787,24979,True,False,False,False,False,True,False
0,0,30,1,1,1,0,1,0,1,1,1,79.3,2427.1,0,59,0,0,2655,41263,False,False,True,False,True,False,False
0,0,40,1,0,0,1,0,1,0,1,1,89.6,3488.15,0,30,0,0,2524,34191,True,False,True,False,True,False,False
0,0,54,1,0,0,0,0,0,0,0,1,20.5,1035.7,0,44,0,0,5946,37322,False,True,False,True,False,False,True
0,1,72,1,1,0,1,1,0,1,1,1,106.3,7565.35,0,22,1,0,4634,96267,True,False,False,True,False,False,False
0,1,28,1,0,0,1,1,0,1,1,0,100.35,2799.0,0,39,1,2,3411,5451,True,False,True,False,False,False,False
0,1,18,1,0,0,0,0,1,0,1,1,85.6,1601.5,0,45,1,3,5968,31021,True,False,False,False,False,True,False
0,0,2,0,0,0,0,0,0,1,1,1,45.25,85.5,1,28,0,0,4566,18058,False,False,False,False,False,True,False
0,1,59,1,1,0,1,1,0,1,1,1,106.15,6256.2,0,63,1,1,5096,11264,True,False,True,False,False,True,False
0,1,22,1,0,0,0,0,1,0,0,1,51.1,1232.9,0,29,1,2,5329,37527,False,False,False,False,False,True,False
0,0,1,1,0,0,0,0,0,0,0,0,19.9,19.9,0,55,0,0,4050,30779,False,True,False,False,False,False,True
1,1,72,1,1,0,0,0,0,0,0,1,25.7,1937.4,0,70,1,0,5079,27778,False,True,False,True,True,False,False
1,0,14,1,1,0,0,0,0,0,0,1,74.3,1096.25,1,75,0,0,5342,28680,True,False,False,False,False,True,False
0,1,50,1,1,0,0,0,1,1,1,0,99.4,5059.75,0,44,1,0,6479,13779,True,False,True,False,False,True,False
0,1,48,1,0,1,0,1,1,1,0,0,69.7,3023.65,0,19,1,1,3442,5221,False,False,True,False,False,False,False
0,1,49,1,1,0,1,0,0,1,1,1,98.35,4889.2,0,52,1,3,4325,11509,True,False,False,False,False,True,False
0,1,28,1,0,0,0,1,0,1,0,0,85.45,2289.9,0,64,1,2,4022,23559,True,False,False,False,False,True,False
1,0,68,1,1,0,1,1,0,0,1,1,95.9,6503.2,0,66,0,0,5080,19975,True,False,False,False,False,True,False
0,0,13,1,1,0,0,0,1,1,1,0,100.75,1313.25,0,29,0,0,5985,26099,True,False,False,False,False,True,False
0,0,11,1,1,0,0,1,0,1,0,1,89.2,990.3,0,60,0,0,3734,40705,True,False,False,False,False,True,False
0,1,3,1,1,0,0,0,0,0,0,1,74.1,228.0,1,55,1,0,5657,17058,True,False,False,False,True,False,False
1,1,57,1,1,0,0,1,0,1,1,0,100.6,5746.15,1,73,1,0,5247,41979,True,False,False,False,False,True,False
0,0,3,1,1,0,0,0,0,0,0,0,75.0,209.1,1,27,0,0,3190,31678,True,False,False,False,False,False,True
0,1,72,1,1,0,0,0,0,0,0,0,25.75,1864.2,0,62,1,0,4413,34873,False,True,False,True,True,False,False
0,1,70,1,1,0,1,1,1,1,1,1,84.1,5979.7,0,63,1,3,5568,32050,False,False,False,True,False,True,False
0,1,49,1,1,0,1,0,1,1,1,0,79.3,3902.45,0,47,1,1,6366,26265,False,False,False,True,False,False,False
1,1,67,1,1,1,0,1,0,1,1,1,107.05,7142.5,0,67,1,0,4126,19109,True,False,True,False,True,False,False
0,0,46,1,0,0,0,0,0,0,0,0,20.05,902.0,0,61,0,0,2942,37887,False,True,False,True,False,False,False
1,0,64,1,0,1,1,0,1,1,0,1,70.2,4481.0,1,80,0,0,6080,38181,False,False,False,True,True,False,False
0,1,37,1,0,0,0,0,0,0,0,0,19.5,805.2,0,57,1,0,3924,32148,False,True,False,False,False,False,False
1,0,2,1,0,0,0,0,0,0,0,0,70.75,154.85,1,74,0,0,4407,44442,True,False,False,False,False,True,False
1,1,13,0,0,0,0,0,0,1,1,0,45.3,528.45,0,68,1,0,4118,33528,False,False,False,False,False,True,False
0,1,72,1,1,1,1,1,1,1,1,0,115.15,8349.7,0,63,1,0,4761,15505,True,False,False,True,False,True,False
0,1,68,1,0,0,0,1,1,1,1,1,72.95,4953.25,0,45,1,1,4499,47344,False,False,False,True,False,False,False
0,1,15,1,0,0,0,0,0,0,0,0,19.65,332.65,0,48,1,3,5928,67354,False,True,True,False,False,False,True
0,0,24,1,0,0,0,0,0,0,0,1,19.55,470.2,0,51,0,0,2511,47568,False,True,False,True,False,False,False
0,0,24,1,1,0,0,0,1,0,1,1,89.55,2259.35,0,21,0,0,5352,62425,True,False,False,False,False,True,False
0,0,27,1,0,1,0,0,0,0,0,0,50.35,1411.35,0,59,0,0,5578,103214,False,False,False,False,False,False,True
0,0,12,1,0,0,0,0,1,0,0,0,50.25,593.75,1,50,0,0,3624,63288,False,False,False,False,False,False,False
0,1,71,1,0,1,1,1,1,1,1,0,87.25,6328.7,0,24,1,2,4135,16271,False,False,False,True,True,False,False
0,1,67,1,0,0,0,0,0,0,0,1,20.8,1411.9,0,48,1,2,5626,29694,False,True,False,True,False,False,True
0,1,63,1,1,0,1,1,1,1,1,1,109.25,6841.4,0,64,1,0,5700,16398,True,False,False,True,False,False,False
0,0,1,1,0,0,0,0,0,0,0,0,20.35,20.35,0,50,0,0,2648,51556,False,True,False,False,False,False,True
0,0,4,1,0,0,0,0,0,0,1,1,55.9,238.5,0,51,0,0,3545,3699,False,False,False,False,False,True,False
1,0,40,1,0,1,1,0,0,0,0,1,79.2,3233.85,1,65,0,0,3207,72893,True,False,False,False,True,False,False
0,0,12,1,0,0,0,1,0,1,1,1,96.0,1062.1,1,46,0,0,5239,24660,True,False,False,False,False,True,False
0,1,52,1,0,1,1,1,0,1,1,0,79.2,4016.3,0,61,1,2,4509,30173,False,False,False,True,False,True,False
0,0,10,1,1,0,0,0,0,0,0,1,24.0,226.55,0,35,0,0,5299,27563,False,True,False,False,False,True,False
0,0,68,1,1,1,1,1,0,1,0,0,101.35,7110.75,0,56,0,0,4941,20890,True,False,True,False,False,False,False
0,0,54,1,1,0,0,0,1,1,1,1,100.1,5440.9,1,38,0,0,5763,14852,True,False,False,False,False,True,False
0,1,4,1,0,0,1,0,1,0,0,0,56.5,235.1,1,38,1,3,5758,21065,False,False,False,False,False,False,True
0,1,52,0,0,1,0,1,0,0,0,0,35.45,1958.95,0,58,1,0,5509,21343,False,False,True,False,False,False,True
1,0,1,1,0,0,0,1,0,0,1,1,85.0,85.0,1,71,0,0,2650,55306,True,False,False,False,False,True,False
0,1,70,1,1,1,1,1,1,1,0,0,79.4,5528.9,0,40,1,0,5991,58639,False,False,True,False,False,False,False
0,0,43,0,0,1,0,1,0,0,0,1,35.2,1463.7,0,47,0,0,5268,21279,False,False,True,False,True,False,False
0,0,52,1,0,0,0,0,0,0,0,0,19.65,1025.05,0,31,0,0,5157,24180,False,True,False,True,False,False,True
0,0,12,0,0,1,0,1,1,0,1,0,49.85,552.1,0,58,0,0,3100,1107,False,False,False,True,False,False,True
0,1,56,1,1,1,1,0,0,0,1,0,68.75,3815.4,0,25,1,1,6494,174,False,False,True,False,False,False,False
0,0,0,1,1,1,1,0,1,0,0,1,61.9,0.0,0,56,0,1,5188,53323,False,False,False,True,False,False,False
0,0,42,1,1,0,0,1,0,0,0,0,79.9,3313.4,0,53,0,0,2583,55486,True,False,False,False,False,True,False
1,1,22,1,0,0,0,0,0,1,1,1,89.75,1938.9,0,65,1,0,4180,25566,True,False,False,False,False,False,False
0,1,51,0,0,1,1,1,0,1,1,0,59.3,3014.65,1,51,1,0,5633,38427,False,False,True,False,False,True,False
0,0,27,1,0,0,0,0,0,0,0,1,19.4,460.25,0,43,0,0,5975,31352,False,True,False,False,True,False,False
1,1,51,1,1,1,0,1,0,0,1,1,93.65,4839.15,0,76,1,0,4163,43467,True,False,True,False,False,False,False
0,0,4,1,0,1,0,0,0,0,0,1,49.4,184.4,1,44,0,2,4455,91664,False,False,False,False,False,True,False
0,0,1,1,0,0,0,0,0,0,0,1,19.9,19.9,0,36,0,0,4590,49647,False,True,False,False,False,False,True
0,0,35,1,0,0,0,0,0,1,0,0,55.0,2010.55,1,60,0,0,2220,31556,False,False,False,False,False,False,True
1,1,71,1,1,0,1,1,1,0,1,1,72.9,5139.65,0,74,1,3,6404,37417,False,False,True,False,False,False,False
0,0,1,1,0,0,0,0,0,0,0,1,69.2,69.2,1,51,0,0,2637,35656,True,False,False,False,False,True,False
0,1,69,1,1,0,0,0,0,0,0,1,25.6,1673.4,0,55,1,1,6053,63136,False,True,False,True,False,False,False
0,1,14,1,0,0,0,0,0,0,0,0,19.75,309.35,0,38,1,2,3958,19034,False,True,True,False,False,False,True
0,1,57,1,0,1,0,0,1,0,0,0,55.7,3171.6,0,31,1,0,4607,38902,False,False,False,False,False,True,False
0,1,72,1,1,1,1,1,1,1,1,0,117.5,8670.1,0,58,1,1,6009,425,True,False,False,True,True,False,False
0,0,48,1,0,0,0,0,0,0,0,0,19.85,916.0,0,63,0,0,3779,36243,False,True,False,True,True,False,False
0,1,4,1,0,0,0,0,0,1,0,1,78.9,299.75,0,35,1,3,5775,30028,True,False,False,False,False,False,True
0,1,31,1,0,0,0,0,0,0,0,1,20.65,702.05,0,31,1,1,2990,30933,False,True,False,False,False,True,False
0,0,38,1,0,0,0,1,1,0,1,1,62.3,2354.8,1,46,0,0,3818,27414,False,False,True,False,False,False,True
1,1,37,1,1,0,0,0,0,1,1,1,92.5,3473.4,1,74,1,0,4127,20200,True,False,False,False,False,True,False
0,0,1,1,0,0,0,0,0,0,0,0,19.65,19.65,0,28,0,0,5454,41067,False,True,False,False,False,False,True
1,0,57,1,1,0,1,1,0,1,1,1,79.75,4438.2,0,72,0,0,5371,7527,False,False,False,True,False,False,False
1,1,62,1,0,1,0,1,1,1,1,1,79.95,4819.75,0,69,1,0,6488,10558,False,False,False,True,True,False,False
0,1,3,0,0,0,0,0,1,0,0,1,29.9,92.25,0,22,1,0,4416,23984,False,False,False,False,False,True,False
0,0,72,1,0,0,0,0,0,0,0,1,19.75,1567.0,0,56,0,2,5478,18752,False,True,False,True,False,False,True
0,0,29,0,0,1,1,1,1,0,0,1,45.0,1242.45,0,57,0,1,3290,26753,False,False,False,False,False,False,True
0,1,13,1,0,0,0,0,0,0,0,0,44.8,559.2,0,25,1,3,4680,16812,False,False,False,False,False,False,False
0,0,3,1,0,0,0,0,0,0,0,0,69.65,220.1,1,53,0,0,2421,27891,True,False,False,False,False,True,False
0,0,11,1,0,0,1,0,0,0,0,0,51.1,531.15,0,64,0,0,4467,38460,False,False,False,False,False,True,False
0,0,21,0,0,1,1,1,1,1,0,0,53.15,1183.2,0,59,0,1,3461,10253,False,False,False,True,False,False,True
0,0,19,1,1,0,0,0,0,0,0,0,24.7,465.85,0,62,0,0,3612,23742,False,True,False,False,False,False,False
0,0,61,1,1,1,0,1,1,1,1,1,111.6,6876.05,1,44,0,0,4495,32369,True,False,False,True,True,False,False
0,0,11,1,0,1,0,0,0,0,0,0,48.55,501.0,1,43,0,0,4444,13158,False,False,False,False,True,False,False
0,1,35,1,1,0,1,1,1,1,1,1,109.95,3782.4,0,24,1,3,5721,23981,True,False,False,False,False,True,False
0,0,25,1,0,0,0,0,0,0,0,0,20.8,460.2,0,55,0,3,3274,21990,False,True,False,False,False,False,True
0,0,1,1,0,0,0,0,0,0,0,1,20.2,20.2,1,62,0,0,4197,14493,False,True,False,False,False,False,True
0,0,67,1,1,0,0,0,0,0,0,1,25.6,1790.35,0,53,0,0,5183,17015,False,True,False,True,False,False,False
0,0,19,0,0,0,0,1,0,1,0,1,39.65,733.35,1,50,0,0,2933,41390,False,False,False,False,False,True,False
0,0,56,1,1,0,0,0,0,0,0,0,24.9,1334.0,1,57,0,0,5327,31297,False,True,True,False,False,True,False
0,1,72,1,1,1,1,1,0,1,1,1,108.4,7767.25,0,56,1,2,4419,9864,True,False,False,True,True,False,False
0,0,43,1,0,0,0,0,0,0,0,0,19.55,876.15,0,57,0,0,4871,16910,False,True,False,True,False,False,True
0,1,55,1,1,1,1,0,0,0,0,1,85.1,4600.95,0,51,1,2,4026,29110,True,False,False,False,False,True,False
0,1,2,1,1,1,0,0,0,0,0,0,56.7,113.55,1,62,1,3,5560,25303,False,False,False,False,False,False,True
0,0,27,1,0,0,0,0,0,0,0,1,69.05,1793.25,0,26,0,0,3241,23661,True,False,False,False,False,False,True
0,0,13,1,0,0,0,0,0,0,0,1,70.15,886.7,0,40,0,0,2992,23519,True,False,False,False,False,False,True
0,0,70,1,1,1,1,1,0,1,1,1,111.15,7737.55,0,63,0,0,4240,49242,True,False,False,True,False,False,True
0,1,14,1,0,1,1,0,1,1,1,0,105.95,1348.9,1,59,1,0,5887,43857,True,False,True,False,False,False,True
0,1,19,1,1,0,0,0,1,0,1,1,89.35,1686.85,0,24,1,3,4473,23637,True,False,True,False,False,False,False
0,0,20,1,1,1,0,0,0,1,0,1,89.1,1879.25,0,50,0,0,3027,35325,True,False,False,False,False,False,False
0,1,43,1,1,1,0,1,1,0,0,1,91.25,4013.8,0,59,1,1,5884,27614,True,False,True,False,True,False,False
0,1,5,1,0,1,0,1,0,0,1,1,90.35,434.5,0,33,1,1,4014,37779,True,False,False,False,False,False,True
1,1,70,1,1,0,1,0,1,1,1,1,105.55,7195.35,0,72,1,0,4605,30742,True,False,True,False,False,False,False
0,1,40,1,0,0,0,0,0,0,0,0,19.1,780.1,0,39,1,0,2056,25751,False,True,False,True,False,False,True
0,1,6,1,0,0,0,0,0,0,0,1,20.4,107.6,0,54,1,3,4628,32307,False,True,False,True,True,False,False
0,0,39,1,0,1,0,1,0,1,1,1,100.45,3801.7,0,38,0,0,2698,28067,True,False,False,True,False,True,False
1,1,4,1,1,0,0,0,0,0,0,0,74.95,308.7,1,76,1,0,3716,97318,True,False,False,False,False,True,False
0,0,15,0,0,0,0,0,1,0,0,1,29.7,438.25,1,56,0,0,5518,68018,False,False,False,False,False,True,False
0,1,1,0,0,0,0,1,0,1,1,1,50.35,50.35,1,40,1,0,4526,33389,False,False,False,False,False,True,False
1,0,45,1,0,1,1,0,1,0,0,1,85.7,3778.1,0,80,0,0,5397,81986,True,False,False,False,False,False,False
0,1,64,0,0,1,0,1,1,0,1,0,47.85,3147.5,1,61,1,0,6347,57017,False,False,False,True,False,True,False
1,1,57,1,1,0,1,1,0,0,1,0,94.0,5438.95,0,77,1,0,6015,48867,True,False,False,False,True,False,False
0,1,72,1,1,1,1,1,1,0,0,0,69.85,5102.35,0,62,1,2,6233,17112,False,False,False,True,False,False,False
0,0,1,1,0,0,0,0,0,0,0,1,70.3,70.3,1,32,0,0,4512,40077,True,False,False,False,False,True,False
0,1,72,1,1,0,0,0,0,0,0,0,25.85,1872.2,0,36,1,0,5514,59259,False,True,False,True,True,False,False
0,0,3,1,0,1,1,0,1,0,1,0,71.1,213.35,0,36,0,0,3501,46639,False,False,False,True,False,False,True
1,0,55,1,1,1,0,0,0,1,1,1,98.8,5617.75,1,73,0,0,5543,17846,True,False,False,False,False,True,False
0,1,59,1,1,0,0,1,1,1,0,0,93.35,5386.5,0,45,1,0,4814,24977,True,False,False,False,False,True,False
0,0,18,1,1,0,0,0,1,1,1,1,99.85,1776.95,1,34,0,0,3068,27424,True,False,False,False,False,False,False
1,1,32,1,0,0,0,0,0,0,1,1,80.3,2483.05,1,71,1,0,5365,42526,True,False,False,False,True,False,False
0,0,4,1,0,1,0,0,0,0,0,1,50.55,235.65,0,24,0,0,4164,18735,False,False,False,False,False,False,False
1,0,66,1,1,0,1,0,0,0,0,1,80.45,5224.35,1,72,0,0,5011,33057,True,False,False,False,True,False,False
0,0,27,1,1,0,0,1,0,0,0,1,81.3,2272.8,0,20,0,0,5158,25988,True,False,False,False,False,True,False
0,0,4,1,0,0,0,0,0,0,0,1,20.7,83.75,0,49,0,0,3027,36123,False,True,False,False,True,False,False
0,1,60,1,0,1,1,0,1,1,1,1,79.05,4663.4,0,59,1,3,5275,14814,False,False,False,False,True,False,False
0,1,8,1,0,0,0,0,0,0,0,0,19.05,201.7,0,26,1,1,3153,9937,False,True,False,True,False,False,True
0,1,8,1,0,0,0,0,0,0,0,0,19.6,125.0,0,54,1,3,3214,22177,False,True,False,True,True,False,False
0,0,35,1,0,0,0,0,0,0,0,1,20.2,684.4,0,64,0,0,3481,40376,False,True,False,True,False,False,True
0,0,7,1,1,0,0,0,0,0,1,1,86.8,620.35,1,22,0,0,3780,42239,True,False,False,False,False,True,False
0,1,53,1,0,0,0,0,0,0,0,0,20.9,1146.05,0,48,1,3,4254,22085,False,True,False,True,False,False,True
1,0,18,1,1,0,1,0,1,1,1,1,103.6,1806.35,0,65,0,0,2094,51348,True,False,False,False,True,False,False
0,0,15,0,0,0,1,0,0,0,1,1,38.8,603.0,0,49,0,0,2118,50047,False,False,False,True,False,False,True
0,1,67,1,1,0,1,0,0,1,0,1,88.4,5798.3,0,44,1,0,6251,23646,True,False,True,False,False,False,False
1,1,6,1,0,0,1,0,0,0,1,1,84.2,519.15,1,76,1,0,5834,29387,True,False,False,False,False,True,False
1,0,6,1,0,0,0,0,0,1,0,1,79.7,497.6,0,69,0,0,2893,13129,True,False,False,False,False,True,False
0,0,13,1,1,0,0,0,1,1,1,1,99.0,1301.7,1,31,0,0,3493,18112,True,False,False,False,False,False,True
0,0,11,1,1,0,0,1,0,1,1,1,100.75,1129.75,1,45,0,0,2229,11517,True,False,False,False,False,True,False
0,0,1,1,0,0,0,0,0,0,0,1,19.3,19.3,0,37,0,1,4136,25882,False,True,False,False,False,False,True
0,0,5,1,0,1,0,0,1,0,0,1,55.75,266.95,0,27,0,0,4545,29245,False,False,False,False,False,False,True
0,0,13,1,0,0,0,0,0,0,0,1,19.95,257.0,0,42,0,0,5221,18539,False,True,True,False,False,False,True
0,1,9,1,1,1,1,1,0,0,0,0,91.75,865.8,1,58,1,0,4176,36625,True,False,False,False,False,False,False
0,0,29,1,0,0,1,0,1,1,0,0,89.65,2623.65,0,39,0,0,2681,16996,True,False,False,False,False,False,True
1,0,1,1,0,0,0,0,0,0,0,1,45.85,45.85,0,71,0,0,5715,26157,False,False,False,False,False,False,True
0,0,1,1,1,0,0,1,0,0,0,1,79.55,79.55,1,56,0,0,5571,57146,True,False,False,False,False,False,True
0,1,18,1,0,0,0,0,0,1,0,0,55.95,1082.8,0,33,1,4,2035,45358,False,False,False,False,False,False,True
0,1,2,1,0,0,0,1,0,1,1,0,69.0,147.8,0,61,1,0,2798,27453,False,False,False,False,True,False,False
0,1,30,1,1,0,1,0,1,0,0,1,83.55,2570.2,0,19,1,1,3558,39064,True,False,False,False,False,False,False
0,0,66,1,1,1,1,0,1,0,0,0,65.7,4378.9,0,37,0,2,5058,57775,False,False,False,True,False,False,False
0,1,38,1,1,0,0,1,1,1,0,1,94.9,3616.25,0,32,1,2,2436,76890,True,False,False,True,False,False,False
0,1,44,1,0,0,1,1,1,0,0,1,61.9,2924.05,0,41,1,3,4388,66754,False,False,False,False,False,False,True
0,0,54,1,1,0,1,1,1,1,1,0,111.1,6014.85,1,56,0,0,5527,75319,True,False,False,False,False,True,False
0,0,2,1,0,0,0,0,0,0,0,0,20.0,32.7,0,46,0,0,3922,34716,False,True,False,False,False,False,True
0,0,42,1,0,1,1,0,1,0,1,1,67.7,2882.25,0,55,0,0,5034,33817,False,False,True,False,False,False,True
0,1,58,1,1,0,0,0,0,0,0,0,25.15,1509.9,0,56,1,2,6444,17554,False,True,False,True,True,False,False
0,1,58,1,0,0,1,0,0,1,1,1,92.85,5305.05,0,38,1,1,4879,25068,True,False,False,False,False,True,False
0,1,25,1,1,0,0,1,0,0,1,1,89.1,2368.4,1,36,1,0,4793,51970,True,False,False,False,False,True,False
0,0,71,1,1,1,1,1,1,1,1,0,111.3,7985.9,0,55,0,0,5957,30211,True,False,False,True,False,False,True
0,0,37,1,1,0,1,1,0,1,1,1,101.9,3545.35,1,22,0,0,4437,62660,True,False,False,False,False,False,False
0,1,14,1,1,0,0,0,1,1,0,1,91.65,1301.0,1,61,1,1,4304,45645,True,False,False,False,False,True,False
1,0,4,1,1,0,0,1,0,0,1,1,88.85,372.45,1,69,0,0,2754,23079,True,False,False,False,False,True,False
0,1,48,1,1,1,0,0,1,0,0,1,60.6,2985.25,0,35,1,0,4077,12937,False,False,True,False,False,False,False
1,0,3,0,0,0,0,0,0,0,0,0,25.3,77.75,1,80,0,0,3542,25135,False,False,False,False,False,True,False
0,1,8,1,0,1,0,0,1,0,1,0,65.5,564.35,0,23,1,0,2985,24973,False,False,False,True,False,False,True
0,0,1,1,1,0,0,0,0,1,1,1,95.45,95.45,1,56,0,0,5962,84965,True,False,False,False,False,True,False
0,0,67,1,0,0,0,0,0,0,0,0,19.95,1311.75,0,32,0,0,6212,53686,False,True,False,True,False,False,False
0,0,13,1,0,0,0,0,0,1,1,1,91.1,1135.7,1,54,0,0,5347,30802,True,False,False,False,False,True,False
0,1,45,1,0,0,1,0,1,0,0,1,54.15,2319.8,1,60,1,0,2761,46342,False,False,True,False,True,False,False
0,0,49,1,1,0,0,0,0,0,0,1,74.6,3720.35,0,39,0,0,4516,35530,True,False,False,False,False,False,False
0,1,52,1,1,0,1,1,0,1,0,0,94.6,5025.8,0,60,1,0,6212,18980,True,False,False,False,False,False,False
0,1,63,1,0,1,0,1,0,0,0,1,81.15,5224.5,0,20,1,0,5294,33280,True,False,True,False,True,False,False
0,1,68,1,1,1,1,1,1,1,1,1,89.05,6185.8,0,50,1,1,5001,26933,False,False,False,True,False,False,False
0,1,31,1,0,0,0,0,1,0,0,1,49.2,1498.55,0,51,1,0,2157,47,False,False,False,False,False,False,True
0,1,64,1,0,0,0,0,0,0,0,0,19.45,1208.6,0,41,1,0,5628,56280,False,True,False,True,True,False,False
0,1,62,1,0,1,0,1,1,1,1,1,104.3,6613.65,0,37,1,0,5905,54254,True,False,True,False,False,True,False
0,0,1,1,0,0,0,0,0,0,0,0,69.7,69.7,1,64,0,0,4620,34447,True,False,False,False,False,False,False
0,0,6,1,0,0,0,0,0,1,1,1,89.5,573.3,1,58,0,0,2898,49474,True,False,False,False,False,True,False
0,1,21,1,0,0,0,0,1,1,0,1,86.05,1818.9,0,40,1,0,2937,46532,True,False,False,False,False,True,False
0,1,72,1,1,0,0,0,0,0,0,0,25.2,1787.35,0,64,1,3,4382,69974,False,True,False,True,False,False,False
0,1,32,0,0,1,1,0,0,0,0,1,35.15,1051.05,0,57,1,1,3163,46626,False,False,False,False,False,True,False
1,0,71,1,1,1,1,0,1,1,0,1,99.65,7181.25,0,68,0,0,5448,36057,True,False,True,False,True,False,False
0,0,34,1,0,1,1,1,0,1,1,1,105.35,3688.6,0,47,0,3,5432,61623,True,False,False,False,False,False,False
0,1,3,0,0,0,0,0,0,0,1,1,35.15,99.75,1,61,1,0,2987,33878,False,False,False,False,False,True,False
0,0,12,1,1,0,0,0,0,0,0,1,73.75,871.4,1,27,0,1,2010,23444,True,False,False,False,True,False,False
1,0,8,1,1,0,0,1,0,1,1,0,101.35,780.5,1,78,0,0,5546,38041,True,False,False,False,False,True,False
0,1,35,1,1,0,0,0,0,0,0,0,24.3,821.6,0,38,1,3,5998,32718,False,True,False,True,False,False,False
0,1,3,1,0,0,0,0,0,1,0,1,80.7,239.45,0,57,1,1,2081,23331,True,False,False,False,False,True,False
0,0,3,1,0,0,0,1,1,1,0,1,89.85,244.45,0,24,0,0,4096,48827,True,False,False,False,False,False,True
0,0,53,1,0,0,0,1,0,0,1,1,61.1,3357.9,0,37,0,0,5940,45118,False,False,True,False,False,True,False
0,1,4,0,0,1,0,0,0,0,0,1,29.05,129.6,0,40,1,0,3306,44099,False,False,False,False,False,True,False
0,1,48,1,0,1,0,1,0,1,1,1,99.7,4977.2,0,53,1,2,5921,30458,True,False,True,False,False,False,False
0,1,6,1,0,1,1,0,0,0,0,0,55.9,365.35,1,55,1,3,4914,31622,False,False,False,False,True,False,False
1,1,3,1,1,0,1,1,0,1,1,1,105.9,334.65,1,71,1,0,2715,54382,True,False,False,False,False,True,False
0,1,54,0,0,0,0,1,1,0,1,0,46.0,2424.05,0,41,1,1,4451,30635,False,False,False,True,True,False,False
0,0,1,1,0,0,0,0,0,0,0,0,43.95,43.95,1,55,0,0,3238,16486,False,False,False,False,False,False,True
0,0,62,1,0,0,1,1,1,1,1,1,80.4,4981.15,0,49,0,0,5157,17389,False,False,False,False,False,False,False
0,1,22,1,0,0,1,1,0,1,1,1,100.05,2090.25,0,36,1,3,3274,1509,True,False,True,False,False,False,True
0,0,1,1,0,0,0,0,0,0,0,1,45.1,45.1,1,27,0,0,4884,3133,False,False,False,False,False,False,False
1,0,51,1,0,0,0,1,0,1,1,1,94.0,4905.75,0,69,0,0,6034,74025,True,False,True,False,False,False,False
0,0,30,1,1,0,1,1,0,1,0,1,68.95,2038.7,0,37,0,0,4403,71126,False,False,True,False,True,False,False
1,1,56,1,1,1,1,1,1,0,0,1,68.45,4014.0,0,75,1,0,4368,12884,False,False,True,False,True,False,False
0,1,35,1,1,0,1,0,1,1,0,1,69.0,2441.7,0,50,1,0,5283,2606,False,False,True,False,False,True,False
1,0,64,0,0,0,1,0,1,1,0,1,43.85,2751.0,0,77,0,0,6055,9278,False,False,False,False,False,True,False
0,0,30,0,0,0,0,0,0,1,1,1,44.5,1307.8,0,61,0,1,5833,1587,False,False,False,False,False,True,False
0,1,25,1,0,0,0,0,0,0,0,1,18.7,383.65,0,36,1,3,2289,727,False,True,False,True,False,False,True
0,0,41,1,0,0,0,0,0,0,0,0,70.25,2868.05,1,25,0,0,3407,796,True,False,False,False,False,False,False
0,0,9,1,0,0,0,0,0,1,0,0,55.35,449.75,1,40,0,3,2688,26662,False,False,False,False,False,True,False
0,1,1,1,0,1,1,0,0,0,0,1,53.55,53.55,0,21,1,0,4504,699,False,False,False,False,False,False,True
0,0,70,1,1,1,1,1,1,1,1,1,114.6,7882.5,0,36,0,2,5414,8759,True,False,False,True,False,True,False
0,1,57,1,0,0,0,0,0,0,0,1,20.1,1087.7,0,32,1,3,5506,44652,False,True,False,True,False,False,False
0,0,9,1,1,0,0,0,0,1,0,1,85.5,791.7,0,35,0,0,4867,24005,True,False,False,False,False,True,False
0,1,69,1,1,0,1,1,1,1,1,1,108.75,7493.05,0,45,1,1,5874,24961,True,False,True,False,False,False,False
1,1,43,1,1,0,1,1,0,1,1,1,103.0,4414.3,1,73,1,0,2505,81,True,False,False,False,False,True,False
0,1,72,1,1,0,0,1,0,1,1,1,97.85,6841.3,0,57,1,0,4508,62355,True,False,False,True,False,True,False
0,0,44,1,0,0,0,0,0,0,0,0,19.55,819.95,0,48,0,2,5860,1604,False,True,False,True,False,False,False
0,1,72,1,1,1,1,0,0,0,0,1,84.05,6052.25,0,24,1,0,5515,905,True,False,False,True,False,False,False
0,1,33,1,0,1,0,1,1,1,1,1,103.75,3361.05,1,47,1,0,3824,56100,True,False,True,False,False,True,False
0,0,54,1,1,0,0,1,0,0,1,0,89.4,4869.5,0,44,0,0,5871,7863,True,False,False,False,True,False,False
0,0,27,1,0,0,0,0,0,0,0,0,19.7,509.3,0,48,0,1,4052,91,False,True,False,True,True,False,False
0,0,54,1,1,0,1,0,0,0,0,1,79.85,4308.25,0,36,0,0,5166,3849,True,False,False,False,False,False,False
0,0,3,1,0,0,1,0,0,0,0,0,74.45,221.1,0,41,0,0,3956,2863,True,False,False,False,True,False,False
0,1,53,1,1,1,1,1,0,0,1,0,74.1,3833.95,0,41,1,0,5136,10375,False,False,True,False,False,False,False
0,0,1,1,0,0,0,0,0,0,0,1,69.35,69.35,1,57,0,0,2843,35582,True,False,False,False,False,True,False
0,1,15,1,0,0,0,0,0,0,0,0,18.8,294.95,0,36,1,0,3977,43161,False,True,True,False,False,False,True
0,0,56,1,0,0,1,0,0,0,0,1,73.85,4092.85,1,22,0,0,5276,13945,True,False,False,False,False,True,False
0,1,5,1,1,1,1,0,1,0,0,0,64.4,316.9,0,42,1,2,3260,40995,False,False,False,False,True,False,False
0,1,48,1,0,0,1,1,0,0,0,1,55.8,2651.2,0,20,1,1,3446,55277,False,False,True,False,True,False,False
0,0,25,1,0,0,0,0,0,0,0,0,20.05,471.7,0,41,0,3,2192,61872,False,True,False,False,True,False,False
0,1,3,1,1,0,0,0,0,0,0,1,75.15,216.75,1,33,1,0,2270,47126,True,False,False,False,True,False,False
0,0,58,1,0,1,1,0,0,1,1,0,99.15,5720.95,0,54,0,0,6409,49281,True,False,True,False,False,False,False
0,0,10,1,0,0,0,0,0,0,1,1,56.75,503.25,0,23,0,0,2037,43436,False,False,False,False,False,False,False
0,0,1,1,0,0,0,0,0,0,0,1,69.6,69.6,1,27,0,0,2072,48690,True,False,False,False,False,True,False
0,1,71,1,1,0,1,0,1,1,1,1,104.15,7365.3,0,27,1,0,5973,42239,True,False,False,True,True,False,False
0,1,65,1,1,0,1,1,1,1,1,1,110.8,7245.9,0,33,1,2,6332,17944,True,False,False,True,True,False,False
0,1,5,1,1,0,1,0,0,0,0,1,80.15,385.0,1,57,1,1,5124,3577,True,False,False,False,False,True,False
0,0,28,0,0,0,0,1,1,0,0,1,35.75,961.4,0,62,0,0,2431,42617,False,False,False,False,False,False,True
0,1,67,1,1,0,0,1,1,0,1,1,69.9,4615.9,0,46,1,1,6079,42277,False,False,False,True,False,False,False
0,0,35,1,0,1,0,0,1,0,1,1,89.2,3251.3,0,60,0,0,4446,98239,True,False,True,False,False,True,False
0,1,72,0,0,1,1,1,1,0,1,0,55.65,3880.05,0,28,1,3,5192,52895,False,False,False,True,True,False,False
0,1,61,0,0,1,1,0,1,0,1,1,50.7,3088.75,0,25,1,1,5024,46893,False,False,True,False,False,False,False
1,0,68,1,0,0,0,0,0,0,0,1,20.0,1396.0,0,66,0,0,6136,1831,False,True,False,True,True,False,False
0,1,1,0,0,1,0,0,0,0,0,0,30.5,30.5,1,37,1,1,5171,234,False,False,False,False,False,False,False
0,0,3,1,0,0,0,0,0,0,0,1,19.1,53.05,0,49,0,0,4905,2615,False,True,False,False,False,False,True
0,1,70,1,1,0,1,0,0,1,1,0,98.3,6859.5,1,34,1,0,4794,47969,True,False,False,True,False,False,False
0,0,48,0,0,0,1,1,0,0,1,0,45.55,2108.35,0,26,0,2,4106,33104,False,False,False,False,True,False,False
0,1,68,1,1,0,1,0,0,1,1,1,101.05,6770.5,0,36,1,1,5570,339,True,False,True,False,True,False,False
0,0,47,1,0,1,0,1,1,1,1,1,103.7,4730.6,0,32,0,0,4543,7615,True,False,True,False,False,True,False
0,1,32,0,0,0,0,1,1,0,0,1,36.25,1151.05,0,48,1,3,2609,52664,False,False,True,False,False,False,True
0,1,5,1,0,1,0,0,0,0,0,1,49.4,232.55,0,54,1,3,5756,1143,False,False,False,False,False,False,True
0,0,49,1,0,0,0,0,0,0,0,1,19.9,1022.6,0,19,0,0,5240,53510,False,True,False,True,True,False,False
0,0,48,1,1,0,1,1,0,1,1,1,107.4,5121.3,1,20,0,0,4956,12173,True,False,False,False,False,False,False
1,0,13,1,1,0,0,0,0,0,1,1,82.0,1127.2,1,79,0,0,3363,6760,True,False,False,False,False,True,False
0,0,15,1,0,0,0,0,0,0,0,1,19.8,309.4,0,53,0,0,2681,14575,False,True,False,False,False,False,True
0,0,12,1,0,0,0,0,0,0,0,1,45.05,523.1,0,50,0,0,5624,62036,False,False,False,False,False,True,False
1,0,67,1,1,1,1,0,1,0,0,1,64.55,4250.1,0,79,0,0,4494,44692,False,False,False,True,False,False,False
0,0,9,1,0,0,0,0,1,1,0,0,86.25,770.5,0,25,0,0,4754,1205,True,False,False,False,False,True,False
0,1,13,1,0,0,0,0,0,0,0,1,19.75,246.7,0,45,1,1,4314,1072,False,True,False,True,False,False,False
0,0,38,1,0,0,0,0,0,1,1,1,89.1,3342.0,0,63,0,0,2675,27505,True,False,True,False,False,False,True
1,1,42,1,1,0,1,1,0,1,0,1,95.55,3930.6,0,66,1,0,4121,47140,True,False,False,False,False,True,False
0,1,24,1,1,0,0,0,0,0,0,1,75.4,1747.85,1,55,1,0,2325,30202,True,False,False,False,True,False,False
1,1,27,1,0,1,0,1,0,1,1,1,101.25,2754.45,1,72,1,0,4853,47689,True,False,False,False,False,True,False
0,1,9,1,1,0,1,1,0,1,1,1,102.6,897.75,0,32,1,3,4062,73006,True,False,False,False,True,False,False
0,1,49,0,0,0,1,0,1,1,1,1,56.3,2780.6,0,51,1,0,5913,18525,False,False,True,False,True,False,False
1,1,61,1,1,1,1,1,1,0,0,1,94.2,5895.45,0,77,1,0,5274,27959,True,False,False,False,True,False,False
0,0,50,0,0,1,1,0,0,1,0,1,43.05,2208.05,0,40,0,3,5409,11650,False,False,True,False,False,False,False
1,0,25,1,1,0,1,0,0,1,0,1,89.5,2196.15,1,69,0,0,4849,46086,True,False,False,False,False,True,False
1,0,22,1,1,0,0,0,0,0,0,1,74.4,1692.6,1,79,0,0,2407,24169,True,False,False,False,False,False,False
0,0,1,1,0,0,0,0,0,0,0,0,20.5,20.5,1,22,0,0,3731,46828,False,True,False,False,False,False,True
0,0,4,1,1,0,0,0,0,0,0,1,74.35,265.35,1,52,0,0,3622,47431,True,False,False,False,False,True,False
1,1,18,1,1,0,0,0,1,1,1,0,99.75,1836.25,1,68,1,0,5857,66838,True,False,False,False,False,False,False
1,0,56,1,1,0,1,1,1,1,1,1,111.95,6418.9,1,77,0,0,4060,56887,True,False,True,False,False,True,False
1,1,53,1,0,0,1,1,1,1,0,1,94.0,4871.45,0,77,1,0,6355,33083,True,False,True,False,False,True,False
0,1,51,1,1,0,0,1,0,1,1,1,98.85,4947.55,0,34,1,0,6034,51213,True,False,True,False,False,True,False
0,1,24,1,1,1,1,1,0,0,0,0,64.35,1558.65,0,23,1,3,5461,24093,False,False,False,True,False,True,False
0,1,62,1,0,1,1,1,0,1,0,1,72.0,4284.2,0,22,1,0,6489,21866,False,False,False,True,True,False,False
0,0,24,1,0,0,1,0,0,0,0,1,49.7,1218.25,0,21,0,0,2911,25569,False,False,False,False,False,False,True
0,1,70,1,1,1,1,1,1,1,0,0,80.7,5617.95,0,50,1,2,4412,4258,False,False,False,True,False,True,False
0,0,1,0,0,0,0,0,0,0,0,0,24.2,24.2,0,64,0,2,4276,34902,False,False,False,False,False,False,True
1,0,16,0,0,0,1,0,0,1,0,1,39.0,679.85,1,68,0,0,5692,25232,False,False,False,False,False,False,True
0,0,8,1,0,0,1,0,1,1,0,1,65.45,554.45,0,36,0,0,5227,30206,False,False,False,False,False,True,False
0,1,72,1,0,1,1,1,1,0,1,1,74.35,5237.4,0,61,1,3,4874,74232,False,False,False,True,False,True,False
0,0,23,1,0,0,1,1,1,0,0,0,83.2,2032.3,0,23,0,0,2061,20046,True,False,False,False,False,False,False
0,0,31,0,0,0,0,0,0,0,0,0,25.0,789.2,0,20,0,3,4242,42733,False,False,False,False,True,False,False
0,1,37,0,0,1,0,1,1,0,0,1,40.2,1525.35,0,23,1,2,2308,47224,False,False,True,False,False,True,False
0,1,30,1,1,0,1,0,1,1,0,1,94.1,2804.45,1,63,1,0,5255,28201,True,False,False,False,True,False,False
1,0,35,1,1,1,1,1,0,1,1,1,108.35,3726.15,0,72,0,0,5139,29283,True,False,True,False,False,True,False
0,1,23,1,1,0,1,0,1,1,0,1,69.5,1652.1,0,60,1,1,2159,36351,False,False,False,False,True,False,False
0,1,20,1,1,1,0,0,0,1,1,0,76.0,1588.75,0,21,1,3,4085,68776,False,False,True,False,False,False,False
0,1,36,1,0,1,0,0,0,1,1,1,93.6,3366.05,0,24,1,0,2701,28488,True,False,False,False,False,True,False
0,0,8,1,1,0,0,0,0,1,1,0,95.65,778.1,1,53,0,0,5335,56307,True,False,False,False,False,False,False
0,1,71,1,1,0,1,0,0,1,1,0,100.55,7113.75,0,22,1,1,5876,2743,True,False,True,False,False,False,False
1,1,50,1,1,0,1,0,0,1,0,1,88.05,4367.35,1,79,1,0,5813,3873,True,False,False,False,False,True,False
0,1,43,1,1,0,0,0,0,0,0,1,24.45,993.15,0,59,1,1,5119,19702,False,True,True,False,False,False,False
0,0,57,1,1,1,1,1,1,1,1,0,89.55,5012.35,0,55,0,2,4260,25859,False,False,False,True,False,False,True
0,1,41,1,0,0,1,0,1,0,1,1,66.5,2728.6,1,49,1,0,2517,17721,False,False,True,False,False,False,False
0,1,27,1,0,0,1,0,0,0,0,1,76.1,2093.4,0,26,1,0,3291,24659,True,False,False,False,False,True,False
0,0,13,1,0,0,0,0,0,0,1,1,80.5,1011.8,0,22,0,0,3895,23394,True,False,False,False,False,True,False
0,0,3,0,0,1,1,0,0,0,0,1,35.45,106.85,1,29,0,0,2095,2355,False,False,False,False,False,False,True
0,0,67,1,0,0,0,0,0,0,0,0,20.55,1343.4,0,28,0,0,5462,27804,False,True,True,False,False,True,False
0,0,3,1,0,0,1,0,0,0,0,1,49.9,130.1,1,63,0,0,5585,7857,False,False,False,False,False,False,True
0,1,64,1,1,0,1,0,1,1,1,1,105.4,6794.75,0,61,1,0,4512,43141,True,False,False,True,False,False,False
0,0,26,0,0,0,0,1,1,0,0,0,35.75,1022.5,0,25,0,0,2734,23170,False,False,False,False,False,True,False
0,0,38,1,1,0,1,1,0,0,1,1,95.1,3691.2,0,47,0,0,5393,964,True,False,False,False,True,False,False
0,1,23,1,0,0,0,0,0,0,0,0,19.3,486.2,0,60,1,0,2111,22796,False,True,True,False,True,False,False
0,0,40,1,1,0,1,1,0,1,1,1,104.5,4036.85,1,51,0,0,2832,5529,True,False,False,False,True,False,False
1,1,72,0,0,1,1,1,1,1,1,1,63.1,4685.55,0,78,1,0,4933,1564,False,False,False,True,False,False,False
1,0,3,1,1,0,0,0,0,0,0,1,75.05,256.25,1,68,0,0,3553,43712,True,False,False,False,True,False,False
0,0,23,1,1,0,0,1,0,0,0,1,81.0,1917.1,1,47,0,0,5701,3535,True,False,False,False,False,True,False
1,1,1,1,1,0,0,0,0,0,0,1,74.45,74.45,1,73,1,0,2394,42239,True,False,False,False,False,True,False
0,0,4,1,0,1,1,0,1,0,0,1,60.4,272.15,1,28,0,0,5730,14546,False,False,False,False,False,False,True
0,1,62,1,1,1,1,0,1,1,1,1,84.95,5150.55,0,46,1,0,6307,8141,False,False,False,True,False,True,False
0,0,40,1,1,0,1,1,0,1,0,1,93.4,3756.4,0,54,0,0,3819,23971,True,False,False,False,False,False,False
0,0,41,1,1,0,1,0,0,1,0,1,89.2,3645.75,0,35,0,0,3259,8768,True,False,False,False,False,True,False
1,1,34,1,0,0,0,1,0,1,0,1,85.2,2874.45,0,80,1,0,5393,3499,True,False,False,False,True,False,False
0,0,1,1,0,0,1,0,0,0,0,0,49.95,49.95,0,37,0,0,5230,2753,False,False,False,False,False,True,False
0,0,51,1,0,0,0,0,0,0,0,0,20.65,1020.75,0,25,0,0,4725,732,False,True,False,True,False,False,False
0,1,1,1,0,0,0,0,0,0,0,1,70.65,70.65,1,64,1,2,3463,471,True,False,False,False,False,False,True
0,0,39,1,0,0,0,0,0,0,0,0,20.15,826.0,0,30,0,0,2007,29340,False,True,False,True,False,False,True
0,1,12,1,0,0,0,0,0,0,0,1,19.2,239.0,0,39,1,1,3101,24924,False,True,False,False,False,True,False
0,0,12,1,0,0,0,0,1,1,0,1,59.8,727.8,1,44,0,0,4581,18884,False,False,True,False,False,True,False
0,0,72,1,1,0,1,1,0,1,1,1,104.95,7544.3,0,45,0,0,5760,291,True,False,True,False,False,True,False
1,1,63,1,1,0,1,1,0,1,1,1,103.5,6479.4,0,77,1,0,5187,131,True,False,False,False,False,True,False
0,1,44,1,1,1,0,1,0,0,0,1,84.8,3626.35,0,53,1,0,2770,354,True,False,False,False,True,False,False
0,0,18,1,1,0,0,1,1,0,1,1,95.05,1679.4,0,51,0,0,4524,12465,True,False,False,False,False,False,False
0,0,9,1,0,0,0,0,0,0,0,1,44.2,403.35,1,40,0,0,2029,1632,False,False,False,False,False,False,False
0,0,13,1,0,0,1,0,1,1,1,0,73.35,931.55,0,64,0,0,4645,17018,False,False,False,False,False,False,True
0,1,68,1,0,0,1,0,1,1,0,0,64.1,4326.25,0,23,1,0,5553,799,False,False,False,True,False,False,False
1,0,6,0,0,0,0,0,0,1,1,1,44.4,263.05,0,75,0,0,4611,6242,False,False,False,False,False,True,False
0,0,2,1,0,0,0,0,0,0,0,1,20.05,39.25,0,57,0,0,5191,48690,False,True,False,False,False,False,True
1,1,55,1,1,1,1,0,0,0,0,0,60.0,3316.1,0,67,1,0,4212,14104,False,False,True,False,True,False,False
1,0,1,1,1,0,0,0,0,0,0,1,75.75,75.75,1,79,0,0,5571,48690,True,False,False,False,False,True,False
0,0,38,1,0,0,0,0,0,0,0,1,69.5,2625.25,0,63,0,0,4591,2388,True,False,False,False,True,False,False
0,0,67,1,1,1,1,1,0,1,0,1,102.95,6886.25,1,28,0,0,5620,805,True,False,False,False,True,False,False
0,0,19,1,0,0,0,0,0,1,0,1,78.7,1495.1,0,57,0,0,2464,3663,True,False,False,False,False,False,False
0,0,12,0,0,0,1,1,1,1,1,0,60.65,743.3,0,62,0,0,3740,20486,False,False,True,False,False,True,False
0,0,72,1,0,0,0,0,0,0,0,1,21.15,1419.4,0,30,0,0,5306,2182,False,True,False,True,False,False,False
0,1,24,1,1,1,0,1,1,1,1,1,84.8,1990.5,0,38,1,2,2140,18980,False,False,True,False,False,False,True
0,1,72,1,1,0,1,1,0,1,1,1,103.2,7362.9,0,30,1,2,5560,42,True,False,True,False,True,False,False
0,1,11,0,0,1,0,0,0,0,0,1,29.6,346.45,0,32,1,2,2793,301,False,False,False,False,False,True,False
1,1,4,1,1,0,0,0,0,0,0,1,74.4,306.6,1,75,1,0,5839,42239,True,False,False,False,False,False,True
0,0,66,1,0,1,0,1,1,1,1,1,105.65,6844.5,0,44,0,0,5097,28819,True,False,False,True,False,False,False
